ICD10	phecode
A00	008
A00.0	008
A00.1	008
A00.9	008
A01	008
A01.0	008
A01.1	008
A01.2	008
A01.3	008
A01.4	008
A02	008
A02.0	008
A02.1	008
A02.2	008
A02.8	008
A02.9	008
A03	008
A03.0	008
A03.1	008
A03.2	008
A03.3	008
A03.8	008
A03.9	008
A04.0	008
A04.1	008
A04.2	008
A04.3	008
A04.4	008
A04.5	008
A04.6	008
A04.7	008
A04.8	008
A04.9	008
A05.0	008
A05.1	008
A05.2	008
A05.3	008
A05.4	008
A05.8	008
A05.9	008
A06	008
A06.0	008
A06.1	008
A06.2	008
A06.3	008
A06.4	008
A06.5	008
A06.6	008
A06.7	008
A06.8	008
A06.9	008
A07	008
A07.0	008
A07.1	008
A07.2	008
A07.3	008
A07.8	008
A07.9	008
A08	008
A08.0	008
A08.1	008
A08.2	008
A08.3	008
A08.4	008
A08.5	008
A09	008
A09.0	008
A09.9	008
A21.3	008
A22.2	008
A01.0	008.5
A02	008.5
A02.0	008.5
A02.1	008.5
A02.2	008.5
A02.8	008.5
A02.9	008.5
A03	008.5
A03.0	008.5
A03.1	008.5
A03.2	008.5
A03.3	008.5
A03.8	008.5
A03.9	008.5
A04.0	008.5
A04.1	008.5
A04.2	008.5
A04.3	008.5
A04.4	008.5
A04.5	008.5
A04.6	008.5
A04.7	008.5
A04.8	008.5
A04.9	008.5
A05.0	008.5
A05.1	008.5
A05.2	008.5
A05.3	008.5
A05.4	008.5
A05.8	008.5
A04.0	008.51
A04.1	008.51
A04.2	008.51
A04.3	008.51
A04.4	008.51
A04.7	008.52
A08	008.6
A08.0	008.6
A08.1	008.6
A08.2	008.6
A08.3	008.6
A08.4	008.6
A08.5	008.6
A06.1	008.7
A07.0	008.7
A07.1	008.7
A07.2	008.7
A07.8	008.7
A15.0	010
A15.1	010
A15.2	010
A15.3	010
A15.4	010
A15.5	010
A15.6	010
A15.7	010
A16	010
A16.0	010
A16.1	010
A16.2	010
A16.3	010
A16.4	010
A16.5	010
A16.7	010
A16.8	010
A16.9	010
A17	010
A17.0	010
A17.1	010
A17.8	010
A17.9	010
A18	010
A18.0	010
A18.1	010
A18.2	010
A18.3	010
A18.4	010
A18.5	010
A18.6	010
A18.7	010
A18.8	010
A19	010
A19.0	010
A19.1	010
A19.2	010
A19.8	010
A19.9	010
B90	010
B90.0	010
B90.1	010
B90.2	010
B90.8	010
B90.9	010
K67.3	010
M01.1	010
M01.10	010
M01.11	010
M01.12	010
M01.13	010
M01.14	010
M01.15	010
M01.16	010
M01.17	010
M01.18	010
M01.19	010
M49.0	010
M49.00	010
M49.01	010
M49.02	010
M49.03	010
M49.04	010
M49.05	010
M49.06	010
M49.07	010
M49.08	010
M49.09	010
M90.0	010
M90.00	010
M90.01	010
M90.02	010
M90.03	010
M90.04	010
M90.05	010
M90.06	010
M90.07	010
M90.08	010
M90.09	010
N33.0	010
N74.1	010
A30	031
A30.0	031
A30.1	031
A30.2	031
A30.3	031
A30.4	031
A30.5	031
A30.8	031
A30.9	031
A31.8	031
A31.9	031
A30	031.1
A30.0	031.1
A30.1	031.1
A30.2	031.1
A30.3	031.1
A30.4	031.1
A30.5	031.1
A30.8	031.1
A30.9	031.1
A02.1	038
A20.7	038
A22.7	038
A39.2	038
A39.3	038
A39.4	038
A40	038
A40.0	038
A40.1	038
A40.2	038
A40.3	038
A40.8	038
A40.9	038
A41.0	038
A41.1	038
A41.2	038
A41.3	038
A41.4	038
A41.5	038
A41.8	038
A41.9	038
B00.7	038
A02.1	038.1
A20.7	038.1
A39.2	038.1
A39.3	038.1
A39.4	038.1
A40	038.1
A40.0	038.1
A40.1	038.1
A40.2	038.1
A40.3	038.1
A40.8	038.1
A40.9	038.1
A41.3	038.1
A41.5	038.1
A22.7	038.2
A40.3	038.2
A41.0	038.2
A41.1	038.2
A41.2	038.2
A15.9	041
A20	041
A20.0	041
A20.1	041
A20.2	041
A20.3	041
A20.7	041
A20.8	041
A20.9	041
A21	041
A21.0	041
A21.1	041
A21.2	041
A21.3	041
A21.7	041
A21.8	041
A21.9	041
A22	041
A22.0	041
A22.1	041
A22.2	041
A22.7	041
A22.8	041
A22.9	041
A23	041
A23.0	041
A23.1	041
A23.2	041
A23.3	041
A23.8	041
A23.9	041
A24	041
A24.0	041
A24.1	041
A24.2	041
A24.3	041
A24.4	041
A25	041
A25.0	041
A25.1	041
A25.9	041
A26	041
A26.0	041
A26.7	041
A26.8	041
A26.9	041
A28.0	041
A28.2	041
A28.8	041
A28.9	041
A32	041
A32.0	041
A32.1	041
A32.7	041
A32.8	041
A32.9	041
A35	041
A36	041
A36.0	041
A36.1	041
A36.2	041
A36.3	041
A36.8	041
A36.9	041
A37	041
A37.0	041
A37.1	041
A37.8	041
A37.9	041
A38	041
A39	041
A39.0	041
A39.1	041
A39.2	041
A39.3	041
A39.4	041
A39.5	041
A39.8	041
A39.9	041
A42	041
A42.0	041
A42.1	041
A42.2	041
A42.7	041
A42.8	041
A42.9	041
A43	041
A43.0	041
A43.1	041
A43.8	041
A43.9	041
A48.0	041
A48.2	041
A48.3	041
A48.4	041
A48.8	041
A49	041
A49.0	041
A49.1	041
A49.2	041
A49.3	041
A49.8	041
A49.9	041
B47	041
B47.0	041
B47.1	041
B47.9	041
B95.0	041
B95.1	041
B95.2	041
B95.3	041
B95.4	041
B95.5	041
B95.6	041
B95.7	041
B95.8	041
B96.2	041
B96.3	041
B96.4	041
B96.5	041
B96.6	041
B96.7	041
B96.8	041
I00	041
I02	041
I02.0	041
I02.9	041
J20.0	041
J20.2	041
M00.0	041
M00.00	041
M00.01	041
M00.02	041
M00.03	041
M00.04	041
M00.05	041
M00.06	041
M00.07	041
M00.08	041
M00.09	041
M00.1	041
M00.10	041
M00.11	041
M00.12	041
M00.13	041
M00.14	041
M00.15	041
M00.16	041
M00.17	041
M00.18	041
M00.19	041
M00.2	041
M00.20	041
M00.21	041
M00.22	041
M00.23	041
M00.24	041
M00.25	041
M00.26	041
M00.27	041
M00.28	041
M00.29	041
A49.0	041.1
B95.6	041.1
B95.7	041.1
B95.8	041.1
M00.0	041.1
M00.00	041.1
M00.01	041.1
M00.02	041.1
M00.03	041.1
M00.04	041.1
M00.05	041.1
M00.06	041.1
M00.07	041.1
M00.08	041.1
M00.09	041.1
A38	041.2
A49.1	041.2
B95.0	041.2
B95.1	041.2
B95.2	041.2
B95.3	041.2
B95.4	041.2
B95.5	041.2
I00	041.2
I02	041.2
I02.0	041.2
I02.9	041.2
J20.2	041.2
M00.2	041.2
M00.20	041.2
M00.21	041.2
M00.22	041.2
M00.23	041.2
M00.24	041.2
M00.25	041.2
M00.26	041.2
M00.27	041.2
M00.28	041.2
M00.29	041.2
I00	041.21
I02	041.21
I02.0	041.21
I02.9	041.21
B96.2	041.4
B02	053
B02.0	053
B02.1	053
B02.2	053
B02.3	053
B02.7	053
B02.8	053
B02.9	053
G53.0	053
B02.2	053.1
G53.0	053.1
A60	054
A60.0	054
A60.1	054
A60.9	054
B00	054
B00.0	054
B00.1	054
B00.2	054
B00.3	054
B00.4	054
B00.5	054
B00.7	054
B00.8	054
B00.9	054
B08.2	054
B15.0	070
B15.9	070
B16	070
B16.0	070
B16.1	070
B16.2	070
B16.9	070
B17.0	070
B17.1	070
B17.2	070
B17.8	070
B18	070
B18.0	070
B18.1	070
B18.2	070
B18.8	070
B18.9	070
B19	070
B19.0	070
B19.9	070
B25.1	070
Z22.5	070
B15.0	070.1
B15.9	070.1
B16	070.2
B16.0	070.2
B16.1	070.2
B16.2	070.2
B16.9	070.2
B18.0	070.2
B18.1	070.2
B17.1	070.3
B18.2	070.3
K73	070.4
K73.0	070.4
K73.1	070.4
K73.2	070.4
K73.8	070.4
K73.9	070.4
K75.4	070.4
K71	070.9
K71.0	070.9
K71.1	070.9
K71.2	070.9
K71.3	070.9
K71.4	070.9
K71.5	070.9
K71.6	070.9
K71.7	070.9
K71.8	070.9
K71.9	070.9
K75.2	070.9
K75.3	070.9
K75.8	070.9
K75.9	070.9
K76.4	070.9
B20.0	071
B20.1	071
B20.2	071
B20.3	071
B20.6	071
B20.8	071
B21.1	071
B21.2	071
B21.3	071
B21.8	071
B22.7	071
B23.2	071
B23.8	071
B24	071
B20.0	071.1
B20.1	071.1
B20.2	071.1
B20.3	071.1
B20.6	071.1
B20.8	071.1
B21.1	071.1
B21.2	071.1
B21.3	071.1
B21.8	071.1
B22.7	071.1
B23.2	071.1
B23.8	071.1
B24	071.1
A63.0	078
B07	078
A28.1	079
A70	079
A74	079
A74.0	079
A74.8	079
A74.9	079
A82	079
A82.0	079
A82.1	079
A82.9	079
A90	079
A91	079
A92	079
A92.0	079
A92.1	079
A92.2	079
A92.3	079
A92.4	079
A92.8	079
A92.9	079
A93	079
A93.0	079
A93.1	079
A93.2	079
A93.8	079
A94	079
A95	079
A95.0	079
A95.1	079
A95.9	079
A96	079
A96.0	079
A96.1	079
A96.2	079
A96.8	079
A96.9	079
A98	079
A98.0	079
A98.1	079
A98.2	079
A98.3	079
A98.4	079
A98.5	079
A98.8	079
A99	079
B01	079
B01.0	079
B01.1	079
B01.2	079
B01.8	079
B01.9	079
B03	079
B04	079
B05	079
B05.0	079
B05.1	079
B05.2	079
B05.3	079
B05.4	079
B05.8	079
B05.9	079
B06	079
B06.0	079
B06.8	079
B06.9	079
B08.0	079
B08.1	079
B08.3	079
B08.4	079
B08.5	079
B08.8	079
B09	079
B25	079
B25.0	079
B25.1	079
B25.2	079
B25.8	079
B25.9	079
B26	079
B26.0	079
B26.1	079
B26.2	079
B26.3	079
B26.8	079
B26.9	079
B27	079
B27.0	079
B27.1	079
B27.8	079
B27.9	079
B33.0	079
B33.1	079
B33.3	079
B33.8	079
B34	079
B34.0	079
B34.1	079
B34.2	079
B34.3	079
B34.4	079
B34.8	079
B34.9	079
B97.0	079
B97.1	079
B97.3	079
B97.4	079
B97.5	079
B97.6	079
B97.7	079
B97.8	079
H81.2	079
J20.3	079
J20.5	079
J20.6	079
J20.7	079
K67.0	079
L44.4	079
B01	079.1
B01.0	079.1
B01.1	079.1
B01.2	079.1
B01.8	079.1
B01.9	079.1
B27	079.2
B27.0	079.2
B27.1	079.2
B27.8	079.2
B27.9	079.2
N98.0	080
T81.4	080
T88.0	080
T84.6	081
T84.7	081
T85.7	081
A50	090
A50.0	090
A50.1	090
A50.2	090
A50.3	090
A50.4	090
A50.5	090
A50.6	090
A50.7	090
A50.9	090
A51	090
A51.0	090
A51.1	090
A51.2	090
A51.3	090
A51.4	090
A51.5	090
A51.9	090
A52	090
A52.0	090
A52.1	090
A52.2	090
A52.3	090
A52.7	090
A52.8	090
A52.9	090
A53	090
A53.0	090
A53.9	090
A54	090
A54.0	090
A54.1	090
A54.2	090
A54.3	090
A54.4	090
A54.5	090
A54.6	090
A54.8	090
A54.9	090
A55	090
A56.0	090
A56.2	090
A56.3	090
A56.4	090
A56.8	090
A57	090
A58	090
A63.8	090
A64	090
I98.0	090
K67.1	090
K67.2	090
M73.0	090
M73.00	090
M73.01	090
M73.02	090
M73.03	090
M73.04	090
M73.05	090
M73.06	090
M73.07	090
M73.08	090
M73.09	090
N34.1	090
N74.2	090
N74.3	090
A54	090.2
A54.0	090.2
A54.1	090.2
A54.2	090.2
A54.3	090.2
A54.4	090.2
A54.5	090.2
A54.6	090.2
A54.8	090.2
A54.9	090.2
K67.1	090.2
M73.0	090.2
M73.00	090.2
M73.01	090.2
M73.02	090.2
M73.03	090.2
M73.04	090.2
M73.05	090.2
M73.06	090.2
M73.07	090.2
M73.08	090.2
M73.09	090.2
N74.3	090.2
A56.0	090.3
A56.2	090.3
A56.3	090.3
A56.4	090.3
A56.8	090.3
T20.0	1000
T20.1	1000
T20.2	1000
T20.3	1000
T20.4	1000
T20.5	1000
T20.7	1000
T21	1000
T21.0	1000
T21.1	1000
T21.2	1000
T21.3	1000
T21.4	1000
T21.5	1000
T21.6	1000
T21.7	1000
T22	1000
T22.0	1000
T22.1	1000
T22.2	1000
T22.3	1000
T22.4	1000
T22.5	1000
T22.6	1000
T22.7	1000
T23	1000
T23.0	1000
T23.1	1000
T23.2	1000
T23.3	1000
T23.4	1000
T23.5	1000
T23.6	1000
T23.7	1000
T24	1000
T24.0	1000
T24.1	1000
T24.2	1000
T24.3	1000
T24.4	1000
T24.5	1000
T24.6	1000
T24.7	1000
T25	1000
T25.0	1000
T25.1	1000
T25.2	1000
T25.3	1000
T25.4	1000
T25.5	1000
T25.6	1000
T25.7	1000
T26	1000
T26.0	1000
T26.1	1000
T26.2	1000
T26.3	1000
T26.4	1000
T26.5	1000
T26.6	1000
T26.7	1000
T26.8	1000
T26.9	1000
T27	1000
T27.0	1000
T27.1	1000
T27.2	1000
T27.3	1000
T27.4	1000
T27.5	1000
T27.6	1000
T27.7	1000
T28	1000
T28.0	1000
T28.1	1000
T28.2	1000
T28.3	1000
T28.4	1000
T28.5	1000
T28.6	1000
T28.7	1000
T28.8	1000
T28.9	1000
T29.0	1000
T29.1	1000
T29.2	1000
T29.3	1000
T29.4	1000
T29.7	1000
T30	1000
T30.0	1000
T30.1	1000
T30.2	1000
T30.3	1000
T30.4	1000
T30.5	1000
T30.6	1000
T30.7	1000
T31	1000
T31.0	1000
T31.1	1000
T31.2	1000
T31.3	1000
T31.4	1000
T31.5	1000
T31.6	1000
T31.7	1000
T31.8	1000
T31.9	1000
T32	1000
T32.0	1000
T32.1	1000
T32.2	1000
T32.3	1000
T32.4	1000
T32.5	1000
T32.6	1000
T32.7	1000
T32.8	1000
T32.9	1000
T95.0	1000
T95.2	1000
T95.8	1000
T95.9	1000
H05.5	1001
H44.6	1001
H44.7	1001
M79.5	1001
M79.50	1001
M79.51	1001
M79.52	1001
M79.53	1001
M79.54	1001
M79.55	1001
M79.56	1001
M79.57	1001
M79.58	1001
M79.59	1001
S05.4	1001
S05.5	1001
T15	1001
T15.0	1001
T15.1	1001
T15.8	1001
T15.9	1001
T16	1001
T17	1001
T17.0	1001
T17.1	1001
T17.2	1001
T17.3	1001
T17.4	1001
T17.5	1001
T17.8	1001
T17.9	1001
T18	1001
T18.0	1001
T18.1	1001
T18.2	1001
T18.3	1001
T18.4	1001
T18.5	1001
T18.8	1001
T18.9	1001
T19	1001
T19.0	1001
T19.1	1001
T19.2	1001
T19.3	1001
T19.8	1001
T19.9	1001
E43	1002
R63.3	1002
R63.4	1002
R45.0	1004
R45.3	1004
R45.4	1004
R45.8	1004
R52.1	1005
R68	1005
R68.0	1005
R68.1	1005
R68.2	1005
R68.3	1005
R68.8	1005
S07	1006
S07.0	1006
S07.1	1006
S07.8	1006
S07.9	1006
S17	1006
S17.0	1006
S17.8	1006
S17.9	1006
S28.0	1006
S38.0	1006
S47	1006
S57	1006
S57.0	1006
S57.7	1006
S57.8	1006
S57.9	1006
S67	1006
S67.0	1006
S67.8	1006
S77	1006
S77.0	1006
S77.1	1006
S77.2	1006
S87	1006
S87.0	1006
S87.8	1006
S97	1006
S97.0	1006
S97.1	1006
S97.8	1006
T04	1006
T04.0	1006
T04.1	1006
T04.2	1006
T04.3	1006
T04.4	1006
T04.7	1006
T04.8	1006
T04.9	1006
T92.6	1006
S15	1007
S15.0	1007
S15.1	1007
S15.2	1007
S15.3	1007
S15.7	1007
S15.8	1007
S15.9	1007
S25	1007
S25.0	1007
S25.1	1007
S25.2	1007
S25.3	1007
S25.4	1007
S25.5	1007
S25.7	1007
S25.8	1007
S25.9	1007
S35	1007
S35.0	1007
S35.1	1007
S35.2	1007
S35.3	1007
S35.4	1007
S35.5	1007
S35.7	1007
S35.8	1007
S35.9	1007
S45	1007
S45.0	1007
S45.1	1007
S45.2	1007
S45.3	1007
S45.7	1007
S45.8	1007
S45.9	1007
S55	1007
S55.0	1007
S55.1	1007
S55.2	1007
S55.7	1007
S55.8	1007
S55.9	1007
S65	1007
S65.0	1007
S65.1	1007
S65.2	1007
S65.3	1007
S65.4	1007
S65.5	1007
S65.7	1007
S65.8	1007
S65.9	1007
S75	1007
S75.0	1007
S75.1	1007
S75.2	1007
S75.7	1007
S75.8	1007
S75.9	1007
S85	1007
S85.0	1007
S85.1	1007
S85.2	1007
S85.3	1007
S85.4	1007
S85.5	1007
S85.7	1007
S85.8	1007
S85.9	1007
S95	1007
S95.0	1007
S95.1	1007
S95.2	1007
S95.7	1007
S95.8	1007
S95.9	1007
T11.4	1007
T13.4	1007
T14.5	1007
S21.1	1008
S26	1008
S26.0	1008
S26.00	1008
S26.01	1008
S26.8	1008
S26.80	1008
S26.81	1008
S26.9	1008
S26.90	1008
S26.91	1008
S27	1008
S27.0	1008
S27.00	1008
S27.01	1008
S27.1	1008
S27.10	1008
S27.11	1008
S27.2	1008
S27.20	1008
S27.21	1008
S27.3	1008
S27.30	1008
S27.31	1008
S27.4	1008
S27.40	1008
S27.41	1008
S27.5	1008
S27.50	1008
S27.51	1008
S27.6	1008
S27.60	1008
S27.61	1008
S27.7	1008
S27.70	1008
S27.71	1008
S27.8	1008
S27.80	1008
S27.81	1008
S27.9	1008
S27.90	1008
S27.91	1008
S31.7	1008
S36	1008
S36.0	1008
S36.00	1008
S36.01	1008
S36.1	1008
S36.10	1008
S36.11	1008
S36.2	1008
S36.20	1008
S36.21	1008
S36.3	1008
S36.30	1008
S36.31	1008
S36.4	1008
S36.40	1008
S36.41	1008
S36.5	1008
S36.50	1008
S36.51	1008
S36.6	1008
S36.60	1008
S36.61	1008
S36.7	1008
S36.70	1008
S36.71	1008
S36.8	1008
S36.80	1008
S36.81	1008
S36.9	1008
S36.90	1008
S36.91	1008
S37	1008
S37.0	1008
S37.00	1008
S37.01	1008
S37.1	1008
S37.10	1008
S37.11	1008
S37.2	1008
S37.20	1008
S37.21	1008
S37.3	1008
S37.30	1008
S37.31	1008
S37.4	1008
S37.40	1008
S37.41	1008
S37.5	1008
S37.50	1008
S37.51	1008
S37.6	1008
S37.60	1008
S37.61	1008
S37.7	1008
S37.70	1008
S37.71	1008
S37.8	1008
S37.80	1008
S37.81	1008
S37.9	1008
S37.90	1008
S37.91	1008
S39.6	1008
T06.5	1008
T91.4	1008
T91.5	1008
S09.0	1009
S09.1	1009
S09.2	1009
S09.7	1009
S09.8	1009
S09.9	1009
S19	1009
S19.7	1009
S19.8	1009
S19.9	1009
S20.8	1009
S21.2	1009
S23.5	1009
S29.0	1009
S29.7	1009
S29.8	1009
S29.9	1009
S33.7	1009
S39.0	1009
S39.9	1009
S42.8	1009
S42.80	1009
S42.81	1009
S43.7	1009
S46.7	1009
S46.8	1009
S46.9	1009
S49	1009
S49.7	1009
S49.8	1009
S49.9	1009
S50.1	1009
S56	1009
S56.0	1009
S56.1	1009
S56.2	1009
S56.20	1009
S56.3	1009
S56.4	1009
S56.5	1009
S56.7	1009
S56.8	1009
S59.8	1009
S59.9	1009
S66.0	1009
S66.1	1009
S66.2	1009
S66.3	1009
S66.4	1009
S66.5	1009
S66.6	1009
S66.7	1009
S66.8	1009
S66.9	1009
S69.8	1009
S69.9	1009
S73.1	1009
S76	1009
S76.0	1009
S76.1	1009
S76.10	1009
S76.2	1009
S76.3	1009
S76.4	1009
S76.7	1009
S79	1009
S79.7	1009
S79.8	1009
S79.9	1009
S81.0	1009
S81.7	1009
S81.8	1009
S83.4	1009
S83.5	1009
S83.6	1009
S83.7	1009
S85.8	1009
S86	1009
S86.0	1009
S86.00	1009
S86.1	1009
S86.2	1009
S86.3	1009
S86.7	1009
S86.8	1009
S86.9	1009
S87.8	1009
S89.7	1009
S89.8	1009
S89.9	1009
S90.3	1009
S91.0	1009
S93.6	1009
S96	1009
S96.0	1009
S96.1	1009
S96.2	1009
S96.7	1009
S96.8	1009
S96.9	1009
S99.7	1009
S99.8	1009
S99.9	1009
T00.8	1009
T01.6	1009
T01.8	1009
T01.9	1009
T02.8	1009
T02.80	1009
T02.81	1009
T04.8	1009
T05.8	1009
T06.4	1009
T07	1009
T09.2	1009
T11.3	1009
T11.5	1009
T11.8	1009
T11.9	1009
T13.1	1009
T14	1009
T14.0	1009
T14.1	1009
T14.2	1009
T14.20	1009
T14.21	1009
T14.3	1009
T14.4	1009
T14.5	1009
T14.6	1009
T14.7	1009
T14.8	1009
T14.9	1009
T90	1009
T90.0	1009
T90.1	1009
T90.2	1009
T90.3	1009
T90.4	1009
T90.5	1009
T90.8	1009
T90.9	1009
V97	1009
V97.0	1009
V97.1	1009
V97.2	1009
V97.3	1009
V97.8	1009
Y36.9	1009
J11.8	1010
L27.0	1010
R76.2	1010
R78.5	1010
R84.0	1010
R84.1	1010
R84.4	1010
R84.5	1010
R84.6	1010
R84.7	1010
R84.8	1010
R85	1010
R85.0	1010
R85.1	1010
R85.2	1010
R85.3	1010
R85.4	1010
R85.5	1010
R85.6	1010
R85.7	1010
R85.8	1010
R85.9	1010
R87	1010
R87.0	1010
R87.1	1010
R87.2	1010
R87.3	1010
R87.4	1010
R87.5	1010
R87.6	1010
R87.7	1010
R87.8	1010
R87.9	1010
R89	1010
R89.0	1010
R89.1	1010
R89.2	1010
R89.3	1010
R89.4	1010
R89.5	1010
R89.6	1010
R89.7	1010
R89.8	1010
R89.9	1010
R90.8	1010
R94	1010
R94.0	1010
R94.1	1010
R94.2	1010
R94.3	1010
R94.4	1010
R94.5	1010
R94.6	1010
R94.7	1010
R94.8	1010
Z01.3	1010
Z01.5	1010
Z03.0	1010
Z20.0	1010
Z20.1	1010
Z20.3	1010
Z20.4	1010
Z20.5	1010
Z23.3	1010
Z23.8	1010
Z24.3	1010
Z24.4	1010
Z24.5	1010
Z24.6	1010
Z25.0	1010
Z26.0	1010
Z43.5	1010
Z47.9	1010
Z51.1	1010
G03.8	1011
G97.0	1011
G97.2	1011
H59.0	1011
H59.8	1011
H59.9	1011
K23.8	1011
N98	1011
N98.0	1011
N98.1	1011
N98.2	1011
N98.3	1011
N98.8	1011
N98.9	1011
S57.8	1011
T80	1011
T80.0	1011
T80.1	1011
T80.2	1011
T80.3	1011
T80.4	1011
T80.5	1011
T80.6	1011
T80.8	1011
T80.9	1011
T81.6	1011
T81.7	1011
T81.8	1011
T81.9	1011
T88	1011
T88.0	1011
T88.1	1011
T88.2	1011
T88.3	1011
T88.4	1011
T88.5	1011
T88.6	1011
T88.7	1011
T88.8	1011
T88.9	1011
V39.5	1011
V49	1011
V49.0	1011
V49.1	1011
V49.2	1011
V49.3	1011
V49.4	1011
V49.5	1011
V49.6	1011
V49.8	1011
V49.81	1011
V49.9	1011
V69.1	1011
Y62.1	1011
Y62.3	1011
Y62.4	1011
Y62.5	1011
Y63.1	1011
Y65.1	1011
Y65.2	1011
Y65.3	1011
Y65.5	1011
Y84.3	1011
T79.9	1012
T95	1012
T95.0	1012
T95.1	1012
T95.2	1012
T95.3	1012
T95.4	1012
T95.8	1012
T95.9	1012
R09.0	1013
T71	1013
T33	1014
T33.0	1014
T33.1	1014
T33.2	1014
T33.3	1014
T33.4	1014
T33.5	1014
T33.6	1014
T33.7	1014
T33.8	1014
T33.9	1014
T34	1014
T34.0	1014
T34.1	1014
T34.2	1014
T34.3	1014
T34.4	1014
T34.5	1014
T34.6	1014
T34.7	1014
T34.8	1014
T34.9	1014
T35.0	1014
T35.1	1014
T35.4	1014
T35.5	1014
T35.7	1014
T67	1014
T67.0	1014
T67.1	1014
T67.2	1014
T67.3	1014
T67.4	1014
T67.5	1014
T67.6	1014
T67.7	1014
T67.8	1014
T67.9	1014
T69	1014
T69.0	1014
T69.1	1014
T69.8	1014
T69.9	1014
T70	1014
T70.0	1014
T70.1	1014
T70.2	1014
T70.3	1014
T70.4	1014
T70.8	1014
T70.9	1014
W40	1014
W40.0	1014
W40.1	1014
W40.2	1014
W40.3	1014
W40.4	1014
W40.5	1014
W40.6	1014
W40.7	1014
W40.8	1014
W40.9	1014
X10	1014
X10.0	1014
X10.1	1014
X10.2	1014
X10.3	1014
X10.4	1014
X10.5	1014
X10.6	1014
X10.7	1014
X10.8	1014
X10.9	1014
X11	1014
X11.0	1014
X11.1	1014
X11.2	1014
X11.3	1014
X11.4	1014
X11.5	1014
X11.6	1014
X11.7	1014
X11.8	1014
X11.9	1014
X12	1014
X12.0	1014
X12.1	1014
X12.2	1014
X12.3	1014
X12.4	1014
X12.5	1014
X12.6	1014
X12.62	1014
X12.7	1014
X12.8	1014
X12.9	1014
X12.98	1014
X15	1014
X15.0	1014
X15.03	1014
X15.1	1014
X15.2	1014
X15.3	1014
X15.4	1014
X15.5	1014
X15.6	1014
X15.7	1014
X15.8	1014
X15.9	1014
X16	1014
X16.0	1014
X16.1	1014
X16.2	1014
X16.3	1014
X16.4	1014
X16.5	1014
X16.6	1014
X16.7	1014
X16.8	1014
X16.9	1014
X17	1014
X17.0	1014
X17.1	1014
X17.2	1014
X17.3	1014
X17.4	1014
X17.5	1014
X17.6	1014
X17.7	1014
X17.8	1014
X17.9	1014
X18	1014
X18.0	1014
X18.1	1014
X18.2	1014
X18.3	1014
X18.4	1014
X18.5	1014
X18.6	1014
X18.62	1014
X18.7	1014
X18.8	1014
X18.9	1014
X30	1014
X30.0	1014
X30.1	1014
X30.2	1014
X30.3	1014
X30.4	1014
X30.5	1014
X30.6	1014
X30.7	1014
X30.8	1014
X30.9	1014
X31	1014
X31.0	1014
X31.1	1014
X31.2	1014
X31.3	1014
X31.4	1014
X31.5	1014
X31.6	1014
X31.7	1014
X31.8	1014
X31.9	1014
X32	1014
X32.0	1014
X32.1	1014
X32.2	1014
X32.3	1014
X32.4	1014
X32.5	1014
X32.6	1014
X32.7	1014
X32.8	1014
X32.9	1014
T02.9	1015
T02.90	1015
T02.91	1015
T73	1015
T73.0	1015
T73.1	1015
T73.2	1015
T73.3	1015
T73.8	1015
T73.9	1015
T74.1	1015
T74.3	1015
T75	1015
T75.0	1015
T75.1	1015
T75.2	1015
T75.3	1015
T75.4	1015
T75.8	1015
T78	1015
T78.0	1015
T78.1	1015
T78.2	1015
T78.3	1015
T78.4	1015
T78.8	1015
T78.9	1015
T81.2	1015
T81.3	1015
T81.5	1015
X58	1015
X58.0	1015
X58.01	1015
X58.1	1015
X58.2	1015
X58.3	1015
X58.4	1015
X58.5	1015
X58.6	1015
X58.7	1015
X58.8	1015
X58.89	1015
X58.9	1015
O96	1019
O96.0	1019
O96.1	1019
O96.9	1019
R44	1019
R44.0	1019
R44.1	1019
R44.2	1019
R44.3	1019
R44.8	1019
R46	1019
R46.0	1019
R46.1	1019
R46.2	1019
R46.3	1019
R46.4	1019
R46.5	1019
R46.6	1019
R46.7	1019
R46.8	1019
R69	1019
B35	110
B35.0	110
B35.1	110
B35.2	110
B35.3	110
B35.4	110
B35.5	110
B35.6	110
B35.8	110
B35.9	110
B36	110
B36.0	110
B36.1	110
B36.2	110
B36.3	110
B36.8	110
B36.9	110
B35	110.1
B35.0	110.1
B35.1	110.1
B35.2	110.1
B35.3	110.1
B35.4	110.1
B35.5	110.1
B35.6	110.1
B35.8	110.1
B35.9	110.1
B36.9	110.1
B35.1	110.11
B35.3	110.12
B35.4	110.13
B35.5	110.13
B35.6	110.13
B36	110.2
B36.0	110.2
B36.1	110.2
B36.2	110.2
B36.3	110.2
B36.8	110.2
B36.9	110.2
Z83	1100
Z83.0	1100
Z83.1	1100
Z83.2	1100
Z83.3	1100
Z83.4	1100
Z83.5	1100
Z83.6	1100
Z83.7	1100
B20.4	112
B37	112
B37.0	112
B37.1	112
B37.2	112
B37.3	112
B37.4	112
B37.5	112
B37.6	112
B37.7	112
B37.8	112
B37.9	112
B37.2	112.3
B38	117
B38.0	117
B38.1	117
B38.2	117
B38.3	117
B38.4	117
B38.7	117
B38.8	117
B38.9	117
B39	117
B39.0	117
B39.1	117
B39.2	117
B39.3	117
B39.4	117
B39.5	117
B39.9	117
B40	117
B40.0	117
B40.1	117
B40.2	117
B40.3	117
B40.7	117
B40.8	117
B40.9	117
B41	117
B41.0	117
B41.7	117
B41.8	117
B41.9	117
B42	117
B42.0	117
B42.1	117
B42.7	117
B42.8	117
B42.9	117
B43.0	117
B43.1	117
B43.2	117
B43.8	117
B43.9	117
B44	117
B44.0	117
B44.1	117
B44.2	117
B44.7	117
B44.8	117
B44.9	117
B45	117
B45.0	117
B45.1	117
B45.2	117
B45.3	117
B45.7	117
B45.8	117
B45.9	117
B46	117
B46.0	117
B46.1	117
B46.2	117
B46.3	117
B46.4	117
B46.5	117
B46.8	117
B46.9	117
B47.0	117
B48.0	117
B48.1	117
B48.2	117
B48.3	117
B48.4	117
B48.7	117
B48.8	117
B49	117
B39	117.1
B39.0	117.1
B39.1	117.1
B39.2	117.1
B39.3	117.1
B39.4	117.1
B39.5	117.1
B39.9	117.1
B38	117.2
B38.0	117.2
B38.1	117.2
B38.2	117.2
B38.3	117.2
B38.4	117.2
B38.7	117.2
B38.8	117.2
B38.9	117.2
B40	117.3
B40.0	117.3
B40.1	117.3
B40.2	117.3
B40.3	117.3
B40.7	117.3
B40.8	117.3
B40.9	117.3
B41	117.3
B41.0	117.3
B41.7	117.3
B41.8	117.3
B41.9	117.3
B48.0	117.3
B44	117.4
B44.0	117.4
B44.1	117.4
B44.2	117.4
B44.7	117.4
B44.8	117.4
B44.9	117.4
B48.4	117.4
A27	130
A27.0	130
A27.8	130
A27.9	130
A65	130
A66	130
A66.0	130
A66.1	130
A66.2	130
A66.3	130
A66.4	130
A66.5	130
A66.6	130
A66.7	130
A66.8	130
A66.9	130
A67	130
A67.0	130
A67.1	130
A67.2	130
A67.3	130
A67.9	130
A68	130
A68.0	130
A68.1	130
A68.9	130
A69	130
A69.0	130
A69.1	130
A69.2	130
A69.8	130
A69.9	130
A69.2	130.1
A59	131
A59.0	131
A59.8	131
A59.9	131
B58	131
B58.0	131
B58.1	131
B58.2	131
B58.3	131
B58.8	131
B58.9	131
B85	132
B85.0	132
B85.1	132
B85.2	132
B85.3	132
B85.4	132
B86	132
B87	132
B87.0	132
B87.1	132
B87.2	132
B87.3	132
B87.4	132
B87.8	132
B87.9	132
B88	132
B88.0	132
B88.1	132
B88.2	132
B88.3	132
B88.8	132
B88.9	132
B85	132.1
B85.0	132.1
B85.1	132.1
B85.2	132.1
B85.3	132.1
B85.4	132.1
A44	133
A44.0	133
A44.1	133
A44.8	133
A44.9	133
B50	133
B50.0	133
B50.8	133
B50.9	133
B51	133
B51.0	133
B51.8	133
B51.9	133
B52	133
B52.0	133
B52.8	133
B52.9	133
B53.0	133
B53.1	133
B53.8	133
B54	133
B55	133
B55.0	133
B55.1	133
B55.2	133
B55.9	133
B56	133
B56.0	133
B56.1	133
B56.9	133
B57	133
B57.0	133
B57.1	133
B57.2	133
B57.3	133
B57.4	133
B57.5	133
B60.0	133
K23.1	133
K93.1	133
B65	134
B65.0	134
B65.1	134
B65.2	134
B65.3	134
B65.8	134
B65.9	134
B66	134
B66.0	134
B66.1	134
B66.2	134
B66.3	134
B66.4	134
B66.5	134
B66.8	134
B66.9	134
B67	134
B67.0	134
B67.1	134
B67.2	134
B67.3	134
B67.4	134
B67.5	134
B67.6	134
B67.7	134
B67.8	134
B67.9	134
B68	134
B68.0	134
B68.1	134
B68.9	134
B69	134
B69.0	134
B69.1	134
B69.8	134
B69.9	134
B70	134
B70.0	134
B70.1	134
B71	134
B71.0	134
B71.1	134
B71.8	134
B71.9	134
B72	134
B73	134
B74	134
B74.0	134
B74.1	134
B74.2	134
B74.3	134
B74.4	134
B74.8	134
B74.9	134
B75	134
B76	134
B76.0	134
B76.1	134
B76.8	134
B76.9	134
B77	134
B77.0	134
B77.8	134
B77.9	134
B78	134
B78.0	134
B78.1	134
B78.7	134
B78.9	134
B79	134
B80	134
B81	134
B81.0	134
B81.1	134
B81.2	134
B81.3	134
B81.4	134
B81.8	134
B82	134
B82.0	134
B82.9	134
B83	134
B83.0	134
B83.1	134
B83.2	134
B83.3	134
B83.4	134
B83.8	134
B83.9	134
B67	134.1
B67.0	134.1
B67.1	134.1
B67.2	134.1
B67.3	134.1
B67.4	134.1
B67.5	134.1
B67.6	134.1
B67.7	134.1
B67.8	134.1
B67.9	134.1
B68	134.1
B68.0	134.1
B68.1	134.1
B68.9	134.1
B69	134.1
B69.0	134.1
B69.1	134.1
B69.8	134.1
B69.9	134.1
B70	134.1
B70.0	134.1
B70.1	134.1
B71	134.1
B71.0	134.1
B71.1	134.1
B71.8	134.1
B71.9	134.1
B75	134.1
B77	134.1
B77.0	134.1
B77.8	134.1
B77.9	134.1
B78	134.1
B78.0	134.1
B78.1	134.1
B78.7	134.1
B78.9	134.1
B79	134.1
B80	134.1
B81	134.1
B81.0	134.1
B81.1	134.1
B81.2	134.1
B81.3	134.1
B81.4	134.1
B81.8	134.1
B82.0	134.1
B83	134.1
B83.0	134.1
B83.1	134.1
B83.2	134.1
B83.3	134.1
B83.4	134.1
B83.8	134.1
B83.9	134.1
A75	136
A75.0	136
A75.1	136
A75.2	136
A75.3	136
A75.9	136
A77	136
A77.0	136
A77.1	136
A77.2	136
A77.3	136
A77.8	136
A77.9	136
A79	136
A79.0	136
A79.1	136
A79.8	136
A79.9	136
B20.7	136
B23.0	136
B60.1	136
B60.2	136
B60.8	136
B64	136
B83.4	136
B88.3	136
B89	136
B92	136
B94.2	136
B94.8	136
B94.9	136
B99	136
J17.3	136
L94.6	136
C00	145
C00.0	145
C00.1	145
C00.2	145
C00.3	145
C00.4	145
C00.5	145
C00.6	145
C00.8	145
C00.9	145
C01	145
C02	145
C02.0	145
C02.1	145
C02.2	145
C02.3	145
C02.4	145
C02.8	145
C02.9	145
C03	145
C03.0	145
C03.1	145
C03.9	145
C04	145
C04.0	145
C04.1	145
C04.8	145
C04.9	145
C05	145
C05.0	145
C05.1	145
C05.2	145
C05.8	145
C05.9	145
C06	145
C06.0	145
C06.1	145
C06.2	145
C06.8	145
C06.9	145
C07	145
C08	145
C08.0	145
C08.1	145
C08.8	145
C08.9	145
D00.0	145
C00	145.1
C00.0	145.1
C00.1	145.1
C00.2	145.1
C00.3	145.1
C00.4	145.1
C00.5	145.1
C00.6	145.1
C00.8	145.1
C00.9	145.1
C01	145.2
C02	145.2
C02.0	145.2
C02.1	145.2
C02.2	145.2
C02.3	145.2
C02.4	145.2
C02.8	145.2
C02.9	145.2
C07	145.3
C08	145.3
C08.0	145.3
C08.1	145.3
C08.8	145.3
C08.9	145.3
C03	145.4
C03.0	145.4
C03.1	145.4
C03.9	145.4
C04	145.5
C04.0	145.5
C04.1	145.5
C04.8	145.5
C04.9	145.5
C09	149
C09.0	149
C09.1	149
C09.8	149
C09.9	149
C10	149
C10.0	149
C10.1	149
C10.2	149
C10.3	149
C10.4	149
C10.8	149
C10.9	149
C11	149
C11.0	149
C11.1	149
C11.2	149
C11.3	149
C11.8	149
C11.9	149
C12	149
C13	149
C13.0	149
C13.1	149
C13.2	149
C13.8	149
C13.9	149
C14	149
C14.0	149
C14.2	149
C14.8	149
C30.0	149
C30.1	149
C31	149
C31.0	149
C31.1	149
C31.2	149
C31.3	149
C31.8	149
C31.9	149
C32	149
C32.0	149
C32.1	149
C32.2	149
C32.3	149
C32.8	149
C32.9	149
D02.0	149
C09	149.1
C09.0	149.1
C09.1	149.1
C09.8	149.1
C09.9	149.1
C10	149.1
C10.0	149.1
C10.1	149.1
C10.2	149.1
C10.3	149.1
C10.4	149.1
C10.8	149.1
C10.9	149.1
C11	149.2
C11.0	149.2
C11.1	149.2
C11.2	149.2
C11.3	149.2
C11.8	149.2
C11.9	149.2
C12	149.3
C13	149.3
C13.0	149.3
C13.1	149.3
C13.2	149.3
C13.8	149.3
C13.9	149.3
C32	149.4
C32.0	149.4
C32.1	149.4
C32.2	149.4
C32.3	149.4
C32.8	149.4
C32.9	149.4
D02.0	149.4
C30.0	149.9
C30.1	149.9
C31	149.9
C31.0	149.9
C31.1	149.9
C31.2	149.9
C31.3	149.9
C31.8	149.9
C31.9	149.9
C15	150
C15.0	150
C15.1	150
C15.2	150
C15.3	150
C15.4	150
C15.5	150
C15.8	150
C15.9	150
D00.1	150
C16	151
C16.0	151
C16.1	151
C16.2	151
C16.3	151
C16.4	151
C16.5	151
C16.6	151
C16.8	151
C16.9	151
D00.2	151
C18	153
C18.0	153
C18.1	153
C18.2	153
C18.3	153
C18.4	153
C18.5	153
C18.6	153
C18.7	153
C18.8	153
C18.9	153
C19	153
C20	153
C21.0	153
C21.1	153
C21.2	153
C21.8	153
C26.0	153
D01.0	153
D01.1	153
D01.2	153
D01.3	153
C18	153.2
C18.0	153.2
C18.1	153.2
C18.2	153.2
C18.3	153.2
C18.4	153.2
C18.5	153.2
C18.6	153.2
C18.7	153.2
C18.8	153.2
C18.9	153.2
C26.0	153.2
D01.0	153.2
C19	153.3
C20	153.3
C21.0	153.3
C21.1	153.3
D01.1	153.3
D01.2	153.3
D01.3	153.3
C22	155
C22.0	155
C22.1	155
C22.2	155
C22.3	155
C22.4	155
C22.7	155
C22.9	155
D01.5	155
C22.0	155.1
C22.2	155.1
C22.3	155.1
C22.4	155.1
C22.7	155.1
C25	157
C25.0	157
C25.1	157
C25.2	157
C25.3	157
C25.4	157
C25.7	157
C25.8	157
C25.9	157
D37.0	158
D37.1	158
D37.2	158
D37.3	158
D37.4	158
D37.5	158
D37.7	158
D37.9	158
C17	159
C17.0	159
C17.1	159
C17.2	159
C17.3	159
C17.8	159
C17.9	159
C23	159
C24	159
C24.0	159
C24.1	159
C24.8	159
C24.9	159
C26.1	159
C26.8	159
C26.9	159
C45.1	159
C48	159
C48.0	159
C48.1	159
C48.2	159
C48.8	159
D01	159
D01.0	159
D01.1	159
D01.2	159
D01.3	159
D01.4	159
D01.5	159
D01.7	159
D01.9	159
Z85.0	159
Z85.02	159
C17	159.2
C17.0	159.2
C17.1	159.2
C17.2	159.2
C17.3	159.2
C17.8	159.2
C17.9	159.2
D01.4	159.2
C23	159.3
C24	159.3
C24.0	159.3
C24.1	159.3
C24.8	159.3
C24.9	159.3
C45.1	159.4
C48	159.4
C48.0	159.4
C48.1	159.4
C48.2	159.4
C48.8	159.4
C37	164
C38.0	164
C38.1	164
C38.2	164
C38.3	164
C38.8	164
C45.2	164
C76.1	164
C33	165
C34	165
C34.0	165
C34.1	165
C34.2	165
C34.3	165
C34.8	165
C34.9	165
C38.4	165
C39	165
C39.0	165
C39.8	165
C39.9	165
C45.0	165
D02.1	165
D02.2	165
D02.3	165
D02.4	165
Z85.1	165
Z85.2	165
C33	165.1
C34	165.1
C34.0	165.1
C34.1	165.1
C34.2	165.1
C34.3	165.1
C34.8	165.1
C34.9	165.1
D02.2	165.1
Z85.1	165.1
C40	170
C40.0	170
C40.1	170
C40.2	170
C40.3	170
C40.8	170
C40.9	170
C41	170
C41.0	170
C41.1	170
C41.2	170
C41.3	170
C41.4	170
C41.8	170
C41.9	170
C47	170
C47.0	170
C47.1	170
C47.2	170
C47.3	170
C47.4	170
C47.5	170
C47.6	170
C47.8	170
C47.9	170
C49	170
C49.0	170
C49.1	170
C49.2	170
C49.3	170
C49.4	170
C49.5	170
C49.6	170
C49.8	170
C49.9	170
C40	170.1
C40.0	170.1
C40.1	170.1
C40.2	170.1
C40.3	170.1
C40.8	170.1
C40.9	170.1
C41	170.1
C41.0	170.1
C41.1	170.1
C41.2	170.1
C41.3	170.1
C41.4	170.1
C41.8	170.1
C41.9	170.1
C47	170.2
C47.0	170.2
C47.1	170.2
C47.2	170.2
C47.3	170.2
C47.4	170.2
C47.5	170.2
C47.6	170.2
C47.8	170.2
C47.9	170.2
C49	170.2
C49.0	170.2
C49.1	170.2
C49.2	170.2
C49.3	170.2
C49.4	170.2
C49.5	170.2
C49.6	170.2
C49.8	170.2
C49.9	170.2
C43	172
C43.0	172
C43.1	172
C43.2	172
C43.3	172
C43.4	172
C43.5	172
C43.6	172
C43.7	172
C43.8	172
C43.9	172
C44.0	172
C44.1	172
C44.2	172
C44.3	172
C44.4	172
C44.5	172
C44.6	172
C44.7	172
C44.8	172
C44.9	172
D03	172
D03.0	172
D03.1	172
D03.2	172
D03.3	172
D03.4	172
D03.5	172
D03.6	172
D03.7	172
D03.8	172
D03.9	172
D04	172
D04.0	172
D04.1	172
D04.2	172
D04.3	172
D04.4	172
D04.5	172
D04.6	172
D04.7	172
D04.8	172
D04.9	172
C43	172.1
C43.0	172.1
C43.1	172.1
C43.2	172.1
C43.3	172.1
C43.4	172.1
C43.5	172.1
C43.6	172.1
C43.7	172.1
C43.8	172.1
C43.9	172.1
D03	172.1
D03.0	172.1
D03.1	172.1
D03.2	172.1
D03.3	172.1
D03.4	172.1
D03.5	172.1
D03.6	172.1
D03.7	172.1
D03.8	172.1
D03.9	172.1
C43	172.11
C43.0	172.11
C43.1	172.11
C43.2	172.11
C43.3	172.11
C43.4	172.11
C43.5	172.11
C43.6	172.11
C43.7	172.11
C43.8	172.11
C43.9	172.11
D03	172.11
D03.0	172.11
D03.1	172.11
D03.2	172.11
D03.3	172.11
D03.4	172.11
D03.5	172.11
D03.6	172.11
D03.7	172.11
D03.8	172.11
D03.9	172.11
C44.0	172.2
C44.1	172.2
C44.2	172.2
C44.3	172.2
C44.4	172.2
C44.5	172.2
C44.6	172.2
C44.7	172.2
C44.8	172.2
C44.9	172.2
D04	172.3
D04.0	172.3
D04.1	172.3
D04.2	172.3
D04.3	172.3
D04.4	172.3
D04.5	172.3
D04.6	172.3
D04.7	172.3
D04.8	172.3
D04.9	172.3
D48.5	173
C50	174
C50.0	174
C50.1	174
C50.2	174
C50.3	174
C50.4	174
C50.5	174
C50.6	174
C50.8	174
C50.9	174
D05	174
D05.0	174
D05.1	174
D05.7	174
D05.9	174
D48.6	174
C50	174.1
C50.0	174.1
C50.1	174.1
C50.2	174.1
C50.3	174.1
C50.4	174.1
C50.5	174.1
C50.6	174.1
C50.8	174.1
C50.9	174.1
D05	174.1
D05.0	174.1
D05.1	174.1
D05.7	174.1
D05.9	174.1
C50	174.11
C50.0	174.11
C50.1	174.11
C50.2	174.11
C50.3	174.11
C50.4	174.11
C50.5	174.11
C50.6	174.11
C50.8	174.11
C50.9	174.11
Z90.1	175
C53	180
C53.0	180
C53.1	180
C53.8	180
C53.9	180
D06	180
D06.0	180
D06.1	180
D06.7	180
D06.9	180
N87	180
N87.0	180
N87.1	180
N87.2	180
N87.9	180
C53	180.1
C53.0	180.1
C53.1	180.1
C53.8	180.1
C53.9	180.1
D06	180.3
D06.0	180.3
D06.1	180.3
D06.7	180.3
D06.9	180.3
N87	180.3
N87.0	180.3
N87.1	180.3
N87.2	180.3
N87.9	180.3
C54	182
C54.0	182
C54.1	182
C54.2	182
C54.3	182
C54.8	182
C54.9	182
C55	182
D07.0	182
C51	184
C51.0	184
C51.1	184
C51.2	184
C51.8	184
C51.9	184
C52	184
C56	184
C57	184
C57.0	184
C57.1	184
C57.2	184
C57.3	184
C57.4	184
C57.7	184
C57.8	184
C57.9	184
C58	184
D07.1	184
D07.2	184
D07.3	184
D39	184
D39.0	184
D39.1	184
D39.2	184
D39.7	184
D39.9	184
N90.3	184
C51.8	184.1
C56	184.1
C57	184.1
C57.0	184.1
C57.1	184.1
C57.2	184.1
C57.3	184.1
C57.4	184.1
C57.7	184.1
C57.8	184.1
C57.9	184.1
C58	184.1
C56	184.11
C51	184.2
C51.0	184.2
C51.1	184.2
C51.2	184.2
C51.8	184.2
C51.9	184.2
C52	184.2
D07.1	184.2
D07.2	184.2
D07.3	184.2
D39	184.2
D39.0	184.2
D39.1	184.2
D39.2	184.2
D39.7	184.2
D39.9	184.2
N90.3	184.2
C61	185
D07.5	185
C60	187
C60.0	187
C60.1	187
C60.2	187
C60.8	187
C60.9	187
C62	187
C62.0	187
C62.1	187
C62.9	187
C63	187
C63.0	187
C63.1	187
C63.2	187
C63.7	187
C63.8	187
C63.9	187
D05.0	187
D07.4	187
D07.6	187
D40	187
D40.0	187
D40.1	187
D40.7	187
D40.9	187
C60	187.1
C60.0	187.1
C60.1	187.1
C60.2	187.1
C60.8	187.1
C60.9	187.1
C63	187.1
C63.0	187.1
C63.1	187.1
C63.2	187.1
C63.7	187.1
C63.8	187.1
C63.9	187.1
C62	187.2
C62.0	187.2
C62.1	187.2
C62.9	187.2
D40	187.8
D40.0	187.8
D40.1	187.8
D40.7	187.8
D40.9	187.8
C64	189
C65	189
C66	189
C67	189
C67.0	189
C67.1	189
C67.2	189
C67.3	189
C67.4	189
C67.5	189
C67.6	189
C67.7	189
C67.8	189
C67.9	189
C68	189
C68.0	189
C68.1	189
C68.8	189
C68.9	189
D09.0	189
D09.1	189
D41.4	189
Z85.5	189
C64	189.1
C65	189.1
C64	189.11
C65	189.12
C67	189.2
C67.0	189.2
C67.1	189.2
C67.2	189.2
C67.3	189.2
C67.4	189.2
C67.5	189.2
C67.6	189.2
C67.7	189.2
C67.8	189.2
C67.9	189.2
D09.0	189.2
D41.4	189.2
C67	189.21
C67.0	189.21
C67.1	189.21
C67.2	189.21
C67.3	189.21
C67.4	189.21
C67.5	189.21
C67.6	189.21
C67.7	189.21
C67.8	189.21
C67.9	189.21
C66	189.4
C68	189.4
C68.0	189.4
C68.1	189.4
C68.8	189.4
C68.9	189.4
C69	190
C69.0	190
C69.1	190
C69.2	190
C69.3	190
C69.4	190
C69.5	190
C69.6	190
C69.8	190
C69.9	190
D09.2	190
C70	191
C70.0	191
C70.1	191
C70.9	191
C71	191
C71.0	191
C71.1	191
C71.2	191
C71.3	191
C71.4	191
C71.5	191
C71.6	191
C71.7	191
C71.8	191
C71.9	191
C72	191
C72.0	191
C72.1	191
C72.2	191
C72.3	191
C72.4	191
C72.5	191
C72.8	191
C72.9	191
D42	191
D42.0	191
D42.1	191
D42.9	191
D43.0	191
D43.1	191
D43.2	191
D43.3	191
D43.4	191
C70	191.1
C70.0	191.1
C70.1	191.1
C70.9	191.1
C71	191.1
C71.0	191.1
C71.1	191.1
C71.2	191.1
C71.3	191.1
C71.4	191.1
C71.5	191.1
C71.6	191.1
C71.7	191.1
C71.8	191.1
C71.9	191.1
C72	191.1
C72.0	191.1
C72.1	191.1
C72.2	191.1
C72.3	191.1
C72.4	191.1
C72.5	191.1
C72.8	191.1
C72.9	191.1
C71	191.11
C71.0	191.11
C71.1	191.11
C71.2	191.11
C71.3	191.11
C71.4	191.11
C71.5	191.11
C71.6	191.11
C71.7	191.11
C71.8	191.11
C71.9	191.11
C73	193
C74	194
C74.0	194
C74.1	194
C74.9	194
C75	194
C75.0	194
C75.1	194
C75.2	194
C75.3	194
C75.4	194
C75.5	194
C75.8	194
C75.9	194
B21.7	195
C06.8	195
C45	195
C45.0	195
C45.1	195
C45.2	195
C45.7	195
C45.9	195
C76	195
C76.0	195
C76.1	195
C76.2	195
C76.3	195
C76.4	195
C76.5	195
C76.7	195
C76.8	195
C80	195
C80.0	195
C80.9	195
C97	195
D09	195
D09.0	195
D09.1	195
D09.2	195
D09.3	195
D09.7	195
D09.9	195
Z03.1	195
Z85	195
Z85.0	195
Z85.02	195
Z85.1	195
Z85.2	195
Z85.3	195
Z85.4	195
Z85.5	195
Z85.6	195
Z85.7	195
Z85.8	195
Z85.9	195
Z86.0	195
B21.7	195.1
C06.8	195.1
C45	195.1
C45.0	195.1
C45.1	195.1
C45.2	195.1
C45.7	195.1
C45.9	195.1
C76	195.1
C76.0	195.1
C76.1	195.1
C76.2	195.1
C76.3	195.1
C76.4	195.1
C76.5	195.1
C76.7	195.1
C76.8	195.1
C80	195.1
C80.0	195.1
C80.9	195.1
C97	195.1
Z85	195.1
Z85.0	195.1
Z85.02	195.1
Z85.1	195.1
Z85.2	195.1
Z85.3	195.1
Z85.4	195.1
Z85.5	195.1
Z85.6	195.1
Z85.7	195.1
Z85.8	195.1
Z85.9	195.1
Z86.0	195.1
C76.0	195.3
Z54.1	196
Z51.2	197
Z54.2	197
C77	198
C77.0	198
C77.1	198
C77.2	198
C77.3	198
C77.4	198
C77.5	198
C77.8	198
C77.9	198
C78	198
C78.0	198
C78.1	198
C78.2	198
C78.3	198
C78.4	198
C78.5	198
C78.6	198
C78.7	198
C78.8	198
C79.0	198
C79.1	198
C79.2	198
C79.3	198
C79.4	198
C79.5	198
C79.6	198
C79.7	198
C79.8	198
C77	198.1
C77.0	198.1
C77.1	198.1
C77.2	198.1
C77.3	198.1
C77.4	198.1
C77.5	198.1
C77.8	198.1
C77.9	198.1
C78.0	198.2
C78.1	198.2
C78.2	198.2
C78.3	198.2
C78.4	198.3
C78.5	198.3
C78.6	198.3
C78.8	198.3
C78.7	198.4
C79.3	198.5
C79.4	198.5
C79.5	198.6
C79.2	198.7
D37.6	199
D38.0	199
D38.1	199
D38.2	199
D38.3	199
D38.4	199
D38.5	199
D39.7	199
D41	199
D41.0	199
D41.1	199
D41.2	199
D41.3	199
D41.4	199
D41.7	199
D41.9	199
D44	199
D44.0	199
D44.1	199
D44.2	199
D44.3	199
D44.4	199
D44.5	199
D44.6	199
D44.7	199
D44.8	199
D44.9	199
D48.0	199
D48.1	199
D48.2	199
D48.3	199
D48.4	199
D48.7	199
D48.9	199
M90.7	199
M90.70	199
M90.71	199
M90.72	199
M90.73	199
M90.74	199
M90.75	199
M90.76	199
M90.77	199
M90.78	199
M90.79	199
Q85.0	199
Q85.0	199.4
C88.7	200
C94.4	200
C94.5	200
D45	200
D46	200
D46.0	200
D46.1	200
D46.2	200
D46.3	200
D46.4	200
D46.5	200
D46.6	200
D46.7	200
D46.9	200
D47.0	200
D47.1	200
D47.3	200
D47.7	200
D47.9	200
D75.2	200
D45	200.1
C81	201
C81.0	201
C81.1	201
C81.2	201
C81.3	201
C81.4	201
C81.7	201
C81.9	201
C82	202
C82.0	202
C82.1	202
C82.2	202
C82.3	202
C82.4	202
C82.5	202
C82.6	202
C82.7	202
C82.9	202
C83	202
C83.0	202
C83.1	202
C83.2	202
C83.3	202
C83.4	202
C83.5	202
C83.6	202
C83.7	202
C83.8	202
C83.9	202
C84	202
C84.0	202
C84.1	202
C84.2	202
C84.3	202
C84.4	202
C84.5	202
C84.6	202
C84.7	202
C84.8	202
C84.9	202
C85	202
C85.0	202
C85.1	202
C85.2	202
C85.7	202
C85.9	202
C96.1	202
C96.2	202
C96.3	202
C96.7	202
C96.9	202
L41.2	202
Z85.7	202
C82	202.2
C82.0	202.2
C82.1	202.2
C82.2	202.2
C82.3	202.2
C82.4	202.2
C82.5	202.2
C82.6	202.2
C82.7	202.2
C82.9	202.2
C83	202.2
C83.0	202.2
C83.1	202.2
C83.2	202.2
C83.3	202.2
C83.4	202.2
C83.5	202.2
C83.6	202.2
C83.7	202.2
C83.8	202.2
C83.9	202.2
C84	202.2
C84.0	202.2
C84.1	202.2
C84.2	202.2
C84.3	202.2
C84.4	202.2
C84.5	202.2
C84.6	202.2
C84.7	202.2
C84.8	202.2
C84.9	202.2
C85	202.2
C85.0	202.2
C85.1	202.2
C85.2	202.2
C85.7	202.2
C85.9	202.2
C96.7	202.2
C96.9	202.2
L41.2	202.2
C82	202.21
C82.0	202.21
C82.1	202.21
C82.2	202.21
C82.3	202.21
C82.4	202.21
C82.5	202.21
C82.6	202.21
C82.7	202.21
C82.9	202.21
C85.0	202.23
C83.3	202.24
C88	204
C88.0	204
C88.1	204
C88.2	204
C88.3	204
C88.4	204
C88.7	204
C88.9	204
C90.0	204
C90.1	204
C90.2	204
C91	204
C91.0	204
C91.1	204
C91.2	204
C91.3	204
C91.4	204
C91.5	204
C91.6	204
C91.7	204
C91.8	204
C91.9	204
C92	204
C92.0	204
C92.1	204
C92.2	204
C92.3	204
C92.4	204
C92.5	204
C92.6	204
C92.7	204
C92.8	204
C92.9	204
C93	204
C93.0	204
C93.1	204
C93.2	204
C93.3	204
C93.7	204
C93.9	204
C94.0	204
C94.1	204
C94.2	204
C94.3	204
C94.7	204
C95	204
C95.0	204
C95.1	204
C95.2	204
C95.7	204
C95.9	204
D46.3	204
Z85.6	204
C91	204.1
C91.0	204.1
C91.1	204.1
C91.2	204.1
C91.3	204.1
C91.4	204.1
C91.5	204.1
C91.6	204.1
C91.7	204.1
C91.8	204.1
C91.9	204.1
C91.0	204.11
C91.1	204.12
C92	204.2
C92.0	204.2
C92.1	204.2
C92.2	204.2
C92.3	204.2
C92.4	204.2
C92.5	204.2
C92.6	204.2
C92.7	204.2
C92.8	204.2
C92.9	204.2
D46.3	204.2
C92.0	204.21
C92.4	204.21
C92.5	204.21
D46.3	204.21
C92.1	204.22
C93	204.3
C93.0	204.3
C93.1	204.3
C93.2	204.3
C93.3	204.3
C93.7	204.3
C93.9	204.3
C88	204.4
C88.0	204.4
C88.1	204.4
C88.2	204.4
C88.3	204.4
C88.4	204.4
C88.7	204.4
C88.9	204.4
C90.0	204.4
C90.2	204.4
D12	208
D12.0	208
D12.1	208
D12.2	208
D12.3	208
D12.4	208
D12.5	208
D12.6	208
D12.7	208
D12.8	208
D12.9	208
K63.5	208
D10	210
D10.0	210
D10.1	210
D10.2	210
D10.3	210
D10.4	210
D10.5	210
D10.6	210
D10.7	210
D10.9	210
D11	210
D11.0	210
D11.7	210
D11.9	210
D13	211
D13.0	211
D13.1	211
D13.2	211
D13.3	211
D13.4	211
D13.5	211
D13.6	211
D13.7	211
D13.9	211
D19.1	211
D20	211
D20.0	211
D20.1	211
K31.7	211
D14	212
D14.0	212
D14.1	212
D14.2	212
D14.3	212
D14.4	212
D15	212
D15.0	212
D15.1	212
D15.2	212
D15.7	212
D15.9	212
D19.0	212
D16	213
D16.0	213
D16.1	213
D16.2	213
D16.3	213
D16.4	213
D16.5	213
D16.6	213
D16.7	213
D16.8	213
D16.9	213
D17	214
D17.0	214
D17.1	214
D17.2	214
D17.3	214
D17.4	214
D17.5	214
D17.6	214
D17.7	214
D17.9	214
D17.0	214.1
D17.1	214.1
D17.2	214.1
D17.3	214.1
D20.1	215
D21	215
D21.0	215
D21.1	215
D21.2	215
D21.3	215
D21.4	215
D21.5	215
D21.6	215
D21.9	215
D36.1	215
D22	216
D22.0	216
D22.1	216
D22.2	216
D22.3	216
D22.4	216
D22.5	216
D22.6	216
D22.7	216
D22.9	216
D23	216
D23.0	216
D23.1	216
D23.2	216
D23.3	216
D23.4	216
D23.5	216
D23.6	216
D23.7	216
D23.9	216
I78.1	217
Q82.5	217
I78.1	217.1
D25	218
D25.0	218
D25.1	218
D25.2	218
D25.9	218
D26	218
D26.0	218
D26.1	218
D26.7	218
D26.9	218
D25	218.1
D25.0	218.1
D25.1	218.1
D25.2	218.1
D25.9	218.1
D26	218.2
D26.0	218.2
D26.1	218.2
D26.7	218.2
D26.9	218.2
D27	220
D28	221
D28.0	221
D28.1	221
D28.2	221
D28.7	221
D28.9	221
D29	222
D29.0	222
D29.1	222
D29.2	222
D29.3	222
D29.4	222
D29.7	222
D29.9	222
D30	223
D30.0	223
D30.1	223
D30.2	223
D30.3	223
D30.4	223
D30.7	223
D30.9	223
D31.0	224
D31.1	224
D31.2	224
D31.3	224
D31.4	224
D31.5	224
D31.6	224
D31.9	224
D31.1	224.1
D31.3	224.1
D31.4	224.1
D32	225
D32.0	225
D32.1	225
D32.9	225
D33.0	225
D33.1	225
D33.2	225
D33.3	225
D33.4	225
D33.7	225
D33.9	225
D32	225.1
D32.0	225.1
D32.1	225.1
D32.9	225.1
D33.0	225.1
D33.1	225.1
D33.2	225.1
D33.3	225.1
D32.1	225.2
D33.4	225.2
D34	226
D35.0	227
D35.1	227
D35.2	227
D35.3	227
D35.4	227
D35.5	227
D35.6	227
D35.7	227
D35.8	227
D35.9	227
D35.0	227.1
D35.1	227.2
D35.2	227.3
D35.3	227.3
D18	228
D18.0	228
D18.1	228
D13.3	229
D19	229
D19.0	229
D19.1	229
D19.7	229
D19.9	229
D20.0	229
D36	229
D36.0	229
D36.1	229
D36.7	229
D36.9	229
D36.0	229.1
B21.0	230
C46	230
C46.0	230
C46.1	230
C46.2	230
C46.3	230
C46.7	230
C46.8	230
C46.9	230
E01.0	240
E01.2	240
E04.0	240
E04.9	240
E01.1	241
E04.1	241
E04.2	241
E04.8	241
E04.1	241.1
E01.1	241.2
E04.2	241.2
E05	242
E05.0	242
E05.1	242
E05.2	242
E05.3	242
E05.4	242
E05.5	242
E05.8	242
E05.9	242
E05.0	242.1
E05.2	242.2
H06.2	242.3
E00	244
E00.0	244
E00.1	244
E00.2	244
E00.9	244
E01.8	244
E02	244
E03.0	244
E03.1	244
E03.2	244
E03.3	244
E03.8	244
E03.9	244
E89.0	244
E03.2	244.1
E89.0	244.1
E01.8	244.2
E02	244.2
E03.3	244.2
E03.8	244.2
E03.9	244.4
E00	244.5
E00.0	244.5
E00.1	244.5
E00.2	244.5
E00.9	244.5
E03.0	244.5
E03.1	244.5
E06	245
E06.0	245
E06.1	245
E06.2	245
E06.3	245
E06.4	245
E06.5	245
E06.9	245
E06.0	245.1
E06.1	245.1
E06.2	245.2
E06.3	245.2
E06.5	245.2
E06.3	245.21
E03.4	246
E07	246
E07.0	246
E07.1	246
E07.8	246
E07.9	246
E35	246
E35.0	246
E35.1	246
E35.8	246
R94.6	246.7
E12.1	249
E12.2	249
E12.7	249
E12.8	249
E12.9	249
E10	250
E10.0	250
E10.1	250
E10.2	250
E10.3	250
E10.4	250
E10.5	250
E10.6	250
E10.7	250
E10.8	250
E10.9	250
E11	250
E11.0	250
E11.1	250
E11.2	250
E11.3	250
E11.4	250
E11.5	250
E11.6	250
E11.7	250
E11.8	250
E11.9	250
E12.3	250
E13	250
E13.0	250
E13.1	250
E13.2	250
E13.3	250
E13.4	250
E13.5	250
E13.6	250
E13.7	250
E13.8	250
E13.9	250
G59.0	250
G63.2	250
H36.0	250
R73.0	250
R73.9	250
R81	250
R82.4	250
Z96.4	250
E10	250.1
E10.0	250.1
E10.1	250.1
E10.2	250.1
E10.3	250.1
E10.4	250.1
E10.5	250.1
E10.6	250.1
E10.7	250.1
E10.8	250.1
E10.9	250.1
E10.1	250.11
E10.2	250.12
E10.3	250.13
E10.4	250.2
E11	250.2
E11.0	250.2
E11.1	250.2
E11.2	250.2
E11.3	250.2
E11.4	250.2
E11.5	250.2
E11.6	250.2
E11.7	250.2
E11.8	250.2
E11.9	250.2
E12.3	250.2
E13	250.2
E13.0	250.2
E13.1	250.2
E13.2	250.2
E13.3	250.2
E13.4	250.2
E13.5	250.2
E13.6	250.2
E13.7	250.2
E13.8	250.2
E13.9	250.2
G59.0	250.2
E11.1	250.21
E13.1	250.21
E11.2	250.22
E11.3	250.23
E12.3	250.23
E10.4	250.24
E11.4	250.24
E13.4	250.24
G59.0	250.24
Z96.4	250.3
R73.0	250.4
R73.9	250.4
R73.0	250.41
R73.9	250.42
R81	250.5
R82.4	250.5
G63.2	250.6
E13.3	250.7
H36.0	250.7
E16	251
E16.0	251
E16.1	251
E16.2	251
E16.3	251
E16.4	251
E16.8	251
E16.9	251
E15	251.1
E16.0	251.1
E16.1	251.1
E16.2	251.1
E16.3	251.8
E16.4	251.8
E20	252
E20.0	252
E20.1	252
E20.8	252
E20.9	252
E21.0	252
E21.1	252
E21.2	252
E21.3	252
E21.4	252
E21.5	252
E89.2	252
E21.0	252.1
E21.1	252.1
E21.2	252.1
E21.3	252.1
E20	252.2
E20.0	252.2
E20.1	252.2
E20.8	252.2
E20.9	252.2
E89.2	252.2
E05.8	253
E22	253
E22.0	253
E22.1	253
E22.2	253
E22.8	253
E22.9	253
E23.0	253
E23.2	253
E23.3	253
E23.6	253
E23.7	253
E24.1	253
E34.4	253
E05.8	253.1
E22	253.1
E22.0	253.1
E22.1	253.1
E22.2	253.1
E22.8	253.1
E22.9	253.1
E34.4	253.1
E22.0	253.11
E34.4	253.11
E23.0	253.2
E23.2	253.3
E22.2	253.7
E32	254
E32.0	254
E32.1	254
E32.8	254
E32.9	254
E24	255
E24.0	255
E24.1	255
E24.2	255
E24.3	255
E24.4	255
E24.8	255
E24.9	255
E25	255
E25.0	255
E25.8	255
E25.9	255
E26	255
E26.0	255
E26.1	255
E26.8	255
E26.9	255
E27.0	255
E27.1	255
E27.2	255
E27.3	255
E27.4	255
E27.5	255
E27.8	255
E27.9	255
E35.1	255
E89.6	255
E24	255.1
E24.0	255.1
E24.1	255.1
E24.2	255.1
E24.3	255.1
E24.4	255.1
E24.8	255.1
E24.9	255.1
E26	255.1
E26.0	255.1
E26.1	255.1
E26.8	255.1
E26.9	255.1
E27.0	255.1
E27.5	255.1
E24	255.11
E24.0	255.11
E24.1	255.11
E24.2	255.11
E24.3	255.11
E24.4	255.11
E24.8	255.11
E24.9	255.11
E26	255.12
E26.0	255.12
E26.1	255.12
E26.8	255.12
E26.9	255.12
E27.5	255.13
E27.1	255.2
E27.2	255.2
E27.3	255.2
E27.4	255.2
E89.6	255.2
E27.1	255.21
E27.2	255.21
E27.3	255.21
E27.4	255.21
E89.6	255.21
E25	255.3
E25.0	255.3
E25.8	255.3
E25.9	255.3
E28	256
E28.0	256
E28.1	256
E28.2	256
E28.3	256
E28.8	256
E28.9	256
N98.1	256
E28.0	256.1
E28.2	256.4
E29	257
E29.0	257
E29.1	257
E29.8	257
E29.9	257
E29.1	257.1
E23.1	258
E89.1	258
E89.3	258
E89.5	258
E89.4	258.1
E30.9	259
E31	259
E31.0	259
E31.1	259
E31.8	259
E31.9	259
E34	259
E34.0	259
E34.1	259
E34.2	259
E34.3	259
E34.4	259
E34.5	259
E34.8	259
E34.9	259
R94.7	259
R94.7	259.1
E34.0	259.2
E30.0	259.3
E30.1	259.4
E30.8	259.4
E12.5	260
E40	260
E41	260
E42	260
E44.0	260
E44.1	260
E45	260
E46	260
B22.2	260.1
R64	260.1
E12.5	260.2
E40	260.2
E41	260.2
E42	260.2
E45	260.2
E40	260.21
E42	260.21
E41	260.22
R63.0	260.6
R63.2	260.7
E50	261
E50.0	261
E50.1	261
E50.2	261
E50.3	261
E50.4	261
E50.5	261
E50.6	261
E50.7	261
E50.8	261
E50.9	261
E51	261
E51.1	261
E51.2	261
E51.8	261
E51.9	261
E52	261
E53	261
E53.0	261
E53.1	261
E53.8	261
E53.9	261
E54	261
E55	261
E55.0	261
E55.9	261
E56	261
E56.0	261
E56.1	261
E56.8	261
E56.9	261
E64.1	261
E64.2	261
E64.3	261
M83	261
M83.0	261
M83.00	261
M83.01	261
M83.02	261
M83.03	261
M83.04	261
M83.05	261
M83.06	261
M83.07	261
M83.08	261
M83.09	261
M83.1	261
M83.10	261
M83.11	261
M83.12	261
M83.13	261
M83.14	261
M83.15	261
M83.16	261
M83.17	261
M83.18	261
M83.19	261
M83.2	261
M83.20	261
M83.21	261
M83.22	261
M83.23	261
M83.24	261
M83.25	261
M83.26	261
M83.27	261
M83.28	261
M83.29	261
M83.3	261
M83.30	261
M83.31	261
M83.32	261
M83.33	261
M83.34	261
M83.35	261
M83.36	261
M83.37	261
M83.38	261
M83.39	261
M83.4	261
M83.40	261
M83.41	261
M83.42	261
M83.43	261
M83.44	261
M83.45	261
M83.46	261
M83.47	261
M83.48	261
M83.49	261
M83.5	261
M83.50	261
M83.51	261
M83.52	261
M83.53	261
M83.54	261
M83.55	261
M83.56	261
M83.57	261
M83.58	261
M83.59	261
M83.8	261
M83.80	261
M83.81	261
M83.82	261
M83.83	261
M83.84	261
M83.85	261
M83.86	261
M83.87	261
M83.88	261
M83.89	261
M83.9	261
M83.90	261
M83.91	261
M83.92	261
M83.93	261
M83.94	261
M83.95	261
M83.96	261
M83.97	261
M83.98	261
M83.99	261
E50	261.1
E50.0	261.1
E50.1	261.1
E50.2	261.1
E50.3	261.1
E50.4	261.1
E50.5	261.1
E50.6	261.1
E50.7	261.1
E50.8	261.1
E50.9	261.1
E64.1	261.1
E51	261.2
E51.1	261.2
E51.2	261.2
E51.8	261.2
E51.9	261.2
E52	261.2
E53	261.2
E53.0	261.2
E53.1	261.2
E53.8	261.2
E53.9	261.2
E54	261.3
E64.2	261.3
E55	261.4
E55.0	261.4
E55.9	261.4
E64.3	261.4
M83	261.4
M83.0	261.4
M83.00	261.4
M83.01	261.4
M83.02	261.4
M83.03	261.4
M83.04	261.4
M83.05	261.4
M83.06	261.4
M83.07	261.4
M83.08	261.4
M83.09	261.4
M83.1	261.4
M83.10	261.4
M83.11	261.4
M83.12	261.4
M83.13	261.4
M83.14	261.4
M83.15	261.4
M83.16	261.4
M83.17	261.4
M83.18	261.4
M83.19	261.4
M83.2	261.4
M83.20	261.4
M83.21	261.4
M83.22	261.4
M83.23	261.4
M83.24	261.4
M83.25	261.4
M83.26	261.4
M83.27	261.4
M83.28	261.4
M83.29	261.4
M83.3	261.4
M83.30	261.4
M83.31	261.4
M83.32	261.4
M83.33	261.4
M83.34	261.4
M83.35	261.4
M83.36	261.4
M83.37	261.4
M83.38	261.4
M83.39	261.4
M83.4	261.4
M83.40	261.4
M83.41	261.4
M83.42	261.4
M83.43	261.4
M83.44	261.4
M83.45	261.4
M83.46	261.4
M83.47	261.4
M83.48	261.4
M83.49	261.4
M83.5	261.4
M83.50	261.4
M83.51	261.4
M83.52	261.4
M83.53	261.4
M83.54	261.4
M83.55	261.4
M83.56	261.4
M83.57	261.4
M83.58	261.4
M83.59	261.4
M83.8	261.4
M83.80	261.4
M83.81	261.4
M83.82	261.4
M83.83	261.4
M83.84	261.4
M83.85	261.4
M83.86	261.4
M83.87	261.4
M83.88	261.4
M83.89	261.4
M83.9	261.4
M83.90	261.4
M83.91	261.4
M83.92	261.4
M83.93	261.4
M83.94	261.4
M83.95	261.4
M83.96	261.4
M83.97	261.4
M83.98	261.4
M83.99	261.4
E55.0	261.41
E64.3	261.41
M83	261.41
M83.0	261.41
M83.00	261.41
M83.01	261.41
M83.02	261.41
M83.03	261.41
M83.04	261.41
M83.05	261.41
M83.06	261.41
M83.07	261.41
M83.08	261.41
M83.09	261.41
M83.1	261.41
M83.10	261.41
M83.11	261.41
M83.12	261.41
M83.13	261.41
M83.14	261.41
M83.15	261.41
M83.16	261.41
M83.17	261.41
M83.18	261.41
M83.19	261.41
M83.2	261.41
M83.20	261.41
M83.21	261.41
M83.22	261.41
M83.23	261.41
M83.24	261.41
M83.25	261.41
M83.26	261.41
M83.27	261.41
M83.28	261.41
M83.29	261.41
M83.3	261.41
M83.30	261.41
M83.31	261.41
M83.32	261.41
M83.33	261.41
M83.34	261.41
M83.35	261.41
M83.36	261.41
M83.37	261.41
M83.38	261.41
M83.39	261.41
M83.4	261.41
M83.40	261.41
M83.41	261.41
M83.42	261.41
M83.43	261.41
M83.44	261.41
M83.45	261.41
M83.46	261.41
M83.47	261.41
M83.48	261.41
M83.49	261.41
M83.5	261.41
M83.50	261.41
M83.51	261.41
M83.52	261.41
M83.53	261.41
M83.54	261.41
M83.55	261.41
M83.56	261.41
M83.57	261.41
M83.58	261.41
M83.59	261.41
M83.8	261.41
M83.80	261.41
M83.81	261.41
M83.82	261.41
M83.83	261.41
M83.84	261.41
M83.85	261.41
M83.86	261.41
M83.87	261.41
M83.88	261.41
M83.89	261.41
M83.9	261.41
M83.90	261.41
M83.91	261.41
M83.92	261.41
M83.93	261.41
M83.94	261.41
M83.95	261.41
M83.96	261.41
M83.97	261.41
M83.98	261.41
M83.99	261.41
E58	262
E59	262
E60	262
E61.0	262
E61.1	262
E61.2	262
E61.3	262
E61.4	262
E61.5	262
E61.6	262
E61.7	263
E61.8	263
E61.9	263
E63	263
E63.0	263
E63.1	263
E63.8	263
E63.9	263
E64.8	263
E64.9	263
R62.0	264
R62.8	264
R62.9	264
R62.0	264.3
R62.8	264.9
R62.9	264.9
N06.9	269
N39.1	269
N39.2	269
R80	269
C88.0	270
D47.2	270
D89.0	270
D89.1	270
E70	270
E70.0	270
E70.1	270
E70.2	270
E70.3	270
E70.8	270
E70.9	270
E71.0	270
E71.1	270
E71.2	270
E72.0	270
E72.1	270
E72.2	270
E72.3	270
E72.4	270
E72.5	270
E72.8	270
E72.9	270
E70	270.1
E70.0	270.1
E70.1	270.1
E70.2	270.1
E70.3	270.1
E70.8	270.1
E70.9	270.1
E71.0	270.1
E71.1	270.1
E71.2	270.1
E72.0	270.1
E72.1	270.1
E72.1	270.11
E70.0	270.12
E70.1	270.12
E72.2	270.2
E72.3	270.2
E72.4	270.2
E72.5	270.2
E72.8	270.2
E72.9	270.2
E72.2	270.21
E72.4	270.21
C88.0	270.3
D47.2	270.3
D89.0	270.3
D89.1	270.3
D89.0	270.31
D47.2	270.32
D89.1	270.32
E85	270.33
E85.0	270.33
E85.1	270.33
E85.2	270.33
E85.3	270.33
E85.4	270.33
E85.8	270.33
E85.9	270.33
L99.0	270.33
C88.0	270.35
E73	271
E73.0	271
E73.1	271
E73.8	271
E73.9	271
E74.0	271
E74.1	271
E74.2	271
E74.3	271
E74.4	271
E74.8	271
E74.9	271
E76.0	271
E76.1	271
E76.2	271
E76.3	271
E76.8	271
E76.9	271
E73	271.3
E73.0	271.3
E73.1	271.3
E73.8	271.3
E73.9	271.3
E74.3	271.3
E74.0	271.9
E74.1	271.9
E74.2	271.9
E74.4	271.9
E74.8	271.9
E74.9	271.9
E76.0	271.9
E76.1	271.9
E76.2	271.9
E76.3	271.9
E76.8	271.9
E76.9	271.9
E78.0	272
E78.1	272
E78.2	272
E78.3	272
E78.4	272
E78.5	272
E78.9	272
E78.0	272.1
E78.1	272.1
E78.2	272.1
E78.3	272.1
E78.4	272.1
E78.5	272.1
E78.0	272.11
E78.1	272.12
E78.2	272.13
E78.3	272.14
E78.9	272.9
M10	274
M10.0	274
M10.00	274
M10.01	274
M10.02	274
M10.03	274
M10.04	274
M10.05	274
M10.06	274
M10.07	274
M10.08	274
M10.09	274
M10.1	274
M10.10	274
M10.11	274
M10.12	274
M10.13	274
M10.14	274
M10.15	274
M10.16	274
M10.17	274
M10.18	274
M10.19	274
M10.2	274
M10.20	274
M10.21	274
M10.22	274
M10.23	274
M10.24	274
M10.25	274
M10.26	274
M10.27	274
M10.28	274
M10.29	274
M10.3	274
M10.30	274
M10.31	274
M10.32	274
M10.33	274
M10.34	274
M10.35	274
M10.36	274
M10.37	274
M10.38	274
M10.39	274
M10.4	274
M10.40	274
M10.41	274
M10.42	274
M10.43	274
M10.44	274
M10.45	274
M10.46	274
M10.47	274
M10.48	274
M10.49	274
M10.9	274
M10.90	274
M10.91	274
M10.92	274
M10.93	274
M10.94	274
M10.95	274
M10.96	274
M10.97	274
M10.98	274
M10.99	274
M11.0	274
M11.00	274
M11.01	274
M11.02	274
M11.03	274
M11.04	274
M11.05	274
M11.06	274
M11.07	274
M11.08	274
M11.09	274
M11.1	274
M11.10	274
M11.11	274
M11.12	274
M11.13	274
M11.14	274
M11.15	274
M11.16	274
M11.17	274
M11.18	274
M11.19	274
M11.2	274
M11.20	274
M11.21	274
M11.22	274
M11.23	274
M11.24	274
M11.25	274
M11.26	274
M11.27	274
M11.28	274
M11.29	274
M11.8	274
M11.80	274
M11.81	274
M11.82	274
M11.83	274
M11.84	274
M11.85	274
M11.86	274
M11.87	274
M11.88	274
M11.89	274
M11.9	274
M11.90	274
M11.91	274
M11.92	274
M11.93	274
M11.94	274
M11.95	274
M11.96	274
M11.97	274
M11.98	274
M11.99	274
M10	274.1
M10.0	274.1
M10.00	274.1
M10.01	274.1
M10.02	274.1
M10.03	274.1
M10.04	274.1
M10.05	274.1
M10.06	274.1
M10.07	274.1
M10.08	274.1
M10.09	274.1
M10.1	274.1
M10.10	274.1
M10.11	274.1
M10.12	274.1
M10.13	274.1
M10.14	274.1
M10.15	274.1
M10.16	274.1
M10.17	274.1
M10.18	274.1
M10.19	274.1
M10.2	274.1
M10.20	274.1
M10.21	274.1
M10.22	274.1
M10.23	274.1
M10.24	274.1
M10.25	274.1
M10.26	274.1
M10.27	274.1
M10.28	274.1
M10.29	274.1
M10.3	274.1
M10.30	274.1
M10.31	274.1
M10.32	274.1
M10.33	274.1
M10.34	274.1
M10.35	274.1
M10.36	274.1
M10.37	274.1
M10.38	274.1
M10.39	274.1
M10.4	274.1
M10.40	274.1
M10.41	274.1
M10.42	274.1
M10.43	274.1
M10.44	274.1
M10.45	274.1
M10.46	274.1
M10.47	274.1
M10.48	274.1
M10.49	274.1
M10.9	274.1
M10.90	274.1
M10.91	274.1
M10.92	274.1
M10.93	274.1
M10.94	274.1
M10.95	274.1
M10.96	274.1
M10.97	274.1
M10.98	274.1
M10.99	274.1
M10.0	274.11
M10.00	274.11
M10.01	274.11
M10.02	274.11
M10.03	274.11
M10.04	274.11
M10.05	274.11
M10.06	274.11
M10.07	274.11
M10.08	274.11
M10.09	274.11
M10.1	274.11
M10.10	274.11
M10.11	274.11
M10.12	274.11
M10.13	274.11
M10.14	274.11
M10.15	274.11
M10.16	274.11
M10.17	274.11
M10.18	274.11
M10.19	274.11
M10.2	274.11
M10.20	274.11
M10.21	274.11
M10.22	274.11
M10.23	274.11
M10.24	274.11
M10.25	274.11
M10.26	274.11
M10.27	274.11
M10.28	274.11
M10.29	274.11
M11.0	274.2
M11.00	274.2
M11.01	274.2
M11.02	274.2
M11.03	274.2
M11.04	274.2
M11.05	274.2
M11.06	274.2
M11.07	274.2
M11.08	274.2
M11.09	274.2
M11.1	274.2
M11.10	274.2
M11.11	274.2
M11.12	274.2
M11.13	274.2
M11.14	274.2
M11.15	274.2
M11.16	274.2
M11.17	274.2
M11.18	274.2
M11.19	274.2
M11.2	274.2
M11.20	274.2
M11.21	274.2
M11.22	274.2
M11.23	274.2
M11.24	274.2
M11.25	274.2
M11.26	274.2
M11.27	274.2
M11.28	274.2
M11.29	274.2
M11.8	274.2
M11.80	274.2
M11.81	274.2
M11.82	274.2
M11.83	274.2
M11.84	274.2
M11.85	274.2
M11.86	274.2
M11.87	274.2
M11.88	274.2
M11.89	274.2
M11.9	274.2
M11.90	274.2
M11.91	274.2
M11.92	274.2
M11.93	274.2
M11.94	274.2
M11.95	274.2
M11.96	274.2
M11.97	274.2
M11.98	274.2
M11.99	274.2
M11.1	274.21
M11.10	274.21
M11.11	274.21
M11.12	274.21
M11.13	274.21
M11.14	274.21
M11.15	274.21
M11.16	274.21
M11.17	274.21
M11.18	274.21
M11.19	274.21
M11.2	274.21
M11.20	274.21
M11.21	274.21
M11.22	274.21
M11.23	274.21
M11.24	274.21
M11.25	274.21
M11.26	274.21
M11.27	274.21
M11.28	274.21
M11.29	274.21
E20.1	275
E83	275
E83.0	275
E83.1	275
E83.2	275
E83.3	275
E83.4	275
E83.5	275
E83.8	275
E83.9	275
E83.1	275.1
E83.0	275.2
E83.4	275.3
E20.1	275.5
E83.3	275.5
E83.5	275.5
E83.3	275.53
E86	276
E87.0	276
E87.1	276
E87.2	276
E87.3	276
E87.5	276
E87.6	276
E87.7	276
E87.8	276
E87.0	276.1
E87.1	276.1
E87.5	276.1
E87.6	276.1
E87.8	276.1
E87.0	276.11
E87.1	276.12
E87.5	276.13
E87.6	276.14
E87.2	276.4
E87.3	276.4
E87.4	276.4
E87.2	276.41
E87.3	276.42
E86	276.5
E87.7	276.6
R63.1	276.8
C96.0	277
D76.0	277
D81.3	277
D81.5	277
E75.3	277
E75.6	277
E76	277
E76.0	277
E76.1	277
E76.2	277
E76.3	277
E76.8	277
E76.9	277
E77	277
E77.0	277
E77.1	277
E77.8	277
E77.9	277
E78.6	277
E79	277
E79.0	277
E79.1	277
E79.8	277
E79.9	277
E80.0	277
E80.1	277
E80.2	277
E80.3	277
E88	277
E88.0	277
E88.1	277
E88.2	277
E88.3	277
E88.8	277
E88.9	277
E89.8	277
E89.9	277
R63.8	277
E80.0	277.1
E80.1	277.1
E80.2	277.1
D81.3	277.2
D81.5	277.2
E79	277.2
E79.0	277.2
E79.1	277.2
E79.8	277.2
E79.9	277.2
E80.4	277.4
E80.5	277.4
E80.6	277.4
E80.7	277.4
R82.2	277.4
E71.3	277.5
E75.3	277.5
E75.5	277.5
E75.6	277.5
E77	277.5
E77.0	277.5
E77.1	277.5
E77.8	277.5
E77.9	277.5
E78.6	277.5
E78.8	277.5
E88.1	277.5
E88.2	277.5
M14.3	277.5
E75.3	277.51
E75.6	277.51
E77	277.51
E77.0	277.51
E77.1	277.51
E77.8	277.51
E77.9	277.51
E78.6	277.51
E88.1	277.51
E65	278
E66	278
E66.0	278
E66.1	278
E66.2	278
E66.8	278
E66.9	278
E67.0	278
E67.1	278
E67.2	278
E67.3	278
E67.8	278
E68	278
R63.5	278
E66	278.1
E66.0	278.1
E66.1	278.1
E66.2	278.1
E66.8	278.1
E66.9	278.1
E65	278.3
R63.5	278.4
D80	279
D80.0	279
D80.1	279
D80.2	279
D80.3	279
D80.4	279
D80.5	279
D80.6	279
D80.7	279
D80.8	279
D80.9	279
D81	279
D81.0	279
D81.1	279
D81.2	279
D81.3	279
D81.4	279
D81.5	279
D81.6	279
D81.7	279
D81.8	279
D81.9	279
D82.0	279
D82.1	279
D82.2	279
D82.3	279
D82.4	279
D82.8	279
D82.9	279
D83	279
D83.0	279
D83.1	279
D83.2	279
D83.8	279
D83.9	279
D84.0	279
D84.8	279
D84.9	279
D89.8	279
D89.9	279
D80	279.1
D80.0	279.1
D80.1	279.1
D80.2	279.1
D80.3	279.1
D80.4	279.1
D80.5	279.1
D80.6	279.1
D80.7	279.1
D80.8	279.1
D80.9	279.1
D81	279.1
D81.0	279.1
D81.1	279.1
D81.2	279.1
D81.3	279.1
D81.4	279.1
D81.5	279.1
D81.6	279.1
D81.7	279.1
D81.8	279.1
D81.9	279.1
D82.0	279.1
D82.1	279.1
D83	279.1
D83.0	279.1
D83.1	279.1
D83.2	279.1
D83.8	279.1
D83.9	279.1
D84.8	279.1
D84.9	279.1
D80.0	279.11
D80.1	279.11
D80.2	279.11
D80.3	279.11
D80.4	279.11
D80.5	279.11
D80.7	279.11
D83	279.11
D83.0	279.11
D83.1	279.11
D83.2	279.11
D83.8	279.11
D83.9	279.11
R76.0	279.7
R76.8	279.7
R76.9	279.7
D82.2	279.8
D82.3	279.8
D82.4	279.8
D82.8	279.8
D82.9	279.8
D84.0	279.8
D89.8	279.8
D50	280
D50.0	280
D50.1	280
D50.8	280
D50.9	280
D50	280.1
D50.0	280.1
D50.1	280.1
D50.8	280.1
D50.9	280.1
D50.0	280.2
D51	281
D51.0	281
D51.1	281
D51.2	281
D51.3	281
D51.8	281
D51.9	281
D52	281
D52.0	281
D52.1	281
D52.8	281
D52.9	281
D53.0	281
D53.1	281
D53.2	281
D53.8	281
D53.9	281
D51	281.1
D51.0	281.1
D51.1	281.1
D51.2	281.1
D51.3	281.1
D51.8	281.1
D51.9	281.1
D52	281.1
D52.0	281.1
D52.1	281.1
D52.8	281.1
D52.9	281.1
D53.1	281.1
D51.0	281.11
D51	281.12
D51.0	281.12
D51.1	281.12
D51.2	281.12
D51.3	281.12
D51.8	281.12
D51.9	281.12
D52	281.13
D52.0	281.13
D52.1	281.13
D52.8	281.13
D52.9	281.13
D53.9	281.9
D55	282
D55.0	282
D55.1	282
D55.2	282
D55.3	282
D55.8	282
D55.9	282
D56	282
D56.0	282
D56.1	282
D56.2	282
D56.3	282
D56.4	282
D56.8	282
D56.9	282
D57	282
D57.0	282
D57.1	282
D57.2	282
D57.3	282
D57.8	282
D58	282
D58.0	282
D58.1	282
D58.2	282
D58.8	282
D58.9	282
M90.4	282
M90.40	282
M90.41	282
M90.42	282
M90.43	282
M90.44	282
M90.45	282
M90.46	282
M90.47	282
M90.48	282
M90.49	282
D57	282.5
D57.0	282.5
D57.1	282.5
D57.2	282.5
D57.3	282.5
D57.8	282.5
D56	282.8
D56.0	282.8
D56.1	282.8
D56.2	282.8
D56.3	282.8
D56.4	282.8
D56.8	282.8
D56.9	282.8
D57.2	282.8
D58.2	282.8
M90.4	282.8
M90.40	282.8
M90.41	282.8
M90.42	282.8
M90.43	282.8
M90.44	282.8
M90.45	282.8
M90.46	282.8
M90.47	282.8
M90.48	282.8
M90.49	282.8
D55	282.9
D55.0	282.9
D55.1	282.9
D55.2	282.9
D55.3	282.9
D55.8	282.9
D55.9	282.9
D58	282.9
D58.0	282.9
D58.1	282.9
D58.2	282.9
D58.8	282.9
D58.9	282.9
D59	283
D59.0	283
D59.1	283
D59.2	283
D59.3	283
D59.4	283
D59.5	283
D59.6	283
D59.8	283
D59.9	283
D59.0	283.1
D59.1	283.1
D59.2	283.2
D59.3	283.2
D59.4	283.2
D59.3	283.21
D60	284
D60.0	284
D60.1	284
D60.8	284
D60.9	284
D61	284
D61.0	284
D61.1	284
D61.2	284
D61.3	284
D61.8	284
D61.9	284
D61.0	284.2
D62	285
D63.0	285
D63.8	285
D64	285
D64.0	285
D64.1	285
D64.2	285
D64.3	285
D64.4	285
D64.8	285
D64.9	285
D62	285.1
D63.0	285.2
D63.8	285.2
D63.0	285.22
D64.0	285.3
D64.1	285.3
D64.2	285.3
D64.3	285.3
D59.5	285.8
D59.6	285.8
D59.8	285.8
R82.3	285.8
D65	286
D66	286
D67	286
D68	286
D68.0	286
D68.1	286
D68.2	286
D68.3	286
D68.4	286
D68.5	286
D68.6	286
D68.8	286
D68.9	286
D66	286.1
D67	286.1
D68.0	286.1
D68.1	286.1
D68.2	286.1
D68.0	286.11
D68.2	286.12
D66	286.13
O72.3	286.3
O99.1	286.3
D68.4	286.4
D68.3	286.5
D65	286.6
D68	286.6
D68.0	286.6
D68.1	286.6
D68.2	286.6
D68.3	286.6
D68.4	286.6
D68.5	286.6
D68.6	286.6
D68.8	286.6
D68.9	286.6
D68.8	286.7
D68.9	286.7
D69	287
D69.0	287
D69.1	287
D69.2	287
D69.3	287
D69.4	287
D69.5	287
D69.6	287
D69.8	287
D69.9	287
R23.3	287.1
D69.0	287.2
D69.3	287.3
D69.4	287.3
D69.5	287.3
D69.6	287.3
D69.3	287.31
D69.4	287.31
D69.5	287.32
D69.1	287.4
D70	288
D71	288
D72	288
D72.0	288
D72.1	288
D72.8	288
D72.9	288
D76.1	288
D76.2	288
D76.3	288
R72	288
D70	288.1
D70	288.11
D72	288.2
D72.0	288.2
D72.1	288.2
D72.8	288.2
D72.9	288.2
D72.1	288.3
D74	289
D74.0	289
D74.8	289
D74.9	289
D75	289
D75.0	289
D75.1	289
D75.2	289
D75.8	289
D75.9	289
D77	289
D89.2	289
R71	289
Z86.2	289
Z86.2	289.3
I88	289.4
I88.0	289.4
I88.1	289.4
I88.8	289.4
I88.9	289.4
L04	289.4
L04.0	289.4
L04.1	289.4
L04.2	289.4
L04.3	289.4
L04.8	289.4
L04.9	289.4
R59	289.4
R59.0	289.4
R59.1	289.4
R59.9	289.4
D73	289.5
D73.0	289.5
D73.1	289.5
D73.2	289.5
D73.3	289.5
D73.4	289.5
D73.5	289.5
D73.8	289.5
D73.9	289.5
D75.1	289.8
D74	289.9
D74.0	289.9
D74.8	289.9
D74.9	289.9
D75.0	289.9
R71	289.9
F00	290
F00.0	290
F00.1	290
F00.2	290
F00.9	290
F01	290
F01.0	290
F01.1	290
F01.2	290
F01.3	290
F01.8	290
F01.9	290
F02	290
F02.0	290
F02.1	290
F02.2	290
F02.3	290
F02.4	290
F02.8	290
F03	290
F05.1	290
F05.8	290
F05.9	290
F09	290
F10.4	290
G30	290
G30.0	290
G30.1	290
G30.8	290
G30.9	290
G31.1	290
R54	290
F00	290.1
F00.0	290.1
F00.1	290.1
F00.2	290.1
F00.9	290.1
F01	290.1
F01.0	290.1
F01.1	290.1
F01.2	290.1
F01.3	290.1
F01.8	290.1
F01.9	290.1
F02	290.1
F02.0	290.1
F02.1	290.1
F02.2	290.1
F02.3	290.1
F02.4	290.1
F02.8	290.1
F03	290.1
G30	290.1
G30.0	290.1
G30.1	290.1
G30.8	290.1
G30.9	290.1
G31.1	290.1
F00.0	290.11
F00.1	290.11
F00.2	290.11
G30	290.11
G30.0	290.11
G30.1	290.11
G30.8	290.11
G30.9	290.11
F02.3	290.12
G31.1	290.12
F01	290.16
F01.0	290.16
F01.1	290.16
F01.2	290.16
F01.3	290.16
F01.8	290.16
F01.9	290.16
F05.1	290.2
F05.8	290.2
F05.9	290.2
F10.4	290.2
F02.4	290.3
F06.5	290.3
F06.6	290.3
F18.1	290.3
F18.2	290.3
F18.5	290.3
F18.9	290.3
F19.0	290.3
F19.1	290.3
F19.2	290.3
F19.3	290.3
F19.4	290.3
F19.5	290.3
F19.8	290.3
F19.9	290.3
F62.0	290.3
F06	291
F06.0	291
F06.1	291
F06.2	291
F06.3	291
F06.4	291
F06.5	291
F06.6	291
F06.7	291
F06.8	291
F06.9	291
F07.0	291
F07.1	291
F07.2	291
F07.8	291
F07.9	291
F23	291
F23.0	291
F23.1	291
F23.2	291
F23.3	291
F23.8	291
F23.9	291
G47.1	291
R40.0	291
R40.1	291
F06.1	291.1
F23	291.1
F23.0	291.1
F23.1	291.1
F23.2	291.1
F23.3	291.1
F23.8	291.1
F23.9	291.1
F06	291.4
F06.0	291.4
F06.1	291.4
F06.2	291.4
F06.3	291.4
F06.4	291.4
F06.5	291.4
F06.6	291.4
F06.7	291.4
F06.8	291.4
F06.9	291.4
F07.0	291.4
F07.1	291.4
F07.2	291.4
F07.8	291.4
F07.9	291.4
G47.1	291.8
R40.0	291.8
R40.1	291.8
F06.7	292
R41	292
R41.0	292
R41.1	292
R41.2	292
R41.3	292
R41.8	292
R44.0	292
R44.2	292
R44.3	292
R47.0	292
R47.1	292
R47.8	292
R48.0	292
R48.1	292
R48.2	292
R48.8	292
R47.0	292.1
R47.1	292.1
R47.8	292.1
R48.0	292.1
R48.1	292.1
R48.2	292.1
R48.8	292.1
R48.0	292.12
R48.1	292.12
R48.2	292.12
R48.8	292.12
F06.7	292.2
R41.1	292.3
R41.2	292.3
R41.3	292.3
R41.0	292.4
R44.0	292.6
R44.2	292.6
R44.3	292.6
R06.5	293
R06.7	293
R19.6	293
R22.0	293.1
R22.1	293.1
R90.0	293.1
F06.0	295
F06.2	295
F20	295
F20.0	295
F20.1	295
F20.2	295
F20.3	295
F20.4	295
F20.5	295
F20.6	295
F20.8	295
F20.9	295
F22	295
F22.0	295
F22.8	295
F22.9	295
F23.2	295
F23.3	295
F24	295
F25	295
F25.0	295
F25.1	295
F25.2	295
F25.8	295
F25.9	295
F29	295
F44.3	295
F44.8	295
F20	295.1
F20.0	295.1
F20.1	295.1
F20.2	295.1
F20.3	295.1
F20.4	295.1
F20.5	295.1
F20.6	295.1
F20.8	295.1
F20.9	295.1
F25	295.1
F25.0	295.1
F25.1	295.1
F25.2	295.1
F25.8	295.1
F25.9	295.1
F22	295.2
F22.0	295.2
F22.8	295.2
F22.9	295.2
F23.3	295.2
F24	295.2
F06.0	295.3
F06.2	295.3
F23.2	295.3
F29	295.3
F06.3	296
F20.4	296
F30	296
F30.0	296
F30.1	296
F30.2	296
F30.8	296
F30.9	296
F31	296
F31.0	296
F31.1	296
F31.2	296
F31.3	296
F31.4	296
F31.5	296
F31.6	296
F31.7	296
F31.8	296
F31.9	296
F32.8	296
F33.0	296
F33.1	296
F33.2	296
F33.3	296
F33.4	296
F33.8	296
F34	296
F34.0	296
F34.1	296
F34.8	296
F34.9	296
F38.0	296
F38.1	296
F38.8	296
F39	296
F30	296.1
F30.0	296.1
F30.1	296.1
F30.2	296.1
F30.8	296.1
F30.9	296.1
F31	296.1
F31.0	296.1
F31.1	296.1
F31.2	296.1
F31.3	296.1
F31.4	296.1
F31.5	296.1
F31.6	296.1
F31.7	296.1
F31.8	296.1
F31.9	296.1
F20.4	296.2
F32.8	296.2
F33.0	296.2
F33.1	296.2
F33.2	296.2
F33.3	296.2
F33.4	296.2
F33.8	296.2
F20.4	296.22
F32.8	296.22
F33.0	296.22
F33.1	296.22
F33.2	296.22
F33.3	296.22
F33.4	296.22
F33.8	296.22
X71	297
X71.0	297
X71.1	297
X71.2	297
X71.3	297
X71.4	297
X71.5	297
X71.6	297
X71.7	297
X71.8	297
X71.9	297
X72	297
X72.0	297
X72.1	297
X72.2	297
X72.3	297
X72.4	297
X72.5	297
X72.6	297
X72.7	297
X72.8	297
X72.9	297
X73	297
X73.0	297
X73.1	297
X73.2	297
X73.3	297
X73.4	297
X73.5	297
X73.6	297
X73.7	297
X73.8	297
X73.9	297
X75	297
X75.0	297
X75.1	297
X75.2	297
X75.3	297
X75.4	297
X75.5	297
X75.6	297
X75.7	297
X75.8	297
X75.9	297
X76	297
X76.0	297
X76.09	297
X76.1	297
X76.2	297
X76.3	297
X76.4	297
X76.5	297
X76.6	297
X76.7	297
X76.8	297
X76.9	297
X77	297
X77.0	297
X77.1	297
X77.2	297
X77.3	297
X77.4	297
X77.5	297
X77.6	297
X77.7	297
X77.8	297
X77.9	297
X78	297
X78.0	297
X78.1	297
X78.2	297
X78.3	297
X78.4	297
X78.5	297
X78.6	297
X78.7	297
X78.8	297
X78.9	297
X78.99	297
X79	297
X79.0	297
X79.1	297
X79.2	297
X79.3	297
X79.4	297
X79.5	297
X79.6	297
X79.7	297
X79.8	297
X79.9	297
X80	297
X80.0	297
X80.1	297
X80.2	297
X80.3	297
X80.4	297
X80.5	297
X80.6	297
X80.7	297
X80.8	297
X80.9	297
X82	297
X82.0	297
X82.1	297
X82.2	297
X82.3	297
X82.4	297
X82.5	297
X82.6	297
X82.7	297
X82.8	297
X82.9	297
X83	297
X83.0	297
X83.1	297
X83.2	297
X83.3	297
X83.4	297
X83.5	297
X83.6	297
X83.7	297
X83.8	297
X83.9	297
X84	297
X84.0	297
X84.1	297
X84.2	297
X84.3	297
X84.4	297
X84.5	297
X84.6	297
X84.7	297
X84.8	297
X84.9	297
Y22	297
Y22.0	297
Y22.1	297
Y22.2	297
Y22.3	297
Y22.4	297
Y22.5	297
Y22.6	297
Y22.7	297
Y22.8	297
Y22.9	297
Y23	297
Y23.0	297
Y23.1	297
Y23.2	297
Y23.3	297
Y23.4	297
Y23.5	297
Y23.6	297
Y23.7	297
Y23.8	297
Y23.9	297
Y24	297
Y24.0	297
Y24.1	297
Y24.2	297
Y24.3	297
Y24.4	297
Y24.5	297
Y24.6	297
Y24.7	297
Y24.8	297
Y24.9	297
Y25	297
Y25.0	297
Y25.1	297
Y25.2	297
Y25.3	297
Y25.4	297
Y25.5	297
Y25.6	297
Y25.7	297
Y25.8	297
Y25.9	297
Y26	297
Y26.0	297
Y26.1	297
Y26.2	297
Y26.3	297
Y26.4	297
Y26.5	297
Y26.6	297
Y26.7	297
Y26.8	297
Y26.9	297
Y27	297
Y27.0	297
Y27.1	297
Y27.2	297
Y27.3	297
Y27.4	297
Y27.5	297
Y27.6	297
Y27.7	297
Y27.8	297
Y27.9	297
Y28	297
Y28.0	297
Y28.1	297
Y28.2	297
Y28.3	297
Y28.4	297
Y28.5	297
Y28.59	297
Y28.6	297
Y28.7	297
Y28.8	297
Y28.9	297
Y29	297
Y29.0	297
Y29.1	297
Y29.2	297
Y29.3	297
Y29.4	297
Y29.5	297
Y29.6	297
Y29.7	297
Y29.8	297
Y29.9	297
Y31	297
Y31.0	297
Y31.1	297
Y31.2	297
Y31.3	297
Y31.4	297
Y31.5	297
Y31.6	297
Y31.7	297
Y31.8	297
Y31.9	297
Y32	297
Y32.0	297
Y32.1	297
Y32.2	297
Y32.3	297
Y32.4	297
Y32.5	297
Y32.6	297
Y32.7	297
Y32.8	297
Y32.9	297
Y33	297
Y33.0	297
Y33.1	297
Y33.2	297
Y33.3	297
Y33.4	297
Y33.5	297
Y33.6	297
Y33.7	297
Y33.8	297
Y33.9	297
Y87.0	297
Y87.2	297
Z91.5	297
X71	297.2
X71.0	297.2
X71.1	297.2
X71.2	297.2
X71.3	297.2
X71.4	297.2
X71.5	297.2
X71.6	297.2
X71.7	297.2
X71.8	297.2
X71.9	297.2
X72	297.2
X72.0	297.2
X72.1	297.2
X72.2	297.2
X72.3	297.2
X72.4	297.2
X72.5	297.2
X72.6	297.2
X72.7	297.2
X72.8	297.2
X72.9	297.2
X73	297.2
X73.0	297.2
X73.1	297.2
X73.2	297.2
X73.3	297.2
X73.4	297.2
X73.5	297.2
X73.6	297.2
X73.7	297.2
X73.8	297.2
X73.9	297.2
X75	297.2
X75.0	297.2
X75.1	297.2
X75.2	297.2
X75.3	297.2
X75.4	297.2
X75.5	297.2
X75.6	297.2
X75.7	297.2
X75.8	297.2
X75.9	297.2
X76	297.2
X76.0	297.2
X76.09	297.2
X76.1	297.2
X76.2	297.2
X76.3	297.2
X76.4	297.2
X76.5	297.2
X76.6	297.2
X76.7	297.2
X76.8	297.2
X76.9	297.2
X77	297.2
X77.0	297.2
X77.1	297.2
X77.2	297.2
X77.3	297.2
X77.4	297.2
X77.5	297.2
X77.6	297.2
X77.7	297.2
X77.8	297.2
X77.9	297.2
X78	297.2
X78.0	297.2
X78.1	297.2
X78.2	297.2
X78.3	297.2
X78.4	297.2
X78.5	297.2
X78.6	297.2
X78.7	297.2
X78.8	297.2
X78.9	297.2
X78.99	297.2
X79	297.2
X79.0	297.2
X79.1	297.2
X79.2	297.2
X79.3	297.2
X79.4	297.2
X79.5	297.2
X79.6	297.2
X79.7	297.2
X79.8	297.2
X79.9	297.2
X80	297.2
X80.0	297.2
X80.1	297.2
X80.2	297.2
X80.3	297.2
X80.4	297.2
X80.5	297.2
X80.6	297.2
X80.7	297.2
X80.8	297.2
X80.9	297.2
X82	297.2
X82.0	297.2
X82.1	297.2
X82.2	297.2
X82.3	297.2
X82.4	297.2
X82.5	297.2
X82.6	297.2
X82.7	297.2
X82.8	297.2
X82.9	297.2
X83	297.2
X83.0	297.2
X83.1	297.2
X83.2	297.2
X83.3	297.2
X83.4	297.2
X83.5	297.2
X83.6	297.2
X83.7	297.2
X83.8	297.2
X83.9	297.2
X84	297.2
X84.0	297.2
X84.1	297.2
X84.2	297.2
X84.3	297.2
X84.4	297.2
X84.5	297.2
X84.6	297.2
X84.7	297.2
X84.8	297.2
X84.9	297.2
Y87.0	297.2
Z91.5	297.2
F06.4	300
F34.1	300
F40	300
F40.0	300
F40.1	300
F40.2	300
F40.8	300
F40.9	300
F41.0	300
F41.1	300
F41.2	300
F41.3	300
F41.8	300
F41.9	300
F42	300
F42.0	300
F42.1	300
F42.2	300
F42.8	300
F42.9	300
F43.0	300
F43.1	300
F48.0	300
F48.9	300
F93.1	300
F93.2	300
F99	300
R45.2	300
R45.5	300
R45.7	300
F06.4	300.1
F40	300.1
F40.0	300.1
F40.1	300.1
F40.2	300.1
F40.8	300.1
F40.9	300.1
F41.0	300.1
F41.1	300.1
F41.2	300.1
F41.3	300.1
F41.8	300.1
F41.9	300.1
F93.1	300.1
F93.2	300.1
F41.1	300.11
F40.0	300.12
F40.1	300.12
F41.0	300.12
F93.2	300.12
F40	300.13
F40.0	300.13
F40.1	300.13
F40.2	300.13
F40.8	300.13
F40.9	300.13
F93.1	300.13
F42	300.3
F42.0	300.3
F42.1	300.3
F42.2	300.3
F42.8	300.3
F42.9	300.3
F34.1	300.4
F43.0	300.8
R45.7	300.8
F43.1	300.9
F21	301
F34.0	301
F60.0	301
F60.1	301
F60.2	301
F60.3	301
F60.4	301
F60.5	301
F60.6	301
F60.7	301
F60.8	301
F60.9	301
F61	301
F68.0	301
F68.1	301
F69	301
F21	301.1
F60.1	301.1
F60.5	301.1
F60.2	301.2
F60.3	301.2
F52	302
F52.0	302
F52.1	302
F52.2	302
F52.3	302
F52.4	302
F52.5	302
F52.6	302
F52.7	302
F52.8	302
F52.9	302
F64	302
F64.0	302
F64.1	302
F64.2	302
F64.8	302
F64.9	302
F65.0	302
F65.1	302
F65.2	302
F65.3	302
F65.4	302
F65.5	302
F65.9	302
F66.0	302
F66.1	302
F66.2	302
F66.9	302
F52.0	302.1
F44.2	303
F44.4	303
F44.5	303
F44.6	303
F45	303
F45.0	303
F45.1	303
F45.2	303
F45.3	303
F45.4	303
F45.8	303
F45.9	303
F48.8	303
F59	303
F68.8	303
F44	303.1
F44.0	303.1
F44.1	303.1
F44.2	303.1
F44.3	303.1
F44.4	303.1
F44.5	303.1
F44.6	303.1
F44.7	303.1
F44.8	303.1
F44.9	303.1
F48.1	303.1
F45.3	303.3
F45.8	303.3
F59	303.3
F44.4	303.4
F44.5	303.4
F44.6	303.4
F45	303.4
F45.0	303.4
F45.1	303.4
F45.2	303.4
F45.3	303.4
F45.4	303.4
F45.8	303.4
F45.9	303.4
F43.2	304
F43.8	304
F43.9	304
F94.8	304
F50	305.2
F50.0	305.2
F50.1	305.2
F50.2	305.2
F50.3	305.2
F50.4	305.2
F50.5	305.2
F50.8	305.2
F50.9	305.2
F98.3	305.2
F50.0	305.21
F54	306
F62.1	306
G21.0	306
G44.2	306
Z04.6	306
Z86.4	306
Z86.5	306
G44.2	306.9
F63	312
F63.0	312
F63.1	312
F63.2	312
F63.3	312
F63.8	312
F63.9	312
F91	312
F91.0	312
F91.1	312
F91.2	312
F91.3	312
F91.8	312
F91.9	312
F92	312
F92.0	312
F92.8	312
F92.9	312
F63	312.3
F63.0	312.3
F63.1	312.3
F63.2	312.3
F63.3	312.3
F63.8	312.3
F63.9	312.3
F84	313
F84.0	313
F84.1	313
F84.2	313
F84.3	313
F84.4	313
F84.5	313
F84.8	313
F84.9	313
F90	313
F90.0	313
F90.1	313
F90.8	313
F90.9	313
F93	313
F93.0	313
F93.1	313
F93.2	313
F93.3	313
F93.8	313
F93.9	313
F94.0	313
F94.1	313
F94.2	313
F94.9	313
F95	313
F95.0	313
F95.1	313
F95.2	313
F95.8	313
F95.9	313
F98.0	313
F98.1	313
F98.4	313
F98.5	313
F98.8	313
F98.9	313
F90	313.1
F90.0	313.1
F90.1	313.1
F90.8	313.1
F90.9	313.1
F95	313.2
F95.0	313.2
F95.1	313.2
F95.2	313.2
F95.8	313.2
F95.9	313.2
F98.4	313.2
F98.5	313.2
F84	313.3
F84.0	313.3
F84.1	313.3
F84.2	313.3
F84.3	313.3
F84.4	313.3
F84.5	313.3
F84.8	313.3
F84.9	313.3
F70	315
F70.0	315
F70.1	315
F70.8	315
F70.9	315
F71	315
F71.0	315
F71.1	315
F71.8	315
F71.9	315
F72	315
F72.0	315
F72.1	315
F72.8	315
F72.9	315
F73	315
F73.0	315
F73.1	315
F73.8	315
F73.9	315
F78.9	315
F79	315
F79.0	315
F79.1	315
F79.8	315
F79.9	315
F80	315
F80.0	315
F80.1	315
F80.2	315
F80.3	315
F80.8	315
F80.9	315
F82	315
F88	315
F89	315
F98.6	315
R45.1	315
F81.0	315.1
F81.1	315.1
F81.2	315.1
F81.8	315.1
F81.9	315.1
F80	315.2
F80.0	315.2
F80.1	315.2
F80.2	315.2
F80.3	315.2
F80.8	315.2
F80.9	315.2
F98.6	315.2
F70	315.3
F70.0	315.3
F70.1	315.3
F70.8	315.3
F70.9	315.3
F71	315.3
F71.0	315.3
F71.1	315.3
F71.8	315.3
F71.9	315.3
F72	315.3
F72.0	315.3
F72.1	315.3
F72.8	315.3
F72.9	315.3
F73	315.3
F73.0	315.3
F73.1	315.3
F73.8	315.3
F73.9	315.3
F78.9	315.3
F79	315.3
F79.0	315.3
F79.1	315.3
F79.8	315.3
F79.9	315.3
F10	316
F10.0	316
F10.1	316
F10.2	316
F10.3	316
F10.4	316
F10.5	316
F10.6	316
F10.7	316
F10.8	316
F10.9	316
F11.0	316
F11.1	316
F11.2	316
F11.3	316
F11.4	316
F11.5	316
F11.7	316
F11.9	316
F12.0	316
F12.1	316
F12.2	316
F12.5	316
F12.8	316
F12.9	316
F13.0	316
F13.1	316
F13.2	316
F13.3	316
F13.4	316
F14.0	316
F14.1	316
F14.2	316
F14.5	316
F14.9	316
F15.0	316
F15.1	316
F15.2	316
F15.3	316
F15.5	316
F15.8	316
F15.9	316
F16.1	316
F16.2	316
F16.3	316
F16.5	316
F16.8	316
F16.9	316
F55	316
G62.0	316
T40.1	316
T40.3	316
G62.0	316.1
F10.0	317
F10.1	317
F10.2	317
F10.3	317
F10.5	317
F10.6	317
F10.7	317
F10.8	317
F10.9	317
G62.1	317
K29.2	317
K70	317
K70.0	317
K70.1	317
K70.2	317
K70.3	317
K70.4	317
K70.9	317
R78.0	317
T51.0	317
Z72.1	317
F10.3	317.1
F10.6	317.1
F10.7	317.1
G62.1	317.1
K29.2	317.1
K70	317.1
K70.0	317.1
K70.1	317.1
K70.2	317.1
K70.3	317.1
K70.4	317.1
K70.9	317.1
Z72.1	317.1
K70	317.11
K70.0	317.11
K70.1	317.11
K70.2	317.11
K70.3	317.11
K70.4	317.11
K70.9	317.11
F17.0	318
F17.1	318
F17.2	318
F17.3	318
F17.4	318
F17.9	318
A39.0	320
A87	320
A87.0	320
A87.1	320
A87.2	320
A87.8	320
A87.9	320
B00.3	320
B01.0	320
B02.1	320
B26.1	320
B37.5	320
B38.4	320
B45.1	320
G00	320
G00.0	320
G00.1	320
G00.2	320
G00.3	320
G00.8	320
G00.9	320
G01	320
G02	320
G02.0	320
G02.1	320
G02.8	320
G03	320
G03.0	320
G03.1	320
G03.2	320
G03.8	320
G03.9	320
G04.2	320
A81.1	323
A83	323
A83.0	323
A83.1	323
A83.2	323
A83.3	323
A83.4	323
A83.5	323
A83.6	323
A83.8	323
A83.9	323
A84	323
A84.0	323
A84.1	323
A84.8	323
A84.9	323
A85	323
A85.0	323
A85.1	323
A85.2	323
A85.8	323
A86	323
A88.8	323
A89	323
A92.2	323
B00.4	323
B01.1	323
B02.0	323
B05.0	323
B26.2	323
B58.2	323
B94.1	323
G04	323
G04.0	323
G04.1	323
G04.2	323
G04.8	323
G04.9	323
G05	323
G05.0	323
G05.1	323
G05.2	323
G05.8	323
G37.3	323
G37.4	323
G37.3	323.2
G37.4	323.8
A80	324
A80.0	324
A80.1	324
A80.2	324
A80.3	324
A80.4	324
A80.9	324
A81	324
A81.0	324
A81.1	324
A81.2	324
A81.8	324
A81.9	324
A88.0	324
B91	324
F02.1	324
G06	324
G06.0	324
G06.1	324
G06.2	324
G07	324
G09	324
I67.3	324
A81.0	324.1
F02.1	324.1
G08	325
F51	327
F51.0	327
F51.1	327
F51.2	327
F51.3	327
F51.4	327
F51.5	327
F51.8	327
F51.9	327
G47	327
G47.0	327
G47.1	327
G47.2	327
G47.3	327
G47.4	327
G47.8	327
G47.9	327
F51.1	327.1
G47.3	327.3
F51.0	327.4
F51.5	327.4
G47.0	327.4
G47.0	327.41
F51.3	327.5
F51.4	327.5
F51.2	327.6
G47.2	327.6
E75.0	331
E75.1	331
E75.2	331
E75.4	331
F84.2	331
G13.2	331
G13.8	331
G31.0	331
G31.2	331
G31.8	331
G31.9	331
G91	331
G91.0	331
G91.1	331
G91.2	331
G91.3	331
G91.8	331
G91.9	331
G93.7	331
G94	331
G94.0	331
G94.1	331
G94.2	331
G94.8	331
G91	331.1
G91.0	331.1
G91.1	331.1
G91.2	331.1
G91.3	331.1
G91.8	331.1
G91.9	331.1
G94.0	331.1
G94.1	331.1
G94.2	331.1
G31.0	331.9
G31.9	331.9
G20	332
F02.2	333
G10	333
G23	333
G23.0	333
G23.1	333
G23.2	333
G23.3	333
G23.8	333
G23.9	333
G24	333
G24.0	333
G24.1	333
G24.2	333
G24.3	333
G24.4	333
G24.5	333
G24.8	333
G24.9	333
G25	333
G25.0	333
G25.1	333
G25.2	333
G25.3	333
G25.4	333
G25.5	333
G25.6	333
G25.8	333
G25.9	333
G26	333
G80.3	333
G25.0	333.1
G25.1	333.1
G25.2	333.1
G25.3	333.2
F02.2	333.3
G10	333.3
G25.4	333.3
G25.5	333.3
G25.6	333.3
G24	333.4
G24.0	333.4
G24.1	333.4
G24.2	333.4
G24.3	333.4
G24.4	333.4
G24.5	333.4
G24.8	333.4
G24.9	333.4
G80.3	333.4
G23	333.8
G23.0	333.8
G23.1	333.8
G23.2	333.8
G23.3	333.8
G23.8	333.8
G23.9	333.8
G11	334
G11.0	334
G11.1	334
G11.2	334
G11.3	334
G11.4	334
G11.8	334
G11.9	334
G12.0	334
G12.1	334
G12.2	334
G12.8	334
G12.9	334
G32.0	334
G95	334
G95.0	334
G95.1	334
G95.2	334
G95.8	334
G95.9	334
G99.2	334
G11	334.1
G11.0	334.1
G11.1	334.1
G11.2	334.1
G11.3	334.1
G11.4	334.1
G11.8	334.1
G11.9	334.1
G12.0	334.2
G12.1	334.2
G12.2	334.2
G12.8	334.2
G12.9	334.2
G35	335
G90	337
G90.0	337
G90.1	337
G90.2	337
G90.3	337
G90.4	337
G90.8	337
G90.9	337
G90.0	337.1
R52.0	338
R52.2	338
R52.9	338
R52.0	338.1
R52.9	338.1
R52.2	338.2
G44	339
G44.0	339
G44.1	339
G44.2	339
G44.3	339
G44.4	339
G44.8	339
R51	339
G43	340
G43.0	340
G43.1	340
G43.2	340
G43.3	340
G43.8	340
G43.9	340
G44.0	340
G43.1	340.1
G43.3	340.1
G36	341
G36.0	341
G36.1	341
G36.8	341
G36.9	341
G37	341
G37.0	341
G37.1	341
G37.2	341
G37.3	341
G37.4	341
G37.5	341
G37.8	341
G37.9	341
G81	342
G81.0	342
G81.1	342
G81.9	342
G80	343
G80.0	343
G80.1	343
G80.2	343
G80.3	343
G80.4	343
G80.8	343
G80.9	343
G04.1	344
G82.0	344
G82.1	344
G82.2	344
G82.3	344
G82.4	344
G82.5	344
G83	344
G83.0	344
G83.1	344
G83.2	344
G83.3	344
G83.4	344
G83.5	344
G83.8	344
G83.9	344
G40	345
G40.0	345
G40.1	345
G40.2	345
G40.3	345
G40.4	345
G40.5	345
G40.6	345
G40.7	345
G40.8	345
G40.9	345
G41	345
G41.0	345
G41.1	345
G41.2	345
G41.8	345
G41.9	345
R56	345
R56.0	345
R56.8	345
G40.0	345.1
G40.1	345.1
G40.2	345.1
G40.3	345.1
G40.8	345.1
G41	345.1
G41.0	345.1
G41.1	345.1
G41.2	345.1
G41.8	345.1
G41.9	345.1
G40.3	345.11
G40.0	345.12
G40.2	345.12
G40.4	345.3
G40.5	345.3
G40.6	345.3
G40.7	345.3
G41.2	345.3
R56	345.3
R56.0	345.3
R56.8	345.3
R94.0	346
R94.1	346
R93.0	346.1
R94.0	346.2
R83	346.3
R83.0	346.3
R83.1	346.3
R83.2	346.3
R83.3	346.3
R83.4	346.3
R83.5	346.3
R83.6	346.3
R83.7	346.3
R83.8	346.3
R83.9	346.3
G47.4	347
B22.0	348
G93.0	348
G93.1	348
G93.2	348
G93.4	348
G93.5	348
G93.6	348
G93.2	348.2
G93.5	348.2
G93.6	348.2
G93.0	348.4
E03.5	348.7
R40.2	348.7
B22.0	348.8
G93.4	348.8
G93.8	348.9
G93.9	348.9
G21	349
G21.0	349
G21.1	349
G21.2	349
G21.3	349
G21.4	349
G21.8	349
G21.9	349
G32.8	349
G92	349
G96	349
G96.0	349
G96.1	349
G96.8	349
G96.9	349
G97.8	349
G98	349
G99.8	349
R25	350
R25.0	350
R25.1	350
R25.2	350
R25.3	350
R25.8	350
R26	350
R26.0	350
R26.1	350
R26.2	350
R26.3	350
R26.8	350
R27	350
R27.0	350
R27.8	350
R29.0	350
R29.2	350
R25	350.1
R25.0	350.1
R25.1	350.1
R25.2	350.1
R25.3	350.1
R25.8	350.1
R29.0	350.1
R26	350.2
R26.0	350.2
R26.1	350.2
R26.2	350.2
R26.3	350.2
R26.8	350.2
R27	350.3
R27.0	350.3
R27.8	350.3
R29.2	350.5
R43	350.6
R43.0	350.6
R43.1	350.6
R43.2	350.6
R43.8	350.6
G56	351
G56.0	351
G56.1	351
G56.2	351
G56.3	351
G56.4	351
G56.8	351
G56.9	351
G57	351
G57.0	351
G57.1	351
G57.2	351
G57.3	351
G57.4	351
G57.5	351
G57.6	351
G57.8	351
G57.9	351
G58.0	351
G58.8	351
G58.9	351
G59	351
G59.0	351
G59.8	351
G50	352
G50.0	352
G50.1	352
G50.8	352
G50.9	352
G51	352
G51.0	352
G51.1	352
G51.2	352
G51.3	352
G51.4	352
G51.8	352
G51.9	352
G52	352
G52.0	352
G52.1	352
G52.2	352
G52.3	352
G52.7	352
G52.8	352
G52.9	352
G53	352
G53.0	352
G53.1	352
G53.2	352
G53.3	352
G53.8	352
G50	352.1
G50.0	352.1
G50.1	352.1
G50.8	352.1
G50.9	352.1
G51	352.2
G51.0	352.2
G51.1	352.2
G51.2	352.2
G51.3	352.2
G51.4	352.2
G51.8	352.2
G51.9	352.2
G54	353
G54.0	353
G54.1	353
G54.2	353
G54.3	353
G54.4	353
G54.5	353
G54.6	353
G54.7	353
G54.8	353
G54.9	353
G55	353
G55.0	353
G55.1	353
G55.2	353
G55.3	353
G55.8	353
G54.0	353.1
G54.1	353.1
G54.5	353.1
G54.2	353.2
G54.3	353.2
G54.4	353.2
G58.7	355
G60	356
G60.0	356
G60.1	356
G60.2	356
G60.3	356
G60.8	356
G60.9	356
G13.0	357
G13.1	357
G61	357
G61.0	357
G61.1	357
G61.8	357
G61.9	357
G62.2	357
G62.8	357
G62.9	357
G63	357
G63.0	357
G63.1	357
G63.2	357
G63.3	357
G63.4	357
G63.5	357
G63.6	357
G63.8	357
G64	357
G70.0	358
G70.1	358
G70.2	358
G70.8	358
G70.9	358
G73.1	358
G73.3	358
G70.0	358.1
G71	359
G71.0	359
G71.1	359
G71.2	359
G71.3	359
G71.8	359
G71.9	359
G72.0	359
G72.1	359
G72.2	359
G72.3	359
G72.4	359
G72.8	359
G72.9	359
G73.5	359
G73.6	359
G73.7	359
M60.9	359
M60.90	359
M60.91	359
M60.92	359
M60.93	359
M60.94	359
M60.95	359
M60.96	359
M60.97	359
M60.98	359
M60.99	359
M62.9	359
M62.90	359
M62.91	359
M62.92	359
M62.93	359
M62.94	359
M62.95	359
M62.96	359
M62.97	359
M62.98	359
M62.99	359
G71.0	359.1
G71.1	359.1
G71.2	359.1
G72.3	359.1
G71	359.2
G71.0	359.2
G71.1	359.2
G71.2	359.2
G71.3	359.2
G71.8	359.2
G71.9	359.2
G72.0	359.2
G72.1	359.2
G72.2	359.2
G72.4	359.2
G72.8	359.2
G72.9	359.2
G73.5	359.2
G73.6	359.2
G73.7	359.2
M60.9	359.2
M60.90	359.2
M60.91	359.2
M60.92	359.2
M60.93	359.2
M60.94	359.2
M60.95	359.2
M60.96	359.2
M60.97	359.2
M60.98	359.2
M60.99	359.2
M62.9	359.2
M62.90	359.2
M62.91	359.2
M62.92	359.2
M62.93	359.2
M62.94	359.2
M62.95	359.2
M62.96	359.2
M62.97	359.2
M62.98	359.2
M62.99	359.2
H44	360
H44.0	360
H44.1	360
H44.2	360
H44.3	360
H44.4	360
H44.5	360
H44.6	360
H44.7	360
H44.8	360
H44.9	360
H44.2	360.2
H44.4	360.3
H33	361
H33.0	361
H33.1	361
H33.2	361
H33.3	361
H33.4	361
H33.5	361
H33	361.1
H33.0	361.1
H33.1	361.1
H33.2	361.1
H33.3	361.1
H33.4	361.1
H33.5	361.1
H33.1	361.2
G45.3	362
H34	362
H34.0	362
H34.1	362
H34.2	362
H34.8	362
H34.9	362
H35	362
H35.0	362
H35.1	362
H35.2	362
H35.3	362
H35.4	362
H35.5	362
H35.6	362
H35.7	362
H35.8	362
H35.9	362
H36	362
H36.0	362
H36.8	362
H35.1	362.1
H35.3	362.2
H35.3	362.29
H35.2	362.3
H35.7	362.3
H35.7	362.31
G45.3	362.4
H34	362.4
H34.0	362.4
H34.1	362.4
H34.2	362.4
H34.8	362.4
H34.9	362.4
H35.0	362.4
H35.4	362.6
H35.5	362.7
H36	362.7
H36.0	362.7
H36.8	362.7
H35.6	362.8
H31	363
H31.0	363
H31.1	363
H31.2	363
H31.3	363
H31.4	363
H31.8	363
H31.9	363
H32	363
H32.0	363
H32.8	363
H31.0	363.3
H31.1	363.4
H31.2	363.4
H18	364
H18.0	364
H18.1	364
H18.2	364
H18.3	364
H18.4	364
H18.5	364
H18.6	364
H18.7	364
H18.8	364
H18.9	364
Z94.7	364
H17	364.1
H17.0	364.1
H17.1	364.1
H17.8	364.1
H17.9	364.1
H18.1	364.2
H18.2	364.2
H18.4	364.4
H18.6	364.4
H18.6	364.41
H18.5	364.5
Z94.7	364.9
H40	365
H40.0	365
H40.1	365
H40.2	365
H40.3	365
H40.4	365
H40.5	365
H40.6	365
H40.8	365
H40.9	365
H42	365
H42.0	365
H42.8	365
H40.1	365.1
H40.1	365.11
H40.2	365.2
H25	366
H25.0	366
H25.1	366
H25.2	366
H25.8	366
H25.9	366
H26	366
H26.0	366
H26.1	366
H26.2	366
H26.3	366
H26.4	366
H26.8	366
H26.9	366
H28.0	366
H28.1	366
H28.2	366
Z96.1	366
H26.0	366.1
H25	366.2
H25.0	366.2
H25.1	366.2
H25.2	366.2
H25.8	366.2
H25.9	366.2
H26.1	366.3
H52	367
H52.0	367
H52.1	367
H52.2	367
H52.3	367
H52.4	367
H52.5	367
H52.6	367
H52.7	367
H54	367
H54.0	367
H54.1	367
H54.2	367
H54.3	367
H54.4	367
H54.5	367
H54.6	367
H54.7	367
H54.9	367
Z97.3	367
H52.1	367.1
H52.2	367.2
H52.4	367.4
H52.0	367.8
H54	367.9
H54.0	367.9
H54.1	367.9
H54.2	367.9
H54.3	367.9
H54.4	367.9
H54.5	367.9
H54.6	367.9
H54.7	367.9
H54.9	367.9
H52.3	368
H52.5	368
H53	368
H53.0	368
H53.1	368
H53.2	368
H53.3	368
H53.4	368
H53.5	368
H53.6	368
H53.8	368
H53.9	368
R44.1	368
H53.0	368.1
H53.2	368.2
H53.3	368.2
H52.3	368.3
H53.4	368.4
H53.5	368.5
H52.5	368.7
H53.1	368.9
R44.1	368.9
A21.1	369
A71	369
A71.0	369
A71.1	369
A71.9	369
A74.0	369
B00.5	369
B02.3	369
B30	369
B30.0	369
B30.1	369
B30.2	369
B30.3	369
B30.8	369
B30.9	369
B94.0	369
H03.0	369
H03.1	369
H04.3	369
H05.0	369
H10	369
H10.0	369
H10.1	369
H10.2	369
H10.3	369
H10.4	369
H10.5	369
H10.8	369
H10.9	369
H44.1	369
B00.5	369.2
B02.3	369.2
B30	369.2
B30.0	369.2
B30.1	369.2
B30.2	369.2
B30.3	369.2
B30.8	369.2
B30.9	369.2
H10	369.5
H10.0	369.5
H10.1	369.5
H10.2	369.5
H10.3	369.5
H10.4	369.5
H10.5	369.5
H10.8	369.5
H10.9	369.5
H16	370
H16.0	370
H16.1	370
H16.2	370
H16.3	370
H16.4	370
H16.8	370
H16.9	370
H19.3	370
H16.0	370.1
H16.2	370.3
H00.0	371
H00.1	371
H01	371
H01.0	371
H01.1	371
H01.8	371
H01.9	371
H05.1	371
H10.4	371
H20	371
H20.0	371
H20.1	371
H20.2	371
H20.8	371
H20.9	371
H21.5	371
H22.8	371
H30	371
H30.0	371
H30.1	371
H30.2	371
H30.8	371
H30.9	371
H44.0	371
H20	371.1
H20.0	371.1
H20.1	371.1
H20.2	371.1
H20.8	371.1
H20.9	371.1
H21.5	371.1
H22.8	371.1
H30	371.1
H30.0	371.1
H30.1	371.1
H30.2	371.1
H30.8	371.1
H30.9	371.1
H10.4	371.2
H00.0	371.3
H00.1	371.3
H01	371.3
H01.0	371.3
H01.1	371.3
H01.8	371.3
H01.9	371.3
H01.1	371.33
H05.1	371.9
H11	372
H11.0	372
H11.1	372
H11.2	372
H11.3	372
H11.4	372
H11.8	372
H11.9	372
H13.8	372
H02	374
H02.0	374
H02.1	374
H02.2	374
H02.3	374
H02.4	374
H02.5	374
H02.6	374
H02.7	374
H02.8	374
H02.9	374
H03.8	374
H02.0	374.1
H02.1	374.1
H02.2	374.2
H02.3	374.3
H02.4	374.3
H04	375
H04.0	375
H04.1	375
H04.2	375
H04.3	375
H04.4	375
H04.5	375
H04.6	375
H04.8	375
H04.9	375
H04.2	375.2
H05	376
H05.0	376
H05.1	376
H05.2	376
H05.3	376
H05.4	376
H05.5	376
H05.8	376
H05.9	376
Q75.2	376
H46	377
H47.0	377
H47.1	377
H47.2	377
H47.3	377
H47.4	377
H47.5	377
H47.6	377
H47.7	377
H47.2	377.1
H46	377.3
H47.0	377.3
H49	378
H49.0	378
H49.1	378
H49.2	378
H49.3	378
H49.4	378
H49.8	378
H49.9	378
H50.0	378
H50.1	378
H50.2	378
H50.3	378
H50.4	378
H50.5	378
H50.6	378
H50.8	378
H50.9	378
H51	378
H51.0	378
H51.1	378
H51.2	378
H51.8	378
H51.9	378
H55	378
H50.0	378.1
H50.1	378.1
H50.2	378.1
H50.3	378.1
H50.4	378.1
H50.5	378.1
H50.6	378.1
H50.9	378.1
H55	378.2
H49	378.5
H49.0	378.5
H49.1	378.5
H49.2	378.5
H49.3	378.5
H49.4	378.5
H49.8	378.5
H49.9	378.5
H15	379
H15.0	379
H15.1	379
H15.8	379
H15.9	379
H19.2	379
H21	379
H21.0	379
H21.1	379
H21.2	379
H21.3	379
H21.4	379
H21.5	379
H21.8	379
H21.9	379
H22	379
H22.0	379
H22.1	379
H22.8	379
H25.8	379
H27	379
H27.0	379
H27.1	379
H27.8	379
H27.9	379
H28.8	379
H43	379
H43.0	379
H43.1	379
H43.2	379
H43.3	379
H43.8	379
H43.9	379
H45.0	379
H57.0	379
H57.8	379
H57.9	379
H15.0	379.1
H15.1	379.1
H43	379.2
H43.0	379.2
H43.1	379.2
H43.2	379.2
H43.3	379.2
H43.8	379.2
H43.9	379.2
H45.0	379.2
H25.8	379.3
H27	379.3
H27.0	379.3
H27.1	379.3
H27.8	379.3
H27.9	379.3
H28.8	379.3
H57.0	379.4
H21	379.5
H21.0	379.5
H21.1	379.5
H21.2	379.5
H21.3	379.5
H21.4	379.5
H21.5	379.5
H21.8	379.5
H21.9	379.5
H22	379.5
H22.0	379.5
H22.1	379.5
H22.8	379.5
H57.1	379.9
H61	380
H61.0	380
H61.1	380
H61.2	380
H61.3	380
H61.8	380
H61.9	380
H62.8	380
H60	380.1
H60.0	380.1
H60.1	380.1
H60.2	380.1
H60.3	380.1
H60.4	380.1
H60.5	380.1
H60.8	380.1
H60.9	380.1
H62	380.1
H62.0	380.1
H62.1	380.1
H62.2	380.1
H62.3	380.1
H62.4	380.1
H62.8	380.1
H61.2	380.4
B05.3	381
H65	381
H65.0	381
H65.1	381
H65.2	381
H65.3	381
H65.4	381
H65.9	381
H66	381
H66.0	381
H66.1	381
H66.2	381
H66.3	381
H66.4	381
H66.9	381
H67	381
H67.0	381
H67.1	381
H67.8	381
H68	381
H68.0	381
H68.1	381
H69	381
H69.0	381
H69.8	381
H69.9	381
H70	381
H70.0	381
H70.1	381
H70.2	381
H70.8	381
H70.9	381
H75	381
H75.0	381
H75.8	381
H92.1	381
H92.2	381
H95.1	381
B05.3	381.1
H65	381.1
H65.0	381.1
H65.1	381.1
H65.2	381.1
H65.3	381.1
H65.4	381.1
H65.9	381.1
H66	381.1
H66.0	381.1
H66.1	381.1
H66.2	381.1
H66.3	381.1
H66.4	381.1
H66.9	381.1
H67	381.1
H67.0	381.1
H67.1	381.1
H67.8	381.1
H66	381.11
H66.0	381.11
H66.1	381.11
H66.2	381.11
H66.3	381.11
H66.4	381.11
H66.9	381.11
H67	381.11
H67.0	381.11
H67.1	381.11
H67.8	381.11
H68	381.2
H68.0	381.2
H68.1	381.2
H69	381.2
H69.0	381.2
H69.8	381.2
H69.9	381.2
H70	381.3
H70.0	381.3
H70.1	381.3
H70.2	381.3
H70.8	381.3
H70.9	381.3
H75	381.3
H75.0	381.3
H75.8	381.3
H95.1	381.3
H92.1	381.9
H92.2	381.9
H92.0	382
H80	383
H80.0	383
H80.1	383
H80.2	383
H80.8	383
H80.9	383
H72	384
H72.0	384
H72.1	384
H72.2	384
H72.8	384
H72.9	384
H73	384
H73.0	384
H73.1	384
H73.8	384
H73.9	384
H73.0	384.1
H73.1	384.1
H72	384.4
H72.0	384.4
H72.1	384.4
H72.2	384.4
H72.8	384.4
H72.9	384.4
H60.4	385
H71	385
H74	385
H74.0	385
H74.1	385
H74.2	385
H74.3	385
H74.4	385
H74.8	385
H74.9	385
H95.0	385
H60.4	385.3
H71	385.3
H74.4	385.3
H95.0	385.3
H74.0	385.5
H74.1	385.5
H74.2	385.5
H74.3	385.5
A88.1	386
H81	386
H81.0	386
H81.1	386
H81.2	386
H81.3	386
H81.4	386
H81.8	386
H81.9	386
H82	386
H83.0	386
H83.1	386
H83.2	386
H83.9	386
H81.0	386.1
A88.1	386.2
H81.1	386.2
H81.3	386.2
H81.4	386.2
H81.4	386.21
H82	386.3
H83.0	386.3
H83.1	386.3
H83.2	386.3
R42	386.9
H93.8	388
H93.9	388
H94.8	388
H95.8	388
H95.9	388
H83.3	389
H90	389
H90.0	389
H90.1	389
H90.2	389
H90.3	389
H90.4	389
H90.5	389
H90.6	389
H90.7	389
H90.8	389
H91.0	389
H91.1	389
H91.2	389
H91.3	389
H91.8	389
H91.9	389
H93.0	389
H93.1	389
H93.2	389
H93.3	389
H94.0	389
Z46.1	389
Z97.4	389
H90.3	389.1
H90.4	389.1
H90.5	389.1
H90.0	389.2
H90.1	389.2
H90.2	389.2
H83.3	389.3
H91.1	389.3
H93.0	389.3
H93.1	389.4
H93.2	389.5
H93.3	389.5
H94.0	389.5
I01	394
I01.0	394
I01.1	394
I01.2	394
I01.8	394
I01.9	394
I02.0	394
I05	394
I05.0	394
I05.1	394
I05.2	394
I05.8	394
I05.9	394
I06	394
I06.0	394
I06.1	394
I06.2	394
I06.8	394
I06.9	394
I07	394
I07.0	394
I07.1	394
I07.2	394
I07.8	394
I07.9	394
I08.0	394
I08.1	394
I08.2	394
I08.3	394
I08.9	394
I09	394
I09.0	394
I09.1	394
I09.2	394
I09.8	394
I09.9	394
I35.1	394
I35.2	394
I35.8	394
I35.9	394
I05	394.2
I05.0	394.2
I05.1	394.2
I05.2	394.2
I05.8	394.2
I05.9	394.2
I08.1	394.2
I06.0	394.3
I06.1	394.3
I06.2	394.3
I35.1	394.3
I35.2	394.3
I35.8	394.3
I35.9	394.3
I01	394.4
I01.0	394.4
I01.1	394.4
I01.2	394.4
I01.8	394.4
I01.9	394.4
I02.0	394.4
I09	394.4
I09.0	394.4
I09.1	394.4
I09.2	394.4
I09.8	394.4
I09.9	394.4
I07	394.7
I07.0	394.7
I07.1	394.7
I07.2	394.7
I07.8	394.7
I07.9	394.7
I08.2	394.7
I34	395
I34.0	395
I34.1	395
I34.2	395
I34.8	395
I34.9	395
I35	395
I35.0	395
I35.1	395
I35.2	395
I35.8	395
I35.9	395
I36	395
I36.0	395
I36.1	395
I36.2	395
I36.8	395
I36.9	395
I37	395
I37.0	395
I37.1	395
I37.2	395
I37.8	395
I37.9	395
I39	395
I39.0	395
I39.1	395
I39.2	395
I39.3	395
I39.4	395
I39.8	395
Z95.2	395
Z95.3	395
Z95.4	395
I34	395.1
I34.0	395.1
I34.1	395.1
I34.2	395.1
I34.8	395.1
I34.9	395.1
I35	395.2
I35.0	395.2
I35.1	395.2
I35.2	395.2
I35.8	395.2
I35.9	395.2
I36	395.3
I36.0	395.3
I36.1	395.3
I36.2	395.3
I36.8	395.3
I36.9	395.3
I37	395.4
I37.0	395.4
I37.1	395.4
I37.2	395.4
I37.8	395.4
I37.9	395.4
Z95.2	395.6
Z95.3	395.6
Z95.4	395.6
R00	396
R00.0	396
R00.1	396
R00.2	396
R00.8	396
R01	396
R01.0	396
R01.1	396
R01.2	396
I10	401
I11	401
I11.0	401
I11.9	401
I12	401
I12.0	401
I12.9	401
I13	401
I13.0	401
I13.1	401
I13.2	401
I13.9	401
I15	401
I15.0	401
I15.1	401
I15.2	401
I15.8	401
I15.9	401
I67.4	401
I10	401.1
I11	401.2
I11.0	401.2
I11.9	401.2
I12	401.2
I12.0	401.2
I12.9	401.2
I13	401.2
I13.0	401.2
I13.1	401.2
I13.2	401.2
I13.9	401.2
I11	401.21
I11.0	401.21
I11.9	401.21
I12	401.22
I12.0	401.22
I12.9	401.22
I15	401.3
I15.0	401.3
I15.1	401.3
I15.2	401.3
I15.8	401.3
I15.9	401.3
I67.4	401.3
R03.0	402
I20	411
I20.0	411
I20.1	411
I20.8	411
I20.9	411
I21	411
I21.0	411
I21.1	411
I21.2	411
I21.3	411
I21.4	411
I21.9	411
I21.X	411
I22	411
I22.0	411
I22.1	411
I22.8	411
I22.9	411
I23	411
I23.0	411
I23.1	411
I23.2	411
I23.3	411
I23.4	411
I23.5	411
I23.6	411
I23.8	411
I24	411
I24.0	411
I24.1	411
I24.8	411
I24.9	411
I25	411
I25.0	411
I25.1	411
I25.2	411
I25.3	411
I25.4	411
I25.5	411
I25.6	411
I25.8	411
I25.9	411
I51.0	411
I51.3	411
Z95.1	411
Z95.5	411
I20.0	411.1
I21	411.2
I21.0	411.2
I21.1	411.2
I21.2	411.2
I21.3	411.2
I21.4	411.2
I21.9	411.2
I21.X	411.2
I22	411.2
I22.0	411.2
I22.1	411.2
I22.8	411.2
I22.9	411.2
I23	411.2
I23.0	411.2
I23.1	411.2
I23.2	411.2
I23.3	411.2
I23.4	411.2
I23.5	411.2
I23.6	411.2
I23.8	411.2
I24.1	411.2
I25.2	411.2
I51.0	411.2
I51.3	411.2
I20	411.3
I20.0	411.3
I20.1	411.3
I20.8	411.3
I20.9	411.3
I24.0	411.4
I25.1	411.4
I25.3	411.4
I25.4	411.4
Z95.1	411.4
Z95.5	411.4
I25.3	411.41
I25.4	411.41
I25	411.8
I25.0	411.8
I25.1	411.8
I25.2	411.8
I25.3	411.8
I25.4	411.8
I25.5	411.8
I25.6	411.8
I25.8	411.8
I25.9	411.8
I24	411.9
I24.0	411.9
I24.1	411.9
I24.8	411.9
I24.9	411.9
I23.4	414
I23.5	414
I46.1	414
I51.1	414
I51.2	414
I51.5	414
I51.8	414
I51.9	414
I52	414
I52.0	414
I52.1	414
I52.8	414
I26	415
I26.0	415
I26.9	415
I27.0	415
I27.1	415
I27.8	415
I27.9	415
I28	415
I28.0	415
I28.1	415
I28.8	415
I28.9	415
I26	415.1
I26.0	415.1
I26.9	415.1
I26	415.11
I26.0	415.11
I26.9	415.11
I27.0	415.2
I27.1	415.2
I27.8	415.2
I27.9	415.2
I27.0	415.21
I51.7	416
R07.3	418
R07.4	418
R07.2	418.1
A39.5	420
B33.2	420
B37.6	420
I01.0	420
I01.1	420
I01.2	420
I08.8	420
I09.0	420
I09.2	420
I30	420
I30.0	420
I30.1	420
I30.8	420
I30.9	420
I31	420
I31.0	420
I31.1	420
I31.2	420
I31.3	420
I31.8	420
I31.9	420
I32	420
I32.0	420
I32.1	420
I32.8	420
I33	420
I33.0	420
I33.9	420
I38	420
I40	420
I40.0	420
I40.1	420
I40.8	420
I40.9	420
I41	420
I41.0	420
I41.1	420
I41.2	420
I41.8	420
I51.4	420
I01.2	420.1
I09.0	420.1
I40	420.1
I40.0	420.1
I40.1	420.1
I40.8	420.1
I40.9	420.1
I41	420.1
I41.0	420.1
I41.1	420.1
I41.2	420.1
I41.8	420.1
I51.4	420.1
I01.0	420.2
I09.2	420.2
I30	420.2
I30.0	420.2
I30.1	420.2
I30.8	420.2
I30.9	420.2
I31	420.2
I31.0	420.2
I31.1	420.2
I31.2	420.2
I31.3	420.2
I31.8	420.2
I31.9	420.2
I32	420.2
I32.0	420.2
I32.1	420.2
I32.8	420.2
I01.0	420.21
I30	420.21
I30.0	420.21
I30.1	420.21
I30.8	420.21
I30.9	420.21
I32	420.21
I32.0	420.21
I32.1	420.21
I32.8	420.21
I09.2	420.22
I31.0	420.22
I31.1	420.22
I31.2	420.22
I31.8	420.22
B37.6	420.3
I01.1	420.3
I08.8	420.3
I33	420.3
I33.0	420.3
I33.9	420.3
I38	420.3
I42	425
I42.0	425
I42.1	425
I42.2	425
I42.3	425
I42.4	425
I42.5	425
I42.6	425
I42.7	425
I42.8	425
I42.9	425
I43	425
I43.0	425
I43.1	425
I43.2	425
I43.8	425
I42	425.1
I42.0	425.1
I42.1	425.1
I42.2	425.1
I42.3	425.1
I42.4	425.1
I42.5	425.1
I42.6	425.1
I42.7	425.1
I42.8	425.1
I42.9	425.1
I42.1	425.11
I42.2	425.12
I43	425.2
I43.0	425.2
I43.1	425.2
I43.2	425.2
I43.8	425.2
I42.6	425.8
I44.0	426
I44.1	426
I44.2	426
I44.3	426
I44.4	426
I44.5	426
I44.6	426
I44.7	426
I45.0	426
I45.1	426
I45.2	426
I45.3	426
I45.4	426
I45.5	426
I45.6	426
I45.8	426
I45.9	426
Z95.0	426
Z95.9	426
I44.0	426.2
I44.1	426.2
I44.2	426.2
I44.3	426.2
I45.5	426.2
I44.0	426.21
I44.1	426.23
I44.2	426.24
I45.5	426.25
I44.4	426.3
I44.5	426.3
I44.6	426.3
I44.7	426.3
I45.0	426.3
I45.1	426.3
I45.2	426.3
I45.3	426.3
I45.4	426.3
I45.0	426.31
I45.1	426.31
I44.4	426.32
I44.5	426.32
I44.6	426.32
I44.7	426.32
I45.6	426.4
I45.8	426.8
Z95.0	426.9
Z95.9	426.9
Z95.0	426.91
I46	427
I46.0	427
I46.1	427
I46.9	427
I47	427
I47.0	427
I47.1	427
I47.2	427
I47.9	427
I48	427
I48.0	427
I48.1	427
I48.2	427
I48.3	427
I48.4	427
I48.9	427
I49.1	427
I49.2	427
I49.3	427
I49.4	427
I49.5	427
I49.8	427
I49.9	427
R00.0	427
R00.1	427
R00.2	427
I47	427.1
I47.0	427.1
I47.1	427.1
I47.2	427.1
I47.9	427.1
I49.2	427.1
I47.1	427.11
I49.2	427.11
I47.0	427.12
I47.2	427.12
I48	427.2
I48.0	427.2
I48.1	427.2
I48.2	427.2
I48.3	427.2
I48.4	427.2
I48.9	427.2
I49.4	427.3
I49.8	427.3
R00.1	427.3
I46	427.4
I46.0	427.4
I46.1	427.4
I46.9	427.4
I46	427.42
I46.0	427.42
I46.1	427.42
I46.9	427.42
I49.9	427.5
I49.1	427.6
I49.3	427.6
I49.1	427.61
R00.0	427.7
I49.5	427.8
R00.2	427.9
I50	428
I50.0	428
I50.1	428
I50.9	428
I50.0	428.1
I50	428.2
I50.0	428.2
I50.1	428.2
I50.9	428.2
R09.8	429
R94.3	429
I97.0	429.1
Z94.1	429.1
Z94.3	429.1
R94.3	429.2
R09.8	429.3
I60	430
I60.0	430
I60.1	430
I60.2	430
I60.3	430
I60.4	430
I60.5	430
I60.6	430
I60.7	430
I60.8	430
I60.9	430
I61	430
I61.0	430
I61.1	430
I61.2	430
I61.3	430
I61.4	430
I61.5	430
I61.6	430
I61.8	430
I61.9	430
I62.0	430
I62.1	430
I62.9	430
S06.4	430
S06.40	430
S06.41	430
I60	430.1
I60.0	430.1
I60.1	430.1
I60.2	430.1
I60.3	430.1
I60.4	430.1
I60.5	430.1
I60.6	430.1
I60.7	430.1
I60.8	430.1
I60.9	430.1
I61	430.2
I61.0	430.2
I61.1	430.2
I61.2	430.2
I61.3	430.2
I61.4	430.2
I61.5	430.2
I61.6	430.2
I61.8	430.2
I61.9	430.2
I62.0	430.3
G45.0	433
G45.1	433
G45.2	433
G45.4	433
G45.8	433
G45.9	433
G46.0	433
G46.1	433
G46.2	433
G46.3	433
G46.4	433
G46.5	433
G46.6	433
G46.7	433
G46.8	433
I63	433
I63.0	433
I63.1	433
I63.2	433
I63.3	433
I63.4	433
I63.5	433
I63.6	433
I63.8	433
I63.9	433
I64	433
I65	433
I65.0	433
I65.1	433
I65.2	433
I65.3	433
I65.8	433
I65.9	433
I66	433
I66.0	433
I66.1	433
I66.2	433
I66.3	433
I66.4	433
I66.8	433
I66.9	433
I67	433
I67.0	433
I67.1	433
I67.2	433
I67.3	433
I67.4	433
I67.5	433
I67.6	433
I67.7	433
I67.8	433
I67.9	433
I68	433
I68.0	433
I68.1	433
I68.2	433
I68.8	433
I69	433
I69.0	433
I69.1	433
I69.2	433
I69.3	433
I69.4	433
I69.8	433
I63.1	433.1
I63.2	433.1
I65	433.1
I65.0	433.1
I65.1	433.1
I65.2	433.1
I65.3	433.1
I65.8	433.1
I65.9	433.1
I67.2	433.1
I63.1	433.11
I63.2	433.11
I67.2	433.12
I63	433.2
I63.0	433.2
I63.1	433.2
I63.2	433.2
I63.3	433.2
I63.4	433.2
I63.5	433.2
I63.6	433.2
I63.8	433.2
I63.9	433.2
I64	433.2
I66	433.2
I66.0	433.2
I66.1	433.2
I66.2	433.2
I66.3	433.2
I66.4	433.2
I66.8	433.2
I66.9	433.2
I67.6	433.2
I63.0	433.21
I63.3	433.21
I63.4	433.21
I63.6	433.21
I63.8	433.21
I64	433.21
G45.0	433.3
G45.1	433.3
G45.2	433.3
G45.8	433.3
G45.9	433.3
G46.0	433.3
G46.1	433.3
G46.2	433.3
I67	433.3
I67.0	433.3
I67.1	433.3
I67.2	433.3
I67.3	433.3
I67.4	433.3
I67.5	433.3
I67.6	433.3
I67.7	433.3
I67.8	433.3
I67.9	433.3
G45.0	433.31
G45.1	433.31
G45.2	433.31
G45.8	433.31
G45.9	433.31
G46.0	433.31
G46.1	433.31
G46.2	433.31
I67.5	433.32
I67.1	433.5
I69	433.8
I69.0	433.8
I69.1	433.8
I69.2	433.8
I69.3	433.8
I69.4	433.8
I69.8	433.8
I25.0	440
I70	440
I70.0	440
I70.00	440
I70.01	440
I70.1	440
I70.10	440
I70.11	440
I70.2	440
I70.20	440
I70.21	440
I70.8	440
I70.80	440
I70.81	440
I70.9	440
I70.90	440
I70.91	440
I70.1	440.1
I70.10	440.1
I70.11	440.1
I70.2	440.2
I70.20	440.2
I70.21	440.2
I70.0	440.9
I70.00	440.9
I70.01	440.9
K55	441
K55.0	441
K55.1	441
K55.2	441
K55.8	441
K55.9	441
K55.0	441.1
K55.1	441.2
I67.0	442
I71.0	442
I71.1	442
I71.2	442
I71.3	442
I71.4	442
I71.5	442
I71.6	442
I71.8	442
I71.9	442
I72	442
I72.0	442
I72.1	442
I72.2	442
I72.3	442
I72.4	442
I72.5	442
I72.6	442
I72.8	442
I72.9	442
I79.0	442
I71.0	442.1
I71.1	442.1
I71.2	442.1
I71.3	442.1
I71.4	442.1
I71.5	442.1
I71.6	442.1
I71.8	442.1
I71.9	442.1
I79.0	442.1
I71.3	442.11
I71.4	442.11
I72.3	442.2
I72.4	442.3
I67.0	442.4
I72.0	442.8
I72.1	442.8
I72.2	442.8
I72.8	442.8
E11.5	443
E14.5	443
I73.0	443
I73.8	443
I73.9	443
I79.1	443
I79.2	443
I79.8	443
I73.0	443.1
E11.5	443.7
E14.5	443.7
I79.1	443.7
I79.2	443.7
I79.8	443.7
I73.8	443.8
I73.9	443.9
I74	444
I74.0	444
I74.1	444
I74.2	444
I74.3	444
I74.4	444
I74.5	444
I74.8	444
I74.9	444
I74.3	444.1
I74.0	444.2
I73.1	446
I77.6	446
M30	446
M30.0	446
M30.1	446
M30.2	446
M30.3	446
M30.8	446
M31.0	446
M31.1	446
M31.2	446
M31.3	446
M31.4	446
M31.5	446
M31.6	446
I73.1	446.1
M30.3	446.2
M31.0	446.3
M30.1	446.4
M31.3	446.4
M31.5	446.5
M31.6	446.5
M30.0	446.6
M30.2	446.6
M30.8	446.6
M31.4	446.7
M31.1	446.8
I77.6	446.9
I77	447
I77.0	447
I77.1	447
I77.2	447
I77.3	447
I77.4	447
I77.5	447
I77.6	447
I77.8	447
I77.9	447
M31.8	447
M31.9	447
Q27.3	447
I77.1	447.1
I78	448
I78.0	448
I78.1	448
I78.8	448
I78.9	448
I89	450
I89.0	450
I89.1	450
I89.8	450
I89.9	450
I97.2	450
I80	451
I80.0	451
I80.1	451
I80.2	451
I80.3	451
I80.8	451
I80.9	451
I80.0	451.2
I80.1	451.2
I80.2	451.2
I80.3	451.2
I81	452
I82	452
I82.0	452
I82.1	452
I82.2	452
I82.3	452
I82.8	452
I82.9	452
I87.0	452
I87.0	452.8
I83	454
I83.0	454
I83.1	454
I83.2	454
I83.9	454
I86	454
I86.0	454
I86.1	454
I86.2	454
I86.3	454
I86.4	454
I86.8	454
I83	454.1
I83.0	454.1
I83.1	454.1
I83.2	454.1
I83.9	454.1
I83.0	454.11
I83.1	454.11
I83.2	454.11
I84	455
I84.0	455
I84.1	455
I84.2	455
I84.3	455
I84.4	455
I84.5	455
I84.6	455
I84.7	455
I84.8	455
I84.9	455
I87.2	456
I95	458
I95.0	458
I95.1	458
I95.2	458
I95.8	458
I95.9	458
R03.1	458
I95.1	458.1
I95.2	458.2
I95	458.9
I95.0	458.9
I95.1	458.9
I95.2	458.9
I95.8	458.9
I95.9	458.9
I60.0	459
I87.1	459
I87.8	459
I87.9	459
I97.1	459
I99	459
R58	459
Z86.7	459
R58	459.1
I60.0	459.9
I87.8	459.9
I87.9	459.9
I97.1	459.9
I99	459.9
Z86.7	459.9
J01	464
J01.0	464
J01.1	464
J01.2	464
J01.3	464
J01.4	464
J01.8	464
J01.9	464
A36.0	465
A36.1	465
A36.2	465
J00	465
J02	465
J02.0	465
J02.8	465
J02.9	465
J03.0	465
J04	465
J04.0	465
J04.1	465
J04.2	465
J05.1	465
J06	465
J06.0	465
J06.8	465
J06.9	465
J02	465.2
J02.0	465.2
J02.8	465.2
J02.9	465.2
J04	465.4
J04.0	465.4
J04.1	465.4
J04.2	465.4
J34.2	470
J34.3	470
J33	471
J33.0	471
J33.1	471
J33.8	471
J33.9	471
J31	472
J31.0	472
J31.1	472
J31.2	472
J37	473
J37.0	473
J37.1	473
J38.0	473
J38.1	473
J38.2	473
J38.3	473
J38.4	473
J38.5	473
J38.6	473
J38.7	473
R49	473
R49.0	473
R49.1	473
R49.2	473
R49.8	473
J37	473.1
J37.0	473.1
J37.1	473.1
J38.0	473.3
J38.5	473.3
R49	473.4
R49.0	473.4
R49.1	473.4
R49.2	473.4
R49.8	473.4
J03	474
J03.0	474
J03.8	474
J03.9	474
J35	474
J35.0	474
J35.1	474
J35.2	474
J35.3	474
J35.8	474
J35.9	474
J36	474
J03	474.1
J03.0	474.1
J03.8	474.1
J03.9	474.1
J35	474.2
J35.0	474.2
J35.1	474.2
J35.2	474.2
J35.3	474.2
J35.8	474.2
J35.9	474.2
J32	475
J32.0	475
J32.1	475
J32.2	475
J32.3	475
J32.4	475
J32.8	475
J32.9	475
J30	476
J30.0	476
J30.1	476
J30.2	476
J30.3	476
J30.4	476
R04.0	477
R04.1	477
R07.0	478
J34.0	479
J34.1	479
J34.8	479
J39	479
J39.0	479
J39.1	479
J39.2	479
J39.3	479
J39.8	479
J39.9	479
J98.0	479
J98.5	479
R06.1	479
A20.2	480
A21.2	480
A22.1	480
A31.0	480
A42.0	480
A43.0	480
A48.1	480
A78	480
B01.2	480
B05.2	480
B25.0	480
B37.1	480
B38.0	480
B38.1	480
B38.2	480
B44.0	480
B58.3	480
B59	480
B96.0	480
B96.1	480
J10.0	480
J11.0	480
J12	480
J12.0	480
J12.1	480
J12.2	480
J12.3	480
J12.8	480
J12.9	480
J13	480
J14	480
J15.0	480
J15.1	480
J15.2	480
J15.3	480
J15.4	480
J15.5	480
J15.6	480
J15.7	480
J15.8	480
J15.9	480
J16.0	480
J16.8	480
J17	480
J17.0	480
J17.1	480
J17.2	480
J17.3	480
J17.8	480
J18	480
J18.0	480
J18.1	480
J18.2	480
J18.8	480
J18.9	480
J85	480
J85.0	480
J85.1	480
J85.2	480
J85.3	480
A20.2	480.1
A21.2	480.1
A22.1	480.1
A31.0	480.1
A42.0	480.1
A43.0	480.1
A48.1	480.1
A78	480.1
B96.0	480.1
B96.1	480.1
J13	480.1
J14	480.1
J15.0	480.1
J15.1	480.1
J15.2	480.1
J15.3	480.1
J15.4	480.1
J15.5	480.1
J15.6	480.1
J15.7	480.1
J15.8	480.1
J15.9	480.1
J16.0	480.1
J18.1	480.1
J13	480.11
J18.1	480.11
J15.1	480.12
B01.2	480.2
B05.2	480.2
B25.0	480.2
J12	480.2
J12.0	480.2
J12.1	480.2
J12.2	480.2
J12.3	480.2
J12.8	480.2
J12.9	480.2
B37.1	480.3
B38.0	480.3
B38.1	480.3
B38.2	480.3
B44.0	480.3
B59	480.3
J17	480.3
J17.0	480.3
J17.1	480.3
J17.2	480.3
J17.3	480.3
J17.8	480.3
J18.0	480.5
J85	480.5
J85.0	480.5
J85.1	480.5
J85.2	480.5
J85.3	480.5
J10.1	481
J10.8	481
J11.1	481
J05.0	483
J20	483
J20.0	483
J20.1	483
J20.2	483
J20.3	483
J20.4	483
J20.5	483
J20.6	483
J20.7	483
J20.8	483
J20.9	483
J21	483
J21.0	483
J21.1	483
J21.8	483
J21.9	483
J45	495
J45.0	495
J45.1	495
J45.8	495
J45.9	495
J46	495
J46	495.2
J41	496
J41.0	496
J41.1	496
J41.8	496
J42	496
J43	496
J43.0	496
J43.1	496
J43.2	496
J43.8	496
J43.9	496
J44	496
J44.0	496
J44.1	496
J44.8	496
J44.9	496
J47	496
J43	496.1
J43.0	496.1
J43.1	496.1
J43.2	496.1
J43.8	496.1
J43.9	496.1
J41	496.2
J41.0	496.2
J41.1	496.2
J41.8	496.2
J42	496.2
J44	496.2
J44.0	496.2
J44.1	496.2
J44.8	496.2
J44.9	496.2
J44	496.21
J44.0	496.21
J44.1	496.21
J44.8	496.21
J44.9	496.21
J47	496.3
J40	497
E84	499
E84.0	499
E84.1	499
E84.8	499
E84.9	499
J60	500
J61	500
J62	500
J62.0	500
J62.8	500
J63	500
J63.0	500
J63.1	500
J63.2	500
J63.3	500
J63.4	500
J63.5	500
J63.8	500
J64	500
J65	500
J66	500
J66.0	500
J66.1	500
J66.2	500
J66.8	500
J67	500
J67.0	500
J67.1	500
J67.2	500
J67.3	500
J67.4	500
J67.5	500
J67.6	500
J67.7	500
J67.8	500
J67.9	500
J68	500
J68.0	500
J68.1	500
J68.2	500
J68.3	500
J68.4	500
J68.8	500
J68.9	500
J69.1	500
J69.8	500
J70	500
J70.0	500
J70.1	500
J70.2	500
J70.3	500
J70.4	500
J70.8	500
J70.9	500
J66	500.1
J66.0	500.1
J66.1	500.1
J66.2	500.1
J66.8	500.1
J67	500.1
J67.0	500.1
J67.1	500.1
J67.2	500.1
J67.3	500.1
J67.4	500.1
J67.5	500.1
J67.6	500.1
J67.7	500.1
J67.8	500.1
J67.9	500.1
J60	500.2
J61	500.2
J62	500.2
J62.0	500.2
J62.8	500.2
J63	500.2
J63.0	500.2
J63.1	500.2
J63.2	500.2
J63.3	500.2
J63.4	500.2
J63.5	500.2
J63.8	500.2
J64	500.2
J65	500.2
J69.0	501
J84.1	502
J18.2	503
J81	503
B22.1	504
J84.0	504
J84.8	504
J84.9	504
J82	505
J86	506
J86.0	506
J86.9	506
J93	506
J93.0	506
J93.1	506
J93.8	506
J93.9	506
J90	507
J91	507
J92	507
J92.0	507
J92.9	507
J94	507
J94.0	507
J94.1	507
J94.2	507
J94.8	507
J94.9	507
R09.1	507
J98.1	508
J98.2	508
J98.3	508
J80	509
J95.1	509
J95.2	509
J95.3	509
J96.0	509
J96.00	509
J96.01	509
J96.09	509
J96.1	509
J96.10	509
J96.11	509
J96.19	509
J96.9	509
J96.90	509
J96.91	509
J96.99	509
R09.2	509
Z99.1	509
J96.0	509.1
J96.00	509.1
J96.01	509.1
J96.09	509.1
J96.1	509.1
J96.10	509.1
J96.11	509.1
J96.19	509.1
J80	509.2
J96.9	509.2
J96.90	509.2
J96.91	509.2
J96.99	509.2
J95.1	509.3
J95.2	509.3
J95.3	509.3
R09.2	509.5
Z99.1	509.8
J98.4	510
J99	510
J99.0	510
J99.1	510
J99.8	510
T86.3	510.2
Z94.2	510.2
J98	512
J98.0	512
J98.1	512
J98.2	512
J98.3	512
J98.4	512
J98.5	512
J98.6	512
J98.8	512
J98.9	512
R05	512
R06.0	512
R06.2	512
R06.8	512
R07.1	512
R06.2	512.1
R07.1	512.2
R06.0	512.7
R05	512.8
R06.8	512.9
E66.2	513
E67	513
E67.0	513
E67.1	513
E67.2	513
E67.3	513
E67.8	513
J98.6	513
R06	513
R06.0	513
R06.1	513
R06.2	513
R06.3	513
R06.4	513
R06.5	513
R06.6	513
R06.7	513
R06.8	513
R23.0	513
E66.2	513.3
E67	513.3
E67.0	513.3
E67.1	513.3
E67.2	513.3
E67.3	513.3
E67.8	513.3
R06.3	513.3
R23.0	513.3
R06.3	513.31
R06.4	513.4
J98.6	513.8
R06.6	513.8
R91	514
R94.2	514.1
R04	516
R04.0	516
R04.1	516
R04.2	516
R04.8	516
R04.9	516
R09.3	516
R84	516
R84.0	516
R84.1	516
R84.2	516
R84.3	516
R84.4	516
R84.5	516
R84.6	516
R84.7	516
R84.8	516
R84.9	516
R04	516.1
R04.0	516.1
R04.1	516.1
R04.2	516.1
R04.8	516.1
R04.9	516.1
J22	519
J95.4	519
J95.5	519
J95.8	519
J95.9	519
J98.8	519
J98.9	519
R22.2	519
Z87.0	519
J95.4	519.2
J95.5	519.2
J95.8	519.2
J95.9	519.2
J22	519.8
J98.8	519.8
Z87.0	519.8
R22.2	519.9
K00	520
K00.0	520
K00.1	520
K00.2	520
K00.3	520
K00.4	520
K00.5	520
K00.6	520
K00.7	520
K00.8	520
K00.9	520
K01	520
K01.0	520
K01.1	520
K00.0	520.1
K00.1	520.1
K00.2	520.1
K00.4	520.1
K00.5	520.1
K00.6	520.2
K01	520.2
K01.0	520.2
K01.1	520.2
K02	521
K02.0	521
K02.1	521
K02.2	521
K02.3	521
K02.4	521
K02.5	521
K02.8	521
K02.9	521
K03.0	521
K03.1	521
K03.2	521
K03.3	521
K03.4	521
K03.5	521
K03.7	521
K03.8	521
K03.9	521
K02	521.1
K02.0	521.1
K02.1	521.1
K02.2	521.1
K02.3	521.1
K02.4	521.1
K02.5	521.1
K02.8	521.1
K02.9	521.1
K03.0	521.2
K03.1	521.2
K03.2	521.2
K03.3	521.4
K03.4	521.4
K03.5	521.4
K04	522
K04.0	522
K04.1	522
K04.2	522
K04.3	522
K04.4	522
K04.5	522
K04.6	522
K04.7	522
K04.8	522
K04.9	522
K04.0	522.1
K04.1	522.1
K04.2	522.1
K04.6	522.5
K04.7	522.5
K03.6	523
K04.4	523
K04.5	523
K05.0	523
K05.1	523
K05.2	523
K05.22	523
K05.3	523
K05.4	523
K05.5	523
K05.6	523
K06.0	523
K06.1	523
K06.2	523
K06.8	523
K06.9	523
K05.0	523.1
K05.1	523.1
K06.0	523.1
K04.4	523.3
K04.5	523.3
K05.2	523.3
K05.22	523.3
K05.3	523.3
K05.4	523.3
K04.4	523.31
K05.2	523.31
K05.22	523.31
K04.5	523.32
K05.3	523.32
K07.2	524
K07.3	524
K07.4	524
K07.5	524
K07.8	524
K07.9	524
K07.2	524.3
K07.3	524.3
K07.4	524.3
K08.0	525
K08.1	525
K08.2	525
K08.3	525
K08.8	525
K08.9	525
K08.2	525.2
K07.0	526
K07.1	526
K07.6	526
K09.0	526
K09.1	526
K09.2	526
K10.0	526
K10.1	526
K10.2	526
K10.3	526
K10.8	526
K10.9	526
K09.0	526.1
K09.1	526.1
K09.2	526.1
K07.0	526.3
K07.1	526.3
K07.6	526.4
K07.6	526.41
K10.2	526.5
K10.3	526.5
K10.0	526.9
K10.8	526.9
K10.9	526.9
K11	527
K11.0	527
K11.1	527
K11.2	527
K11.3	527
K11.4	527
K11.5	527
K11.6	527
K11.7	527
K11.8	527
K11.9	527
R68.2	527
K11.1	527.1
K11.2	527.2
K11.7	527.7
R68.2	527.7
K11.8	527.8
A69.0	528
K09.9	528
K11.3	528
K11.5	528
K11.6	528
K12.0	528
K12.1	528
K12.2	528
K13.0	528
K13.1	528
K13.2	528
K13.29	528
K13.3	528
K13.4	528
K13.5	528
K13.6	528
K13.7	528
K12.0	528.1
K12.1	528.1
K12.1	528.11
K12.0	528.12
K11.3	528.3
K12.2	528.3
K09.9	528.4
K11.6	528.4
K11.6	528.41
K13.0	528.5
K13.2	528.6
K13.29	528.6
K13.3	528.6
K11.5	528.7
K14	529
K14.0	529
K14.1	529
K14.2	529
K14.3	529
K14.4	529
K14.5	529
K14.6	529
K14.8	529
K14.9	529
K14.0	529.1
K14.1	529.1
K14.2	529.1
K14.6	529.6
I85	530
I85.0	530
I85.9	530
I98.2	530
K20	530
K21	530
K21.0	530
K21.9	530
K22.0	530
K22.1	530
K22.2	530
K22.3	530
K22.4	530
K22.5	530
K22.6	530
K22.8	530
K22.9	530
K23	530
K23.0	530
K23.1	530
K23.8	530
K20	530.1
K21	530.1
K21.0	530.1
K21.9	530.1
K22.1	530.1
K21	530.11
K21.0	530.11
K21.9	530.11
K22.1	530.12
K21.0	530.14
I85	530.2
I85.0	530.2
I85.9	530.2
I98.2	530.2
K22.8	530.2
K22.2	530.3
K22.0	530.5
K22.4	530.5
K22.5	530.6
K22.6	530.7
R12	530.9
K25	531
K25.0	531
K25.1	531
K25.2	531
K25.3	531
K25.4	531
K25.5	531
K25.6	531
K25.7	531
K25.9	531
K26	531
K26.0	531
K26.1	531
K26.2	531
K26.3	531
K26.4	531
K26.5	531
K26.6	531
K26.7	531
K26.9	531
K27	531
K27.0	531
K27.1	531
K27.2	531
K27.3	531
K27.4	531
K27.5	531
K27.6	531
K27.7	531
K27.9	531
K28	531
K28.0	531
K28.1	531
K28.2	531
K28.3	531
K28.4	531
K28.5	531
K28.6	531
K28.7	531
K28.9	531
K25.0	531.1
K25.2	531.1
K25.4	531.1
K25.6	531.1
K26.0	531.1
K26.2	531.1
K26.4	531.1
K26.6	531.1
K27.0	531.1
K27.2	531.1
K27.4	531.1
K28.0	531.1
K28.2	531.1
K28.4	531.1
K28.6	531.1
K25	531.2
K25.0	531.2
K25.1	531.2
K25.2	531.2
K25.3	531.2
K25.4	531.2
K25.5	531.2
K25.6	531.2
K25.7	531.2
K25.9	531.2
K26.1	531.3
K26.3	531.3
K26.5	531.3
K26.7	531.3
K26.9	531.3
K27.1	531.4
K27.3	531.4
K27.5	531.4
K27.6	531.4
K27.7	531.4
K27.9	531.4
K28.1	531.5
K28.3	531.5
K28.5	531.5
K28.7	531.5
K28.9	531.5
R13	532
K29	535
K29.0	535
K29.1	535
K29.2	535
K29.3	535
K29.4	535
K29.5	535
K29.6	535
K29.7	535
K29.8	535
K29.9	535
K29.0	535.1
K29.1	535.1
K29.4	535.2
K29.8	535.6
K29.3	535.8
K29.5	535.8
K29.6	535.8
K31.0	536
K31	537
K31.0	537
K31.1	537
K31.2	537
K31.3	537
K31.4	537
K31.5	537
K31.6	537
K31.7	537
K31.8	537
K31.9	537
K91.1	539
K35	540
K35.0	540
K35.1	540
K35.2	540
K35.3	540
K35.8	540
K35.9	540
K36	540
K37	540
K38	540
K38.0	540
K38.1	540
K38.2	540
K38.3	540
K38.8	540
K38.9	540
K35	540.1
K35.0	540.1
K35.1	540.1
K35.2	540.1
K35.3	540.1
K35.8	540.1
K35.9	540.1
K36	540.1
K37	540.1
K35	540.11
K35.0	540.11
K35.1	540.11
K35.2	540.11
K35.3	540.11
K35.8	540.11
K35.9	540.11
K40	550
K40.0	550
K40.1	550
K40.2	550
K40.3	550
K40.4	550
K40.9	550
K41	550
K41.0	550
K41.1	550
K41.2	550
K41.3	550
K41.4	550
K41.9	550
K42	550
K42.0	550
K42.1	550
K42.9	550
K43	550
K43.0	550
K43.1	550
K43.2	550
K43.3	550
K43.4	550
K43.5	550
K43.6	550
K43.7	550
K43.9	550
K44	550
K44.0	550
K44.1	550
K44.9	550
K45	550
K45.0	550
K45.1	550
K45.8	550
K46	550
K46.0	550
K46.1	550
K46.9	550
K40	550.1
K40.0	550.1
K40.1	550.1
K40.2	550.1
K40.3	550.1
K40.4	550.1
K40.9	550.1
K44	550.2
K44.0	550.2
K44.1	550.2
K44.9	550.2
K41	550.3
K41.0	550.3
K41.1	550.3
K41.2	550.3
K41.3	550.3
K41.4	550.3
K41.9	550.3
K42	550.4
K42.0	550.4
K42.1	550.4
K42.9	550.4
K43	550.5
K43.0	550.5
K43.1	550.5
K43.2	550.5
K43.3	550.5
K43.4	550.5
K43.5	550.5
K43.6	550.5
K43.7	550.5
K43.9	550.5
K46.9	550.5
K50	555
K50.0	555
K50.1	555
K50.8	555
K50.9	555
K51	555
K51.0	555
K51.1	555
K51.2	555
K51.3	555
K51.4	555
K51.5	555
K51.8	555
K51.9	555
K50	555.1
K50.0	555.1
K50.1	555.1
K50.8	555.1
K50.9	555.1
K51	555.2
K51.0	555.2
K51.1	555.2
K51.2	555.2
K51.3	555.2
K51.4	555.2
K51.5	555.2
K51.8	555.2
K51.9	555.2
K51.0	555.21
K51.1	555.21
K51.2	555.21
K62.6	556
K63.3	556
K63.3	556.1
K90	557
K90.0	557
K90.1	557
K90.2	557
K90.3	557
K90.4	557
K90.8	557
K90.9	557
K90.0	557.1
K90.1	557.1
K52.9	558
Z43.2	559
Z93.2	559
K56.0	560
K56.1	560
K56.2	560
K56.3	560
K56.4	560
K56.5	560
K56.6	560
K56.7	560
K56.0	560.1
K56.7	560.1
K56.4	560.2
K56.5	560.3
K56.1	560.4
K56.2	560.4
K56.3	560.4
K56.6	560.4
K52.2	561
K52.8	561
R14	561
R15	561
R19.1	561
R19.2	561
R19.4	561
R19.8	561
K52.2	561.1
K52.8	561.1
R14	561.2
K57	562
K57.0	562
K57.1	562
K57.2	562
K57.3	562
K57.4	562
K57.5	562
K57.8	562
K57.9	562
K57	562.1
K57.0	562.1
K57.1	562.1
K57.2	562.1
K57.3	562.1
K57.4	562.1
K57.5	562.1
K57.8	562.1
K57.9	562.1
K59.0	563
K58	564
K58.0	564
K58.9	564
K59	564
K59.0	564
K59.1	564
K59.2	564
K59.3	564
K59.4	564
K59.8	564
K59.9	564
R93.3	564
R93.5	564
Z87.1	564
K58	564.1
K58.0	564.1
K58.9	564.1
R93.3	564.8
R93.5	564.8
Z87.1	564.9
K59.4	565
K60	565
K60.0	565
K60.1	565
K60.2	565
K60.3	565
K60.4	565
K60.5	565
K61	565
K61.0	565
K61.1	565
K61.2	565
K61.3	565
K61.4	565
K62.0	565
K62.1	565
K62.2	565
K62.3	565
K62.4	565
K62.7	565
K62.8	565
K62.9	565
K62.0	565.1
K62.1	565.1
K63.0	567
K65	567
K65.0	567
K65.8	567
K65.9	567
K67	567
K67.0	567
K67.1	567
K67.2	567
K67.3	567
K67.8	567
K66	568
K66.0	568
K66.1	568
K66.8	568
K66.9	568
N99.4	568
K66.0	568.1
N99.4	568.1
K52.1	569
K55.2	569
K63	569
K63.0	569
K63.1	569
K63.2	569
K63.3	569
K63.4	569
K63.5	569
K63.8	569
K63.9	569
K91.0	569
K91.2	569
K91.3	569
K92.8	569
K92.9	569
K52.1	569.1
K91.0	569.2
K91.2	569.2
K91.3	569.2
K70.4	571
K72	571
K72.0	571
K72.1	571
K72.9	571
K74.0	571
K74.1	571
K74.2	571
K74.3	571
K74.4	571
K74.5	571
K75.0	571
K75.1	571
K76.0	571
K76.6	571
K76.7	571
K74.0	571.5
K74.1	571.5
K74.2	571.5
K76.0	571.5
K74.0	571.51
K74.3	571.6
K74.4	571.6
K74.5	571.6
K70.4	571.8
K72	571.8
K72.0	571.8
K72.1	571.8
K72.9	571.8
K75.0	571.8
K75.1	571.8
K76.6	571.8
K76.7	571.8
K76.6	571.81
R18	572
K71.1	573
K71.5	573
K76	573
K76.0	573
K76.1	573
K76.2	573
K76.3	573
K76.4	573
K76.5	573
K76.6	573
K76.7	573
K76.8	573
K76.9	573
K77	573
K77.0	573
K77.8	573
K76.1	573.1
Z94.4	573.2
R16	573.3
R16.0	573.3
R16.1	573.3
R16.2	573.3
K76.2	573.4
R17	573.5
R94.5	573.7
R74	573.9
R74.0	573.9
R74.8	573.9
R74.9	573.9
K80	574
K80.0	574
K80.1	574
K80.2	574
K80.3	574
K80.36	574
K80.4	574
K80.5	574
K80.8	574
K81	574
K81.0	574
K81.1	574
K81.8	574
K81.9	574
K80	574.1
K80.0	574.1
K80.1	574.1
K80.2	574.1
K80.3	574.1
K80.36	574.1
K80.4	574.1
K80.5	574.1
K80.8	574.1
K80.0	574.11
K80.1	574.12
K80.4	574.12
K80.5	574.2
K81	574.3
K81.0	574.3
K81.1	574.3
K81.8	574.3
K81.9	574.3
K82	575
K82.0	575
K82.1	575
K82.2	575
K82.3	575
K82.4	575
K82.8	575
K82.9	575
K83	575
K83.0	575
K83.1	575
K83.2	575
K83.3	575
K83.4	575
K83.5	575
K83.8	575
K83.9	575
K87	575
K87.0	575
K87.1	575
K91.5	575
R93.2	575
K83.0	575.1
K83.1	575.2
K82.4	575.6
K82.0	575.7
K82.1	575.7
K82.2	575.7
K82.3	575.7
K82.8	575.7
K82.9	575.7
K83	575.8
K83.0	575.8
K83.1	575.8
K83.2	575.8
K83.3	575.8
K83.4	575.8
K83.5	575.8
K83.8	575.8
K83.9	575.8
K87	575.8
K87.0	575.8
K87.1	575.8
K91.5	575.8
R93.2	575.9
B25.2	577
K85	577
K85.0	577
K85.1	577
K85.2	577
K85.3	577
K85.8	577
K85.9	577
K86.0	577
K86.1	577
K86.2	577
K86.3	577
K86.8	577
K86.9	577
K90.3	577
B25.2	577.1
K85	577.1
K85.0	577.1
K85.1	577.1
K85.2	577.1
K85.3	577.1
K85.8	577.1
K85.9	577.1
K86.0	577.2
K86.1	577.2
K86.2	577.3
K86.3	577.3
K62.5	578
K92.0	578
K92.1	578
K92.2	578
K92.0	578.1
K92.1	578.2
K62.5	578.8
K92.2	578.9
R16.1	579
R19.0	579
R19.3	579
R16.1	579.2
R19.5	579.8
N00.0	580
N00.1	580
N00.2	580
N00.3	580
N00.4	580
N00.5	580
N00.6	580
N00.7	580
N01	580
N01.0	580
N01.1	580
N01.2	580
N01.3	580
N01.4	580
N01.5	580
N01.6	580
N01.7	580
N01.8	580
N01.9	580
N02.0	580
N02.1	580
N02.2	580
N02.3	580
N02.4	580
N02.5	580
N02.6	580
N02.7	580
N03	580
N03.0	580
N03.1	580
N03.2	580
N03.3	580
N03.4	580
N03.5	580
N03.6	580
N03.7	580
N03.8	580
N03.9	580
N04	580
N04.0	580
N04.1	580
N04.2	580
N04.3	580
N04.4	580
N04.5	580
N04.6	580
N04.7	580
N04.8	580
N04.9	580
N05	580
N05.0	580
N05.1	580
N05.2	580
N05.3	580
N05.4	580
N05.5	580
N05.6	580
N05.7	580
N05.8	580
N05.9	580
N06.0	580
N06.1	580
N06.2	580
N06.3	580
N06.4	580
N06.5	580
N06.6	580
N06.7	580
N07.0	580
N07.1	580
N07.2	580
N07.3	580
N07.4	580
N07.5	580
N07.6	580
N07.7	580
N08	580
N08.0	580
N08.1	580
N08.2	580
N08.3	580
N08.4	580
N08.5	580
N08.8	580
N14	580
N14.0	580
N14.1	580
N14.2	580
N14.3	580
N14.4	580
N15.0	580
N15.8	580
N16.1	580
N16.2	580
N16.3	580
N16.5	580
N00.0	580.1
N00.1	580.1
N00.2	580.1
N00.3	580.1
N00.4	580.1
N00.5	580.1
N00.6	580.1
N00.7	580.1
N01	580.1
N01.0	580.1
N01.1	580.1
N01.2	580.1
N01.3	580.1
N01.4	580.1
N01.5	580.1
N01.6	580.1
N01.7	580.1
N01.8	580.1
N01.9	580.1
N02.0	580.1
N02.1	580.1
N02.2	580.1
N02.3	580.1
N02.4	580.1
N02.5	580.1
N02.6	580.1
N02.7	580.1
N03	580.1
N03.0	580.1
N03.1	580.1
N03.2	580.1
N03.3	580.1
N03.4	580.1
N03.5	580.1
N03.6	580.1
N03.7	580.1
N03.8	580.1
N03.9	580.1
N04.0	580.1
N04.1	580.1
N04.2	580.1
N04.3	580.1
N04.4	580.1
N04.5	580.1
N04.6	580.1
N05.2	580.1
N05.3	580.1
N05.4	580.1
N05.5	580.1
N06.2	580.1
N06.3	580.1
N06.4	580.1
N06.5	580.1
N07.2	580.1
N07.3	580.1
N07.4	580.1
N07.5	580.1
N00.0	580.11
N00.1	580.11
N00.2	580.11
N00.3	580.11
N00.4	580.11
N00.5	580.11
N00.6	580.11
N00.7	580.11
N01	580.11
N01.0	580.11
N01.1	580.11
N01.2	580.11
N01.3	580.11
N01.4	580.11
N01.5	580.11
N01.6	580.11
N01.7	580.11
N01.8	580.11
N01.9	580.11
N02.4	580.11
N02.5	580.11
N02.6	580.11
N02.7	580.11
N03.4	580.11
N03.5	580.11
N03.6	580.11
N03.7	580.11
N04.3	580.11
N04.4	580.11
N04.5	580.11
N04.6	580.11
N05.3	580.11
N05.4	580.11
N05.5	580.11
N06.3	580.11
N06.4	580.11
N06.5	580.11
N07.3	580.11
N07.4	580.11
N07.5	580.11
N02.0	580.12
N02.1	580.12
N02.2	580.12
N02.3	580.12
N03.1	580.12
N03.2	580.12
N03.3	580.12
N04.0	580.12
N04.1	580.12
N04.2	580.12
N05.2	580.12
N06.2	580.12
N07.2	580.12
N03	580.14
N03.0	580.14
N03.1	580.14
N03.2	580.14
N03.3	580.14
N03.4	580.14
N03.5	580.14
N03.6	580.14
N03.7	580.14
N03.8	580.14
N03.9	580.14
N04	580.2
N04.0	580.2
N04.1	580.2
N04.2	580.2
N04.3	580.2
N04.4	580.2
N04.5	580.2
N04.6	580.2
N04.7	580.2
N04.8	580.2
N04.9	580.2
N08.1	580.2
N08.2	580.2
N08.3	580.2
N08.4	580.2
N08.5	580.2
N08.8	580.2
N05	580.3
N05.0	580.3
N05.1	580.3
N05.2	580.3
N05.3	580.3
N05.4	580.3
N05.5	580.3
N05.6	580.3
N05.7	580.3
N05.8	580.3
N05.9	580.3
N06.0	580.3
N06.1	580.3
N06.6	580.3
N06.7	580.3
N07.0	580.3
N07.1	580.3
N07.6	580.3
N07.7	580.3
N08	580.3
N08.0	580.3
N08.1	580.3
N08.2	580.3
N08.3	580.3
N08.4	580.3
N08.5	580.3
N08.8	580.3
N14	580.3
N14.0	580.3
N14.1	580.3
N14.2	580.3
N14.3	580.3
N14.4	580.3
N15.0	580.3
N15.8	580.3
N16.1	580.3
N16.2	580.3
N16.3	580.3
N16.5	580.3
N08	580.31
N08.0	580.31
N08.1	580.31
N08.2	580.31
N08.3	580.31
N08.4	580.31
N08.5	580.31
N08.8	580.31
N05	580.32
N05.0	580.32
N05.1	580.32
N05.2	580.32
N05.3	580.32
N05.4	580.32
N05.5	580.32
N05.6	580.32
N05.7	580.32
N05.8	580.32
N05.9	580.32
N06.0	580.32
N06.1	580.32
N06.6	580.32
N06.7	580.32
N07.0	580.32
N07.1	580.32
N07.6	580.32
N07.7	580.32
N14	580.32
N14.0	580.32
N14.1	580.32
N14.2	580.32
N14.3	580.32
N14.4	580.32
N15.0	580.32
N15.8	580.32
N16.1	580.32
N16.2	580.32
N16.3	580.32
N16.5	580.32
N17	585
N17.0	585
N17.1	585
N17.2	585
N17.8	585
N17.9	585
N18	585
N18.0	585
N18.1	585
N18.2	585
N18.3	585
N18.4	585
N18.5	585
N18.8	585
N18.9	585
N19	585
Y60.2	585
Y61.2	585
Y62.0	585
Y84.1	585
Z49.1	585
Z49.2	585
Z99.2	585
N17	585.1
N17.0	585.1
N17.1	585.1
N17.2	585.1
N17.8	585.1
N17.9	585.1
N19	585.2
N18	585.3
N18.0	585.3
N18.1	585.3
N18.2	585.3
N18.3	585.3
N18.4	585.3
N18.5	585.3
N18.8	585.3
N18.9	585.3
Y60.2	585.3
Y61.2	585.3
Y62.0	585.3
Y84.1	585.3
Z49.1	585.3
Z49.2	585.3
Z99.2	585.3
Y60.2	585.31
Y61.2	585.31
Y62.0	585.31
Y84.1	585.31
Z49.1	585.31
Z49.2	585.31
Z99.2	585.31
N13.0	586
N13.4	586
N13.5	586
N13.7	586
N13.8	586
N26	586
N27	586
N27.0	586
N27.1	586
N27.9	586
N28.0	586
N28.1	586
N28.8	586
N28.9	586
N29	586
N29.0	586
N29.1	586
N29.8	586
Q62.2	586
N13.7	586.1
N26	586.1
N27	586.1
N27.0	586.1
N27.1	586.1
N27.9	586.1
N26	586.11
N27	586.11
N27.0	586.11
N27.1	586.11
N27.9	586.11
N13.7	586.12
N28.1	586.2
N28.0	586.3
N13.0	586.4
N13.4	586.4
N13.5	586.4
N13.8	586.4
Q62.2	586.4
Z94.0	587
M10.3	588
M10.30	588
M10.31	588
M10.32	588
M10.33	588
M10.34	588
M10.35	588
M10.36	588
M10.37	588
M10.38	588
M10.39	588
N25	588
N25.0	588
N25.1	588
N25.8	588
N25.9	588
N25.0	588.1
R94.4	589
N10	590
N11	590
N11.0	590
N11.1	590
N11.8	590
N11.9	590
N12	590
N13.6	590
N15.1	590
N15.9	590
N16	590
N16.0	590
N16.1	590
N16.2	590
N16.3	590
N16.4	590
N16.5	590
N16.8	590
N39.0	591
N30	592
N30.0	592
N30.1	592
N30.2	592
N30.3	592
N30.4	592
N30.8	592
N30.9	592
N34	592
N34.0	592
N34.1	592
N34.2	592
N34.3	592
N37	592
N37.0	592
N37.8	592
N30	592.1
N30.0	592.1
N30.1	592.1
N30.2	592.1
N30.3	592.1
N30.4	592.1
N30.8	592.1
N30.9	592.1
N30.0	592.11
N30.2	592.12
N30.3	592.12
N30.1	592.13
N34	592.2
N34.0	592.2
N34.1	592.2
N34.2	592.2
N34.3	592.2
N34.3	592.21
N37	592.3
N37.0	592.3
N37.8	592.3
N02.8	593
N02.9	593
R31	593
N20	594
N20.0	594
N20.1	594
N20.2	594
N20.9	594
N21	594
N21.0	594
N21.1	594
N21.8	594
N21.9	594
N22	594
N22.0	594
N22.8	594
N23	594
N20.0	594.1
N21	594.2
N21.0	594.2
N21.1	594.2
N21.8	594.2
N21.9	594.2
N20.1	594.3
N23	594.8
N13.1	595
N13.2	595
N13.3	595
N31	596
N31.0	596
N31.1	596
N31.2	596
N31.8	596
N31.9	596
N32	596
N32.0	596
N32.1	596
N32.2	596
N32.3	596
N32.4	596
N32.8	596
N32.9	596
N33	596
N33.0	596
N33.8	596
N32.0	596.1
N31	596.5
N31.0	596.5
N31.1	596.5
N31.2	596.5
N31.8	596.5
N31.9	596.5
N35	597
N35.0	597
N35.1	597
N35.8	597
N35.9	597
N36	597
N36.0	597
N36.1	597
N36.2	597
N36.3	597
N36.8	597
N36.9	597
N99.1	597
N35	597.1
N35.0	597.1
N35.1	597.1
N35.8	597.1
N35.9	597.1
N99.1	597.1
N99.5	597.2
R39.8	598
R82	598
R82.0	598
R82.1	598
R82.2	598
R82.3	598
R82.4	598
R82.5	598
R82.6	598
R82.7	598
R82.8	598
R82.9	598
R82	598.9
R82.0	598.9
R82.1	598.9
R82.2	598.9
R82.3	598.9
R82.4	598.9
R82.5	598.9
R82.6	598.9
R82.7	598.9
R82.8	598.9
R82.9	598.9
N36.9	599
N39.4	599
N39.8	599
N39.9	599
R30	599
R30.0	599
R30.1	599
R30.9	599
R32	599
R34	599
R35	599
R36	599
R39.0	599
R39.1	599
R39.2	599
R93.4	599
Z43.6	599
Z93.5	599
Z93.6	599
Z96.0	599
N13	599.1
N13.0	599.1
N13.1	599.1
N13.2	599.1
N13.3	599.1
N13.4	599.1
N13.5	599.1
N13.6	599.1
N13.7	599.1
N13.8	599.1
N13.9	599.1
R33	599.2
R30	599.3
R30.0	599.3
R30.1	599.3
R30.9	599.3
N39.4	599.4
R32	599.4
R35	599.5
R34	599.6
R36	599.7
R30.1	599.8
R39.0	599.8
R39.2	599.8
R39.1	599.9
N40	600
N41	601
N41.0	601
N41.1	601
N41.2	601
N41.3	601
N41.8	601
N41.9	601
N45	601
N45.0	601
N45.9	601
N48.1	601
N48.2	601
N49	601
N49.0	601
N49.1	601
N49.2	601
N49.8	601
N49.9	601
N41	601.1
N41.0	601.1
N41.1	601.1
N41.2	601.1
N41.3	601.1
N41.8	601.1
N41.9	601.1
N41.0	601.11
N41.2	601.11
N41.1	601.12
N45	601.3
N45.0	601.3
N45.9	601.3
N48.1	601.4
N48.2	601.8
N49	601.8
N49.0	601.8
N49.1	601.8
N49.2	601.8
N49.8	601.8
N49.9	601.8
N42	602
N42.0	602
N42.1	602
N42.2	602
N42.3	602
N42.8	602
N42.9	602
N43.0	603
N43.1	603
N43.2	603
N43.3	603
N43.4	603
N44	603
N45.0	603
N45.9	603
N50.0	603
N43.0	603.1
N43.1	603.1
N43.2	603.1
N43.3	603.1
N43.4	603.2
N47	604
N48.0	604
N48.3	604
N48.5	604
N48.6	604
N48.8	604
N48.9	604
N47	604.1
N48.6	604.1
F52.2	605
N48.4	605
N50	608
N50.0	608
N50.1	608
N50.8	608
N50.9	608
N51	608
N51.0	608
N51.1	608
N51.2	608
N51.8	608
N46	609
R86	609
R86.0	609
R86.1	609
R86.2	609
R86.3	609
R86.4	609
R86.5	609
R86.6	609
R86.7	609
R86.8	609
R86.9	609
N46	609.1
R86	609.2
R86.0	609.2
R86.1	609.2
R86.2	609.2
R86.3	609.2
R86.4	609.2
R86.5	609.2
R86.6	609.2
R86.7	609.2
R86.8	609.2
R86.9	609.2
D24	610
N60.0	610
N60.1	610
N60.2	610
N60.3	610
N60.0	610.1
N60.1	610.1
N60.2	610.2
N60.3	610.3
D24	610.4
N60	610.8
N60.0	610.8
N60.1	610.8
N60.2	610.8
N60.3	610.8
N60.4	610.8
N60.8	610.8
N60.9	610.8
N63	611
R92	611
R92	611.1
N63	611.3
N62	612
N64.3	612
O92.6	612
Q83	612
Q83.0	612
Q83.1	612
Q83.2	612
Q83.3	612
Q83.8	612
Q83.9	612
N64.3	612.1
O92.6	612.1
N62	612.2
Q83	612.3
Q83.0	612.3
Q83.1	612.3
Q83.2	612.3
Q83.3	612.3
Q83.8	612.3
Q83.9	612.3
N61	613
N64	613
N64.0	613
N64.1	613
N64.2	613
N64.3	613
N64.4	613
N64.5	613
N64.8	613
N64.9	613
N61	613.1
N64.0	613.1
N64.1	613.1
N64.4	613.5
N64.5	613.7
N64.8	613.8
N64.9	613.9
N70	614
N70.0	614
N70.1	614
N70.9	614
N71	614
N71.0	614
N71.1	614
N71.9	614
N72	614
N73.0	614
N73.1	614
N73.2	614
N73.3	614
N73.4	614
N73.5	614
N73.6	614
N73.8	614
N73.9	614
N74	614
N74.0	614
N74.1	614
N74.2	614
N74.3	614
N74.4	614
N74.8	614
N75	614
N75.0	614
N75.1	614
N75.8	614
N75.9	614
N76.0	614
N76.1	614
N76.2	614
N76.3	614
N76.4	614
N76.5	614
N76.6	614
N76.8	614
N73.6	614.1
N70	614.3
N70.0	614.3
N70.1	614.3
N70.9	614.3
N73.0	614.3
N73.1	614.3
N73.2	614.3
N73.5	614.3
N73.9	614.3
N74.4	614.3
N70.0	614.31
N73.0	614.31
N70.1	614.32
N73.1	614.32
N73.2	614.32
N73.5	614.33
N73.9	614.33
N74.4	614.33
N71.0	614.4
N71.1	614.4
N71.9	614.4
N71	614.5
N71.0	614.5
N71.1	614.5
N71.9	614.5
N72	614.5
N75	614.5
N75.0	614.5
N75.1	614.5
N75.8	614.5
N75.9	614.5
N76.0	614.5
N76.1	614.5
N76.2	614.5
N76.3	614.5
N76.4	614.5
N76.5	614.5
N76.6	614.5
N76.8	614.5
N72	614.51
N76.0	614.52
N76.1	614.52
N76.2	614.52
N76.3	614.52
N75.0	614.53
N75.1	614.53
N75.8	614.53
N76.4	614.54
N76.6	614.54
N80	615
N80.0	615
N80.1	615
N80.2	615
N80.3	615
N80.4	615
N80.5	615
N80.6	615
N80.8	615
N80.9	615
N82	617
N82.0	617
N82.1	617
N82.2	617
N82.3	617
N82.4	617
N82.5	617
N82.8	617
N82.9	617
N83.7	617
N85.6	617
N88.1	617
N36.3	618
N81	618
N81.0	618
N81.1	618
N81.2	618
N81.3	618
N81.4	618
N81.5	618
N81.6	618
N81.8	618
N81.9	618
N99.3	618
N36.3	618.1
N81	618.1
N81.0	618.1
N81.1	618.1
N81.2	618.1
N81.3	618.1
N81.4	618.1
N81.5	618.1
N81.6	618.1
N81.8	618.1
N81.9	618.1
N81.2	618.2
N81.3	618.2
N81.4	618.2
N99.3	618.5
N81.5	618.6
N83	619
N83.0	619
N83.1	619
N83.2	619
N83.3	619
N83.4	619
N83.5	619
N83.6	619
N83.7	619
N83.8	619
N83.9	619
N85.4	619
N85.5	619
N85.8	619
N85.9	619
N86	619
N88.2	619
N88.3	619
N88.8	619
N88.9	619
N89.5	619
N89.6	619
N89.8	619
N89.9	619
N90.7	619
N90.8	619
N90.9	619
N94.9	619
N99.2	619
O34.0	619
O34.4	619
O34.5	619
O34.6	619
O34.7	619
O71.2	619
N83	619.1
N83.0	619.1
N83.1	619.1
N83.2	619.1
N83.3	619.1
N83.4	619.1
N83.5	619.1
N83.6	619.1
N83.7	619.1
N83.8	619.1
N83.9	619.1
N85.4	619.2
N85.5	619.2
N85.8	619.2
N85.9	619.2
O34.0	619.2
O34.5	619.2
O71.2	619.2
N86	619.3
N88.2	619.3
N88.3	619.3
N88.8	619.3
N88.9	619.3
O34.4	619.3
N89.5	619.4
N89.6	619.4
N89.8	619.4
N89.9	619.4
N99.2	619.4
O34.6	619.4
N90.7	619.5
N90.8	619.5
N90.9	619.5
O34.7	619.5
N89.0	620
N89.1	620
N89.2	620
N89.3	620
N90.0	620
N90.1	620
N90.2	620
N85.0	621
N85.1	621
N84	622
N84.0	622
N84.1	622
N84.2	622
N84.3	622
N84.8	622
N84.9	622
N84	622.1
N84.0	622.1
N84.1	622.1
N84.2	622.1
N84.3	622.1
N84.8	622.1
N84.9	622.1
N84.1	622.2
N85.2	623
N88.4	623
N90.6	623
N83.3	624
N88.0	624
N89.4	624
N90.4	624
N90.5	624
N90.4	624.1
N83.3	624.2
N90.5	624.2
N39.3	624.9
N93.0	625
N94.1	625
N94.2	625
N94.8	625
N94.1	625.1
N94.2	625.1
N85.7	626
N89.7	626
N91	626
N91.0	626
N91.1	626
N91.2	626
N91.3	626
N91.4	626
N91.5	626
N92.0	626
N92.1	626
N92.2	626
N92.3	626
N92.5	626
N92.6	626
N93.8	626
N93.9	626
N94.0	626
N94.3	626
N94.4	626
N94.5	626
N94.6	626
N97	626
N97.0	626
N97.1	626
N97.2	626
N97.3	626
N97.4	626
N97.8	626
N97.9	626
N89.7	626.1
N91	626.1
N91.0	626.1
N91.1	626.1
N91.2	626.1
N91.3	626.1
N91.4	626.1
N91.5	626.1
N92.0	626.1
N92.1	626.1
N92.3	626.1
N92.5	626.1
N92.6	626.1
N93.8	626.1
N97.0	626.1
N91	626.11
N91.0	626.11
N91.1	626.11
N91.2	626.11
N91.3	626.11
N91.4	626.11
N91.5	626.11
N92.0	626.12
N92.6	626.13
N92.1	626.14
N92.3	626.14
N97.0	626.15
N94.0	626.2
N94.4	626.2
N94.5	626.2
N94.6	626.2
N94.0	626.21
N94.3	626.4
N97	626.8
N97.0	626.8
N97.1	626.8
N97.2	626.8
N97.3	626.8
N97.4	626.8
N97.8	626.8
N97.9	626.8
E28.3	627
N92.4	627
N95.0	627
N95.1	627
N95.2	627
N95.3	627
N95.8	627
N95.9	627
N95.0	627.1
N95.1	627.2
N95.2	627.3
N92.4	627.4
E28.3	627.5
N83.0	628
N83.1	628
N83.2	628
N96	634
O00	634
O00.0	634
O00.1	634
O00.2	634
O00.8	634
O00.9	634
O01	634
O01.0	634
O01.1	634
O01.9	634
O02	634
O02.0	634
O02.1	634
O02.8	634
O02.9	634
O03	634
O03.0	634
O03.1	634
O03.2	634
O03.3	634
O03.4	634
O03.5	634
O03.6	634
O03.7	634
O03.8	634
O03.9	634
O04.0	634
O04.1	634
O04.3	634
O04.4	634
O04.5	634
O04.6	634
O04.8	634
O04.9	634
O06	634
O06.0	634
O06.1	634
O06.2	634
O06.3	634
O06.4	634
O06.5	634
O06.6	634
O06.7	634
O06.8	634
O06.9	634
O26.2	634
O31.0	634
O36.4	634
O36.5	634
O84.0	634
O84.9	634
Z37.1	634
Z37.4	634
O01	634.1
O01.0	634.1
O01.1	634.1
O01.9	634.1
O02.1	634.1
O00	634.3
O00.0	634.3
O00.1	634.3
O00.2	634.3
O00.8	634.3
O00.9	634.3
O06	634.3
O06.0	634.3
O06.1	634.3
O06.2	634.3
O06.3	634.3
O06.4	634.3
O06.5	634.3
O06.6	634.3
O06.7	634.3
O06.8	634.3
O06.9	634.3
O43.0	635
O44	635
O44.0	635
O44.1	635
O45	635
O45.0	635
O45.8	635
O45.9	635
O46	635
O46.0	635
O46.8	635
O46.9	635
O67	635
O67.0	635
O67.8	635
O67.9	635
O71.0	635
O71.1	635
O72	635
O72.0	635
O72.1	635
O72.2	635
O72.3	635
O43.0	635.2
O44	635.2
O44.0	635.2
O44.1	635.2
O45	635.2
O45.0	635.2
O45.8	635.2
O45.9	635.2
O46	635.2
O46.0	635.2
O46.8	635.2
O46.9	635.2
O67	635.2
O67.0	635.2
O67.8	635.2
O67.9	635.2
O72	635.3
O72.0	635.3
O72.1	635.3
O72.2	635.3
O72.3	635.3
O20	636
O20.0	636
O20.8	636
O20.9	636
O34.3	636
O47	636
O47.0	636
O47.1	636
O47.9	636
O60	636
O60.0	636
O60.1	636
O60.2	636
O60.3	636
O60	636.2
O60.0	636.2
O60.1	636.2
O60.2	636.2
O60.3	636.2
O20	636.3
O20.0	636.3
O20.8	636.3
O20.9	636.3
O34.3	636.8
P05	637
P05.0	637
P05.1	637
P05.2	637
P05.9	637
P07.2	637
P07.3	637
Z35.8	638
A34	639
O08	639
O08.0	639
O08.1	639
O08.2	639
O08.3	639
O08.4	639
O08.5	639
O08.6	639
O08.7	639
O08.8	639
O08.9	639
O10	642
O10.0	642
O10.1	642
O10.2	642
O10.3	642
O10.4	642
O10.9	642
O13	642
O14.0	642
O14.1	642
O14.9	642
O15	642
O15.0	642
O15.1	642
O15.2	642
O15.9	642
O16	642
O14.0	642.1
O14.1	642.1
O14.9	642.1
O15	642.1
O15.0	642.1
O15.1	642.1
O15.2	642.1
O15.9	642.1
O21	643
O21.0	643
O21.1	643
O21.2	643
O21.8	643
O21.9	643
O21.0	643.1
O21.1	643.1
O99.0	644
O48	645
O61	645
O61.0	645
O61.1	645
O61.8	645
O61.9	645
O12	646
O12.0	646
O12.1	646
O12.2	646
O26.0	646
O26.1	646
O26.4	646
O26.7	646
O26.8	646
O26.9	646
O29	646
O29.0	646
O29.1	646
O29.2	646
O29.3	646
O29.4	646
O29.5	646
O29.6	646
O29.8	646
O29.9	646
O99.5	646
O99.6	646
O99.8	646
O75.3	647
O91.0	647
O91.1	647
O91.2	647
O98	647
O98.0	647
O98.1	647
O98.2	647
O98.3	647
O98.4	647
O98.5	647
O98.6	647
O98.7	647
O98.8	647
O98.9	647
O23	647.1
O23.0	647.1
O23.1	647.1
O23.2	647.1
O23.3	647.1
O23.4	647.1
O23.5	647.1
O23.9	647.1
O86.1	647.1
O86.2	647.1
O86.3	647.1
O85	647.3
O86.8	647.3
O88.3	647.3
O10.1	649
O25	649
O33.0	649
O90.5	649
O98.4	649
O99.2	649
O99.7	649
O24	649.1
O24.0	649.1
O24.1	649.1
O24.2	649.1
O24.3	649.1
O24.4	649.1
O24.9	649.1
O80.0	650
O80.1	650
O80.8	650
O80.9	650
O30	651
O30.0	651
O30.1	651
O30.2	651
O30.8	651
O30.9	651
O31.2	651
O84.2	651
O84.8	651
Z37.2	651
Z37.6	651
Z37.7	651
Z38.3	651
Z38.6	651
O32.0	652
O32.1	652
O32.2	652
O32.3	652
O32.4	652
O32.5	652
O32.6	652
O32.8	652
O32.9	652
O33.1	652
O33.2	652
O33.3	652
O33.4	652
O33.5	652
O33.6	652
O33.7	652
O33.8	652
O33.9	652
O64	652
O64.0	652
O64.1	652
O64.2	652
O64.3	652
O64.4	652
O64.5	652
O64.8	652
O64.9	652
O65	652
O65.0	652
O65.1	652
O65.2	652
O65.3	652
O65.4	652
O65.5	652
O65.8	652
O65.9	652
O66.0	652
O66.1	652
O66.2	652
O66.3	652
O66.4	652
O66.5	652
O66.8	652
O66.9	652
O40	653
O41	653
O41.0	653
O41.1	653
O41.8	653
O41.9	653
O42	653
O42.0	653
O42.1	653
O42.2	653
O42.9	653
O75.5	653
O75.6	653
O86.4	654
O34.2	654.1
O34.8	654.1
O34.9	654.1
O65.8	654.1
O36.0	654.2
O36.1	654.2
O35.0	655
O35.1	655
O35.2	655
O35.3	655
O35.4	655
O35.5	655
O35.8	655
O35.9	655
O36.2	655
O36.6	655
O36.7	655
O36.8	655
O36.9	655
O43	655
O43.0	655
O43.1	655
O43.2	655
O43.8	655
O43.9	655
O68.1	655
O68.8	655
O68.9	655
O75.2	655
O28	656
O28.0	656
O28.1	656
O28.2	656
O28.3	656
O28.4	656
O28.5	656
O28.8	656
O28.9	656
P10.2	656
P10.3	656
P22.1	656
P22.8	656
P23	656
P23.0	656
P23.1	656
P23.2	656
P23.3	656
P23.4	656
P23.5	656
P23.6	656
P23.8	656
P23.9	656
P24	656
P24.0	656
P24.1	656
P24.2	656
P24.3	656
P24.8	656
P24.9	656
P25	656
P25.0	656
P25.1	656
P25.2	656
P25.3	656
P25.8	656
P26	656
P26.0	656
P26.1	656
P26.8	656
P26.9	656
P27	656
P27.0	656
P27.1	656
P27.8	656
P27.9	656
P28.0	656
P28.1	656
P28.2	656
P28.3	656
P28.4	656
P28.5	656
P28.8	656
P28.9	656
P29	656
P29.0	656
P29.1	656
P29.2	656
P29.3	656
P29.4	656
P29.8	656
P29.9	656
P50	656
P50.0	656
P50.1	656
P50.2	656
P50.3	656
P50.4	656
P50.5	656
P50.8	656
P50.9	656
P51	656
P51.0	656
P51.8	656
P51.9	656
P52.1	656
P52.2	656
P54	656
P54.0	656
P54.1	656
P54.2	656
P54.3	656
P54.4	656
P54.5	656
P54.6	656
P54.8	656
P54.9	656
P55	656
P55.0	656
P55.1	656
P55.8	656
P55.9	656
P56	656
P56.0	656
P56.9	656
P57	656
P57.0	656
P57.8	656
P57.9	656
P58	656
P58.0	656
P58.1	656
P58.2	656
P58.3	656
P58.4	656
P58.5	656
P58.8	656
P58.9	656
P59	656
P59.0	656
P59.1	656
P59.2	656
P59.3	656
P59.8	656
P59.9	656
P60	656
P61	656
P61.0	656
P61.1	656
P61.2	656
P61.3	656
P61.4	656
P61.5	656
P61.6	656
P61.8	656
P61.9	656
P70.0	656
P70.1	656
P70.2	656
P70.3	656
P70.4	656
P71	656
P71.0	656
P71.1	656
P71.2	656
P71.3	656
P71.4	656
P71.8	656
P71.9	656
P72	656
P72.0	656
P72.1	656
P72.2	656
P72.8	656
P72.9	656
P74	656
P74.0	656
P74.1	656
P74.2	656
P74.3	656
P74.4	656
P74.5	656
P74.8	656
P74.9	656
P75	656
P76	656
P76.0	656
P76.1	656
P76.2	656
P76.8	656
P76.9	656
P77	656
P78	656
P78.0	656
P78.1	656
P78.2	656
P78.3	656
P78.8	656
P78.9	656
P80	656
P80.0	656
P80.8	656
P80.9	656
P81	656
P81.0	656
P81.8	656
P81.9	656
P83.0	656
P83.1	656
P83.2	656
P83.4	656
P83.5	656
P83.6	656
P83.8	656
P90	656
P91.0	656
P91.1	656
P91.2	656
P91.3	656
P91.4	656
P91.5	656
P91.8	656
P91.9	656
P92	656
P92.0	656
P92.1	656
P92.2	656
P92.3	656
P92.4	656
P92.5	656
P92.8	656
P92.9	656
P94	656
P94.0	656
P94.1	656
P94.2	656
P94.8	656
P94.9	656
P95	656
P96.0	656
P96.1	656
P96.2	656
P96.3	656
P96.4	656
P96.8	656
P96.9	656
Q31.4	656
W78	656
W78.0	656
W78.1	656
W78.2	656
W78.3	656
W78.4	656
W78.5	656
W78.6	656
W78.7	656
W78.8	656
W78.9	656
P55	656.1
P55.0	656.1
P55.1	656.1
P55.8	656.1
P55.9	656.1
P56	656.1
P56.0	656.1
P56.9	656.1
P57.0	656.1
P22.1	656.2
P22.8	656.2
P24.3	656.2
P24.9	656.2
P25	656.2
P25.0	656.2
P25.1	656.2
P25.2	656.2
P25.3	656.2
P25.8	656.2
P26	656.2
P26.0	656.2
P26.1	656.2
P26.8	656.2
P26.9	656.2
P27	656.2
P27.0	656.2
P27.1	656.2
P27.8	656.2
P27.9	656.2
P28.0	656.2
P28.1	656.2
P28.2	656.2
P28.3	656.2
P28.4	656.2
P28.5	656.2
P28.8	656.2
P28.9	656.2
Q31.4	656.2
W78	656.2
W78.0	656.2
W78.1	656.2
W78.2	656.2
W78.3	656.2
W78.4	656.2
W78.5	656.2
W78.6	656.2
W78.7	656.2
W78.8	656.2
W78.9	656.2
P25	656.22
P25.0	656.22
P25.1	656.22
P25.2	656.22
P25.3	656.22
P25.8	656.22
P22.1	656.26
P28.3	656.26
P28.4	656.26
P70.0	656.3
P70.1	656.3
P70.2	656.3
P70.3	656.3
P70.4	656.3
P71	656.3
P71.0	656.3
P71.1	656.3
P71.2	656.3
P71.3	656.3
P71.4	656.3
P71.8	656.3
P71.9	656.3
P72	656.3
P72.0	656.3
P72.1	656.3
P72.2	656.3
P72.8	656.3
P72.9	656.3
P74	656.3
P74.0	656.3
P74.1	656.3
P74.2	656.3
P74.3	656.3
P74.4	656.3
P74.5	656.3
P74.8	656.3
P74.9	656.3
P92	656.3
P92.0	656.3
P92.1	656.3
P92.2	656.3
P92.3	656.3
P92.4	656.3
P92.5	656.3
P92.8	656.3
P92.9	656.3
P94.0	656.3
P10.2	656.4
P10.3	656.4
P50	656.4
P50.0	656.4
P50.1	656.4
P50.2	656.4
P50.3	656.4
P50.4	656.4
P50.5	656.4
P50.8	656.4
P50.9	656.4
P51	656.4
P51.0	656.4
P51.8	656.4
P51.9	656.4
P52.1	656.4
P52.2	656.4
P54	656.4
P54.0	656.4
P54.1	656.4
P54.2	656.4
P54.3	656.4
P54.4	656.4
P54.5	656.4
P54.6	656.4
P54.8	656.4
P54.9	656.4
P60	656.5
P61	656.5
P61.0	656.5
P61.1	656.5
P61.2	656.5
P61.3	656.5
P61.4	656.5
P61.5	656.5
P61.6	656.5
P61.8	656.5
P61.9	656.5
P75	656.6
P76	656.6
P76.0	656.6
P76.1	656.6
P76.2	656.6
P76.8	656.6
P76.9	656.6
P77	656.6
P78	656.6
P78.0	656.6
P78.1	656.6
P78.2	656.6
P78.3	656.6
P78.8	656.6
P78.9	656.6
P80	656.7
P80.0	656.7
P80.8	656.7
P80.9	656.7
P81	656.7
P81.0	656.7
P81.8	656.7
P81.9	656.7
P83.0	656.7
P83.1	656.7
P83.2	656.7
P83.4	656.7
P83.5	656.7
P83.6	656.7
P83.8	656.7
P58	656.8
P58.0	656.8
P58.1	656.8
P58.2	656.8
P58.3	656.8
P58.4	656.8
P58.5	656.8
P58.8	656.8
P58.9	656.8
P59	656.8
P59.0	656.8
P59.1	656.8
P59.2	656.8
P59.3	656.8
P59.8	656.8
P59.9	656.8
P29.1	656.9
A33	657
P35	657
P35.0	657
P35.1	657
P35.2	657
P35.3	657
P35.8	657
P35.9	657
P36	657
P36.0	657
P36.1	657
P36.2	657
P36.3	657
P36.4	657
P36.5	657
P36.8	657
P36.9	657
P37	657
P37.0	657
P37.1	657
P37.2	657
P37.3	657
P37.4	657
P37.5	657
P37.8	657
P37.9	657
P39	657
P39.0	657
P39.1	657
P39.2	657
P39.3	657
P39.4	657
P39.8	657
P39.9	657
P00.6	658
P00.9	658
P01	658
P01.0	658
P01.1	658
P01.2	658
P01.3	658
P01.4	658
P01.5	658
P01.6	658
P01.7	658
P01.8	658
P01.9	658
P02	658
P02.0	658
P02.1	658
P02.2	658
P02.3	658
P02.4	658
P02.5	658
P02.6	658
P02.7	658
P02.8	658
P02.9	658
P03.0	658
P03.1	658
P03.3	658
P03.4	658
P03.5	658
P03.6	658
P03.8	658
P04	658
P04.0	658
P04.1	658
P04.2	658
P04.3	658
P04.4	658
P04.5	658
P04.6	658
P04.8	658
P04.9	658
P08	658
P08.0	658
P08.1	658
P08.2	658
Q86	658
Q86.0	658
Q86.1	658
Q86.2	658
Q86.8	658
O62	661
O62.0	661
O62.1	661
O62.2	661
O62.3	661
O62.4	661
O62.8	661
O62.9	661
O63	661
O63.0	661
O63.1	661
O63.2	661
O63.9	661
P20	661
P20.0	661
P20.1	661
P20.9	661
P21	661
P21.0	661
P21.1	661
P21.9	661
P22	661
P22.0	661
P22.1	661
P22.8	661
P22.9	661
O69	663
O69.0	663
O69.1	663
O69.2	663
O69.3	663
O69.4	663
O69.5	663
O69.8	663
O69.9	663
O70	665
O70.0	665
O70.1	665
O70.2	665
O70.3	665
O70.9	665
O71	665
O71.0	665
O71.1	665
O71.2	665
O71.3	665
O71.4	665
O71.5	665
O71.6	665
O71.7	665
O71.8	665
O71.9	665
P10	665
P10.0	665
P10.1	665
P10.2	665
P10.3	665
P10.4	665
P10.8	665
P10.9	665
P11	665
P11.0	665
P11.1	665
P11.2	665
P11.3	665
P11.4	665
P11.5	665
P11.9	665
P12	665
P12.0	665
P12.1	665
P12.2	665
P12.3	665
P12.4	665
P12.8	665
P12.9	665
P13	665
P13.0	665
P13.1	665
P13.2	665
P13.3	665
P13.4	665
P13.8	665
P13.9	665
P14	665
P14.0	665
P14.1	665
P14.2	665
P14.3	665
P14.8	665
P14.9	665
P15	665
P15.0	665
P15.1	665
P15.2	665
P15.3	665
P15.4	665
P15.5	665
P15.6	665
P15.8	665
P15.9	665
O74	668
O74.0	668
O74.1	668
O74.2	668
O74.3	668
O74.4	668
O74.5	668
O74.6	668
O74.7	668
O74.8	668
O74.9	668
O89	668
O89.0	668
O89.1	668
O89.2	668
O89.3	668
O89.4	668
O89.5	668
O89.6	668
O89.8	668
O89.9	668
O26.5	669
O68.0	669
O68.2	669
O68.3	669
O73	669
O73.0	669
O73.1	669
O75.0	669
O75.1	669
O75.4	669
O75.8	669
O75.9	669
O81.3	669
O81.4	669
O81.5	669
O82.0	669
O82.1	669
O82.8	669
O83.1	669
O90.4	669
O22	671
O22.0	671
O22.1	671
O22.2	671
O22.3	671
O22.4	671
O22.5	671
O22.8	671
O22.9	671
O87	671
O87.0	671
O87.1	671
O87.2	671
O87.3	671
O87.8	671
O87.9	671
O88.0	671
O88.1	671
O88.2	671
O88.8	671
O99.4	671
N85.3	674
O86.0	674
O89.6	674
O90.0	674
O90.1	674
O90.2	674
O90.3	674
O90.8	674
O90.9	674
O92.0	676
O92.1	676
O92.2	676
O92.3	676
O92.4	676
O92.5	676
O92.7	676
O35.7	679
O82.9	679
L03	681
L03.0	681
L03.1	681
L03.2	681
L03.3	681
L03.8	681
L03.9	681
L98.3	681
L03.0	681.1
L03.2	681.2
L03.1	681.3
L03.3	681.7
A20.1	686
A21.0	686
A22.0	686
A31.1	686
A36.3	686
A43.1	686
A46	686
B78.1	686
E83.2	686
L08	686
L08.0	686
L08.1	686
L08.8	686
L08.9	686
H60.0	686.1
L02.0	686.1
L02.1	686.1
L02.2	686.1
L02.3	686.1
L02.4	686.1
L02.8	686.1
L02.9	686.1
L01	686.2
L01.0	686.2
L01.1	686.2
L05	686.3
L05.0	686.3
L05.9	686.3
L92.8	686.4
L98.0	686.4
L08.0	686.5
L88	686.5
R22	687
R22.0	687
R22.1	687
R22.2	687
R22.3	687
R22.4	687
R22.7	687
R22.9	687
R23	687
R23.0	687
R23.1	687
R23.2	687
R23.3	687
R23.4	687
R23.8	687
R21	687.1
R22	687.2
R22.0	687.2
R22.1	687.2
R22.2	687.2
R22.3	687.2
R22.4	687.2
R22.7	687.2
R22.9	687.2
R23.4	687.3
R20	687.4
R20.0	687.4
R20.1	687.4
R20.2	687.4
R20.3	687.4
R20.8	687.4
L44.8	689
L44.9	689
L45	689
L94.2	689
L94.4	689
L98.8	689
L98.9	689
L99	689
L99.0	689
L99.8	689
Z87.2	689
L21	690
L21.0	690
L21.1	690
L21.8	690
L21.9	690
L30.3	690
L21	690.1
L21.0	690.1
L21.1	690.1
L21.8	690.1
L21.9	690.1
Q80	691
Q80.0	691
Q80.1	691
Q80.2	691
Q80.3	691
Q80.4	691
Q80.8	691
Q80.9	691
Q81	691
Q81.0	691
Q81.1	691
Q81.2	691
Q81.8	691
Q81.9	691
Q82.1	691
Q82.2	691
Q82.3	691
Q82.4	691
Q82.8	691
Q82.9	691
Q80	691.1
Q80.0	691.1
Q80.1	691.1
Q80.2	691.1
Q80.3	691.1
Q80.4	691.1
Q80.8	691.1
Q80.9	691.1
Q82.1	691.3
Q82.2	691.3
Q82.3	691.3
L57.3	694
L80	694
L81	694
L81.0	694
L81.1	694
L81.2	694
L81.3	694
L81.4	694
L81.5	694
L81.6	694
L81.7	694
L81.8	694
L81.9	694
L95.0	694
L95.8	694
L95.9	694
L80	694.1
L57.3	694.2
L81	694.2
L81.0	694.2
L81.1	694.2
L81.2	694.2
L81.3	694.2
L81.4	694.2
L81.5	694.2
L81.6	694.2
L81.7	694.2
L81.8	694.2
L81.9	694.2
L95.0	694.3
L95.8	694.3
L95.9	694.3
H13.3	695
L00	695
L10	695
L10.0	695
L10.1	695
L10.2	695
L10.3	695
L10.4	695
L10.5	695
L10.8	695
L10.9	695
L12	695
L12.0	695
L12.1	695
L12.2	695
L12.3	695
L12.8	695
L12.9	695
L13.0	695
L13.1	695
L13.8	695
L13.9	695
L14	695
L26	695
L28	695
L28.0	695
L28.1	695
L28.2	695
L30.4	695
L43	695
L43.0	695
L43.1	695
L43.2	695
L43.3	695
L43.8	695
L43.9	695
L44.1	695
L44.2	695
L44.3	695
L51	695
L51.0	695
L51.1	695
L51.2	695
L51.8	695
L51.9	695
L52	695
L53.0	695
L53.1	695
L53.2	695
L53.3	695
L53.8	695
L53.9	695
L54	695
L54.0	695
L54.8	695
L66.1	695
L71	695
L71.0	695
L71.1	695
L71.8	695
L71.9	695
L92.0	695
L93	695
L93.0	695
L93.1	695
L93.2	695
L95.1	695
L98.1	695
L98.2	695
M32	695
M32.0	695
M32.1	695
M32.8	695
M32.9	695
M32.90	695
L12.3	695.1
L51	695.1
L51.0	695.1
L51.1	695.1
L51.2	695.1
L51.8	695.1
L51.9	695.1
L53.0	695.1
L53.1	695.1
L53.2	695.1
L53.3	695.1
H13.3	695.2
L10	695.2
L10.0	695.2
L10.1	695.2
L10.2	695.2
L10.3	695.2
L10.4	695.2
L10.5	695.2
L10.8	695.2
L10.9	695.2
L12	695.2
L12.0	695.2
L12.1	695.2
L12.2	695.2
L12.3	695.2
L12.8	695.2
L12.9	695.2
L13.0	695.2
L13.1	695.2
L13.8	695.2
L13.9	695.2
L14	695.2
L12.2	695.21
L13.0	695.21
L13.1	695.21
H13.3	695.22
L10	695.22
L10.0	695.22
L10.1	695.22
L10.2	695.22
L10.3	695.22
L10.4	695.22
L10.5	695.22
L10.8	695.22
L10.9	695.22
L12	695.22
L12.0	695.22
L12.1	695.22
L12.2	695.22
L12.3	695.22
L12.8	695.22
L12.9	695.22
L71	695.3
L71.0	695.3
L71.1	695.3
L71.8	695.3
L71.9	695.3
L93	695.4
L93.0	695.4
L93.1	695.4
L93.2	695.4
M32	695.4
M32.0	695.4
M32.1	695.4
M32.8	695.4
M32.9	695.4
M32.90	695.4
L93	695.41
L93.0	695.41
L93.1	695.41
L93.2	695.41
M32	695.42
M32.0	695.42
M32.1	695.42
M32.8	695.42
M32.9	695.42
M32.90	695.42
L28	695.7
L28.0	695.7
L28.1	695.7
L28.2	695.7
L43	695.7
L43.0	695.7
L43.1	695.7
L43.2	695.7
L43.3	695.7
L43.8	695.7
L43.9	695.7
L44.1	695.7
L44.2	695.7
L44.3	695.7
L66.1	695.7
L00	695.8
L30.4	695.8
L52	695.8
L53.8	695.8
L54	695.8
L54.0	695.8
L54.8	695.8
L92.0	695.8
L95.1	695.8
L98.1	695.8
L98.2	695.8
L52	695.81
L26	695.9
L53.9	695.9
L30.5	696
L40	696
L40.0	696
L40.1	696
L40.2	696
L40.3	696
L40.4	696
L40.5	696
L40.8	696
L40.9	696
L41	696
L41.0	696
L41.1	696
L41.2	696
L41.3	696
L41.4	696
L41.5	696
L41.8	696
L41.9	696
L42	696
L44.0	696
L94.5	696
M07.0	696
M07.00	696
M07.01	696
M07.02	696
M07.03	696
M07.04	696
M07.05	696
M07.06	696
M07.07	696
M07.08	696
M07.09	696
M07.2	696
M07.20	696
M07.21	696
M07.22	696
M07.23	696
M07.24	696
M07.25	696
M07.26	696
M07.27	696
M07.28	696
M07.29	696
M07.3	696
M07.30	696
M07.31	696
M07.32	696
M07.33	696
M07.34	696
M07.35	696
M07.36	696
M07.37	696
M07.38	696
M07.39	696
L41	696.2
L41.0	696.2
L41.1	696.2
L41.2	696.2
L41.3	696.2
L41.4	696.2
L41.5	696.2
L41.8	696.2
L41.9	696.2
L94.5	696.2
L30.5	696.3
L42	696.3
L44.0	696.3
L40	696.4
L40.0	696.4
L40.1	696.4
L40.2	696.4
L40.3	696.4
L40.4	696.4
L40.5	696.4
L40.8	696.4
L40.9	696.4
M07.0	696.4
M07.00	696.4
M07.01	696.4
M07.02	696.4
M07.03	696.4
M07.04	696.4
M07.05	696.4
M07.06	696.4
M07.07	696.4
M07.08	696.4
M07.09	696.4
M07.2	696.4
M07.20	696.4
M07.21	696.4
M07.22	696.4
M07.23	696.4
M07.24	696.4
M07.25	696.4
M07.26	696.4
M07.27	696.4
M07.28	696.4
M07.29	696.4
M07.3	696.4
M07.30	696.4
M07.31	696.4
M07.32	696.4
M07.33	696.4
M07.34	696.4
M07.35	696.4
M07.36	696.4
M07.37	696.4
M07.38	696.4
M07.39	696.4
L40.0	696.41
L40.1	696.41
L40.2	696.41
L40.3	696.41
L40.4	696.41
L40.8	696.41
L40.5	696.42
M07.0	696.42
M07.00	696.42
M07.01	696.42
M07.02	696.42
M07.03	696.42
M07.04	696.42
M07.05	696.42
M07.06	696.42
M07.07	696.42
M07.08	696.42
M07.09	696.42
M07.2	696.42
M07.20	696.42
M07.21	696.42
M07.22	696.42
M07.23	696.42
M07.24	696.42
M07.25	696.42
M07.26	696.42
M07.27	696.42
M07.28	696.42
M07.29	696.42
M07.3	696.42
M07.30	696.42
M07.31	696.42
M07.32	696.42
M07.33	696.42
M07.34	696.42
M07.35	696.42
M07.36	696.42
M07.37	696.42
M07.38	696.42
M07.39	696.42
D84.1	697
D86	697
D86.0	697
D86.1	697
D86.2	697
D86.3	697
D86.8	697
D86.9	697
G53.2	697
L29	698
L29.0	698
L29.1	698
L29.2	698
L29.3	698
L29.8	698
L29.9	698
L84	700
L11.0	701
L11.8	701
L11.9	701
L57.2	701
L57.4	701
L66.4	701
L83	701
L85.0	701
L85.1	701
L85.2	701
L85.8	701
L85.9	701
L86	701
L87	701
L87.0	701
L87.1	701
L87.2	701
L87.8	701
L87.9	701
L90	701
L90.0	701
L90.1	701
L90.2	701
L90.3	701
L90.4	701
L90.5	701
L90.6	701
L90.8	701
L90.9	701
L91	701
L91.0	701
L91.8	701
L91.9	701
L92	701
L92.0	701
L92.1	701
L92.2	701
L92.3	701
L92.8	701
L92.9	701
L94.0	701
L94.1	701
L94.8	701
L94.9	701
L98.5	701
L98.6	701
M60.2	701
M60.20	701
M60.21	701
M60.22	701
M60.23	701
M60.24	701
M60.25	701
M60.26	701
M60.27	701
M60.28	701
M60.29	701
L11.0	701.1
L85.0	701.1
L85.1	701.1
L85.2	701.1
L86	701.1
L87.0	701.1
L87.2	701.1
L90.5	701.2
L94.0	701.3
L94.1	701.3
L91.0	701.4
L92	701.5
L92.0	701.5
L92.1	701.5
L92.2	701.5
L92.3	701.5
L92.8	701.5
L92.9	701.5
M60.2	701.5
M60.20	701.5
M60.21	701.5
M60.22	701.5
M60.23	701.5
M60.24	701.5
M60.25	701.5
M60.26	701.5
M60.27	701.5
M60.28	701.5
M60.29	701.5
L83	701.6
L11.1	702
L57.0	702
L82	702
L90.0	702
L92.1	702
L57.0	702.1
L90.0	702.1
L82	702.2
L92.1	702.4
L60	703
L60.0	703
L60.1	703
L60.2	703
L60.3	703
L60.4	703
L60.5	703
L60.8	703
L60.9	703
L62	703
L62.0	703
L62.8	703
L60.0	703.1
L63	704
L63.0	704
L63.1	704
L63.2	704
L63.8	704
L63.9	704
L64	704
L64.0	704
L64.8	704
L64.9	704
L65.0	704
L65.1	704
L65.2	704
L65.8	704
L65.9	704
L66	704
L66.0	704
L66.1	704
L66.2	704
L66.3	704
L66.4	704
L66.8	704
L66.9	704
L67	704
L67.0	704
L67.1	704
L67.8	704
L67.9	704
L72.1	704
L73.1	704
L73.8	704
L73.9	704
L63	704.1
L63.0	704.1
L63.1	704.1
L63.2	704.1
L63.8	704.1
L63.9	704.1
L64	704.1
L64.0	704.1
L64.8	704.1
L64.9	704.1
L65.0	704.1
L65.1	704.1
L65.2	704.1
L65.8	704.1
L65.9	704.1
L66	704.1
L66.0	704.1
L66.1	704.1
L66.2	704.1
L66.3	704.1
L66.4	704.1
L66.8	704.1
L66.9	704.1
L63	704.11
L63.0	704.11
L63.1	704.11
L63.2	704.11
L63.8	704.11
L63.9	704.11
L65.0	704.12
L68	704.2
L68.0	704.2
L68.1	704.2
L68.2	704.2
L68.3	704.2
L68.8	704.2
L68.9	704.2
L66.3	704.8
L67	704.8
L67.0	704.8
L67.1	704.8
L67.8	704.8
L67.9	704.8
L73.1	704.8
L73.8	704.8
L30.1	705
L73.2	705
L74	705
L74.0	705
L74.1	705
L74.2	705
L74.3	705
L74.4	705
L74.8	705
L74.9	705
L75	705
L75.0	705
L75.1	705
L75.2	705
L75.8	705
L75.9	705
L30.1	705.1
L73.2	705.3
R61	705.8
R61.0	705.8
R61.1	705.8
R61.9	705.8
K09.8	706
L70	706
L70.0	706
L70.1	706
L70.2	706
L70.3	706
L70.4	706
L70.5	706
L70.8	706
L70.9	706
L72	706
L72.0	706
L72.1	706
L72.2	706
L72.8	706
L72.9	706
L73.0	706
L85.3	706
L70	706.1
L70.0	706.1
L70.1	706.1
L70.2	706.1
L70.3	706.1
L70.4	706.1
L70.5	706.1
L70.8	706.1
L70.9	706.1
L73.0	706.1
K09.8	706.2
L72	706.2
L72.0	706.2
L72.1	706.2
L72.2	706.2
L72.8	706.2
L72.9	706.2
L85.3	706.8
L89	707
L89.0	707
L89.1	707
L89.2	707
L89.3	707
L89.9	707
L97	707
L98.4	707
L89	707.1
L89.0	707.1
L89.1	707.1
L89.2	707.1
L89.3	707.1
L89.9	707.1
L94.3	709
M33	709
M33.0	709
M33.1	709
M33.2	709
M33.9	709
M34	709
M34.0	709
M34.1	709
M34.2	709
M34.8	709
M34.9	709
M35.0	709
M35.1	709
M35.5	709
M35.8	709
M35.9	709
M35.99	709
M36.0	709
M36.8	709
N16.4	709
M35.0	709.2
L94.3	709.3
M34	709.3
M34.0	709.3
M34.1	709.3
M34.2	709.3
M34.8	709.3
M34.9	709.3
M33.2	709.4
M33	709.5
M33.0	709.5
M33.1	709.5
M33.2	709.5
M33.9	709.5
M36.0	709.5
M35.1	709.6
M35.5	709.6
M35.8	709.6
M35.9	709.7
M35.99	709.7
M36.8	709.7
N16.4	709.7
M46.2	710
M46.20	710
M46.21	710
M46.22	710
M46.23	710
M46.24	710
M46.25	710
M46.26	710
M46.27	710
M46.28	710
M46.29	710
M46.3	710
M46.30	710
M46.31	710
M46.32	710
M46.33	710
M46.34	710
M46.35	710
M46.36	710
M46.37	710
M46.38	710
M46.39	710
M86	710
M86.0	710
M86.00	710
M86.01	710
M86.02	710
M86.03	710
M86.04	710
M86.05	710
M86.06	710
M86.07	710
M86.08	710
M86.09	710
M86.1	710
M86.10	710
M86.11	710
M86.12	710
M86.13	710
M86.14	710
M86.15	710
M86.16	710
M86.17	710
M86.18	710
M86.19	710
M86.2	710
M86.20	710
M86.21	710
M86.22	710
M86.23	710
M86.24	710
M86.25	710
M86.26	710
M86.27	710
M86.28	710
M86.29	710
M86.3	710
M86.30	710
M86.31	710
M86.32	710
M86.33	710
M86.34	710
M86.35	710
M86.36	710
M86.37	710
M86.38	710
M86.39	710
M86.4	710
M86.40	710
M86.41	710
M86.42	710
M86.43	710
M86.44	710
M86.45	710
M86.46	710
M86.47	710
M86.48	710
M86.49	710
M86.5	710
M86.50	710
M86.51	710
M86.52	710
M86.53	710
M86.54	710
M86.55	710
M86.56	710
M86.57	710
M86.58	710
M86.59	710
M86.6	710
M86.60	710
M86.61	710
M86.62	710
M86.63	710
M86.64	710
M86.65	710
M86.66	710
M86.67	710
M86.68	710
M86.69	710
M86.8	710
M86.80	710
M86.81	710
M86.82	710
M86.83	710
M86.84	710
M86.85	710
M86.86	710
M86.87	710
M86.88	710
M86.89	710
M86.9	710
M86.90	710
M86.91	710
M86.92	710
M86.93	710
M86.94	710
M86.95	710
M86.96	710
M86.97	710
M86.98	710
M86.99	710
M89.6	710
M89.60	710
M89.61	710
M89.62	710
M89.63	710
M89.64	710
M89.65	710
M89.66	710
M89.67	710
M89.68	710
M89.69	710
M46.2	710.1
M46.20	710.1
M46.21	710.1
M46.22	710.1
M46.23	710.1
M46.24	710.1
M46.25	710.1
M46.26	710.1
M46.27	710.1
M46.28	710.1
M46.29	710.1
M86	710.1
M86.0	710.1
M86.00	710.1
M86.01	710.1
M86.02	710.1
M86.03	710.1
M86.04	710.1
M86.05	710.1
M86.06	710.1
M86.07	710.1
M86.08	710.1
M86.09	710.1
M86.1	710.1
M86.10	710.1
M86.11	710.1
M86.12	710.1
M86.13	710.1
M86.14	710.1
M86.15	710.1
M86.16	710.1
M86.17	710.1
M86.18	710.1
M86.19	710.1
M86.2	710.1
M86.20	710.1
M86.21	710.1
M86.22	710.1
M86.23	710.1
M86.24	710.1
M86.25	710.1
M86.26	710.1
M86.27	710.1
M86.28	710.1
M86.29	710.1
M86.3	710.1
M86.30	710.1
M86.31	710.1
M86.32	710.1
M86.33	710.1
M86.34	710.1
M86.35	710.1
M86.36	710.1
M86.37	710.1
M86.38	710.1
M86.39	710.1
M86.4	710.1
M86.40	710.1
M86.41	710.1
M86.42	710.1
M86.43	710.1
M86.44	710.1
M86.45	710.1
M86.46	710.1
M86.47	710.1
M86.48	710.1
M86.49	710.1
M86.5	710.1
M86.50	710.1
M86.51	710.1
M86.52	710.1
M86.53	710.1
M86.54	710.1
M86.55	710.1
M86.56	710.1
M86.57	710.1
M86.58	710.1
M86.59	710.1
M86.6	710.1
M86.60	710.1
M86.61	710.1
M86.62	710.1
M86.63	710.1
M86.64	710.1
M86.65	710.1
M86.66	710.1
M86.67	710.1
M86.68	710.1
M86.69	710.1
M86.8	710.1
M86.80	710.1
M86.81	710.1
M86.82	710.1
M86.83	710.1
M86.84	710.1
M86.85	710.1
M86.86	710.1
M86.87	710.1
M86.88	710.1
M86.89	710.1
M86.9	710.1
M86.90	710.1
M86.91	710.1
M86.92	710.1
M86.93	710.1
M86.94	710.1
M86.95	710.1
M86.96	710.1
M86.97	710.1
M86.98	710.1
M86.99	710.1
M86.0	710.11
M86.00	710.11
M86.01	710.11
M86.02	710.11
M86.03	710.11
M86.04	710.11
M86.05	710.11
M86.06	710.11
M86.07	710.11
M86.08	710.11
M86.09	710.11
M86.1	710.11
M86.10	710.11
M86.11	710.11
M86.12	710.11
M86.13	710.11
M86.14	710.11
M86.15	710.11
M86.16	710.11
M86.17	710.11
M86.18	710.11
M86.19	710.11
M86.2	710.11
M86.20	710.11
M86.21	710.11
M86.22	710.11
M86.23	710.11
M86.24	710.11
M86.25	710.11
M86.26	710.11
M86.27	710.11
M86.28	710.11
M86.29	710.11
M86.3	710.12
M86.30	710.12
M86.31	710.12
M86.32	710.12
M86.33	710.12
M86.34	710.12
M86.35	710.12
M86.36	710.12
M86.37	710.12
M86.38	710.12
M86.39	710.12
M86.4	710.12
M86.40	710.12
M86.41	710.12
M86.42	710.12
M86.43	710.12
M86.44	710.12
M86.45	710.12
M86.46	710.12
M86.47	710.12
M86.48	710.12
M86.49	710.12
M86.5	710.12
M86.50	710.12
M86.51	710.12
M86.52	710.12
M86.53	710.12
M86.54	710.12
M86.55	710.12
M86.56	710.12
M86.57	710.12
M86.58	710.12
M86.59	710.12
M86.6	710.12
M86.60	710.12
M86.61	710.12
M86.62	710.12
M86.63	710.12
M86.64	710.12
M86.65	710.12
M86.66	710.12
M86.67	710.12
M86.68	710.12
M86.69	710.12
M86.8	710.12
M86.80	710.12
M86.81	710.12
M86.82	710.12
M86.83	710.12
M86.84	710.12
M86.85	710.12
M86.86	710.12
M86.87	710.12
M86.88	710.12
M86.89	710.12
M46.2	710.19
M46.20	710.19
M46.21	710.19
M46.22	710.19
M46.23	710.19
M46.24	710.19
M46.25	710.19
M46.26	710.19
M46.27	710.19
M46.28	710.19
M46.29	710.19
M86	710.19
M86.0	710.19
M86.00	710.19
M86.01	710.19
M86.02	710.19
M86.03	710.19
M86.04	710.19
M86.05	710.19
M86.06	710.19
M86.07	710.19
M86.08	710.19
M86.09	710.19
M86.1	710.19
M86.10	710.19
M86.11	710.19
M86.12	710.19
M86.13	710.19
M86.14	710.19
M86.15	710.19
M86.16	710.19
M86.17	710.19
M86.18	710.19
M86.19	710.19
M86.2	710.19
M86.20	710.19
M86.21	710.19
M86.22	710.19
M86.23	710.19
M86.24	710.19
M86.25	710.19
M86.26	710.19
M86.27	710.19
M86.28	710.19
M86.29	710.19
M86.3	710.19
M86.30	710.19
M86.31	710.19
M86.32	710.19
M86.33	710.19
M86.34	710.19
M86.35	710.19
M86.36	710.19
M86.37	710.19
M86.38	710.19
M86.39	710.19
M86.4	710.19
M86.40	710.19
M86.41	710.19
M86.42	710.19
M86.43	710.19
M86.44	710.19
M86.45	710.19
M86.46	710.19
M86.47	710.19
M86.48	710.19
M86.49	710.19
M86.5	710.19
M86.50	710.19
M86.51	710.19
M86.52	710.19
M86.53	710.19
M86.54	710.19
M86.55	710.19
M86.56	710.19
M86.57	710.19
M86.58	710.19
M86.59	710.19
M86.6	710.19
M86.60	710.19
M86.61	710.19
M86.62	710.19
M86.63	710.19
M86.64	710.19
M86.65	710.19
M86.66	710.19
M86.67	710.19
M86.68	710.19
M86.69	710.19
M86.8	710.19
M86.80	710.19
M86.81	710.19
M86.82	710.19
M86.83	710.19
M86.84	710.19
M86.85	710.19
M86.86	710.19
M86.87	710.19
M86.88	710.19
M86.89	710.19
M86.9	710.19
M86.90	710.19
M86.91	710.19
M86.92	710.19
M86.93	710.19
M86.94	710.19
M86.95	710.19
M86.96	710.19
M86.97	710.19
M86.98	710.19
M86.99	710.19
M89.6	710.3
M89.60	710.3
M89.61	710.3
M89.62	710.3
M89.63	710.3
M89.64	710.3
M89.65	710.3
M89.66	710.3
M89.67	710.3
M89.68	710.3
M89.69	710.3
A25.1	711
M00	711
M00.0	711
M00.00	711
M00.01	711
M00.02	711
M00.03	711
M00.04	711
M00.05	711
M00.06	711
M00.07	711
M00.08	711
M00.09	711
M00.1	711
M00.10	711
M00.11	711
M00.12	711
M00.13	711
M00.14	711
M00.15	711
M00.16	711
M00.17	711
M00.18	711
M00.19	711
M00.2	711
M00.20	711
M00.21	711
M00.22	711
M00.23	711
M00.24	711
M00.25	711
M00.26	711
M00.27	711
M00.28	711
M00.29	711
M00.8	711
M00.80	711
M00.81	711
M00.82	711
M00.83	711
M00.84	711
M00.85	711
M00.86	711
M00.87	711
M00.88	711
M00.89	711
M00.9	711
M00.90	711
M00.91	711
M00.92	711
M00.93	711
M00.94	711
M00.95	711
M00.96	711
M00.97	711
M00.98	711
M00.99	711
M01	711
M01.0	711
M01.00	711
M01.01	711
M01.02	711
M01.03	711
M01.04	711
M01.05	711
M01.06	711
M01.07	711
M01.08	711
M01.09	711
M01.1	711
M01.10	711
M01.11	711
M01.12	711
M01.13	711
M01.14	711
M01.15	711
M01.16	711
M01.17	711
M01.18	711
M01.19	711
M01.2	711
M01.20	711
M01.21	711
M01.22	711
M01.23	711
M01.24	711
M01.25	711
M01.26	711
M01.27	711
M01.28	711
M01.29	711
M01.3	711
M01.30	711
M01.31	711
M01.32	711
M01.33	711
M01.34	711
M01.35	711
M01.36	711
M01.37	711
M01.38	711
M01.39	711
M01.4	711
M01.40	711
M01.41	711
M01.42	711
M01.43	711
M01.44	711
M01.45	711
M01.46	711
M01.47	711
M01.48	711
M01.49	711
M01.5	711
M01.50	711
M01.51	711
M01.52	711
M01.53	711
M01.54	711
M01.55	711
M01.56	711
M01.57	711
M01.58	711
M01.59	711
M01.6	711
M01.60	711
M01.61	711
M01.62	711
M01.63	711
M01.64	711
M01.65	711
M01.66	711
M01.67	711
M01.68	711
M01.69	711
M01.8	711
M01.80	711
M01.81	711
M01.82	711
M01.83	711
M01.84	711
M01.85	711
M01.86	711
M01.87	711
M01.88	711
M01.89	711
M02.1	711
M02.10	711
M02.11	711
M02.12	711
M02.13	711
M02.14	711
M02.15	711
M02.16	711
M02.17	711
M02.18	711
M02.19	711
M02.3	711
M02.30	711
M02.31	711
M02.32	711
M02.33	711
M02.34	711
M02.35	711
M02.36	711
M02.37	711
M02.38	711
M02.39	711
M02.8	711
M02.80	711
M02.81	711
M02.82	711
M02.83	711
M02.84	711
M02.85	711
M02.86	711
M02.87	711
M02.88	711
M02.89	711
M03.0	711
M03.00	711
M03.01	711
M03.02	711
M03.03	711
M03.04	711
M03.05	711
M03.06	711
M03.07	711
M03.08	711
M03.09	711
M03.6	711
M03.60	711
M03.61	711
M03.62	711
M03.63	711
M03.64	711
M03.65	711
M03.66	711
M03.67	711
M03.68	711
M03.69	711
M07.6	711
M07.60	711
M07.61	711
M07.62	711
M07.63	711
M07.64	711
M07.65	711
M07.66	711
M07.67	711
M07.68	711
M07.69	711
M35.2	711
M00	711.1
M00.0	711.1
M00.00	711.1
M00.01	711.1
M00.02	711.1
M00.03	711.1
M00.04	711.1
M00.05	711.1
M00.06	711.1
M00.07	711.1
M00.08	711.1
M00.09	711.1
M00.1	711.1
M00.10	711.1
M00.11	711.1
M00.12	711.1
M00.13	711.1
M00.14	711.1
M00.15	711.1
M00.16	711.1
M00.17	711.1
M00.18	711.1
M00.19	711.1
M00.2	711.1
M00.20	711.1
M00.21	711.1
M00.22	711.1
M00.23	711.1
M00.24	711.1
M00.25	711.1
M00.26	711.1
M00.27	711.1
M00.28	711.1
M00.29	711.1
M00.8	711.1
M00.80	711.1
M00.81	711.1
M00.82	711.1
M00.83	711.1
M00.84	711.1
M00.85	711.1
M00.86	711.1
M00.87	711.1
M00.88	711.1
M00.89	711.1
M00.9	711.1
M00.90	711.1
M00.91	711.1
M00.92	711.1
M00.93	711.1
M00.94	711.1
M00.95	711.1
M00.96	711.1
M00.97	711.1
M00.98	711.1
M00.99	711.1
M02.3	711.2
M02.30	711.2
M02.31	711.2
M02.32	711.2
M02.33	711.2
M02.34	711.2
M02.35	711.2
M02.36	711.2
M02.37	711.2
M02.38	711.2
M02.39	711.2
M03.6	711.2
M03.60	711.2
M03.61	711.2
M03.62	711.2
M03.63	711.2
M03.64	711.2
M03.65	711.2
M03.66	711.2
M03.67	711.2
M03.68	711.2
M03.69	711.2
M35.2	711.3
M60.0	712
M60.00	712
M60.01	712
M60.02	712
M60.03	712
M60.04	712
M60.05	712
M60.06	712
M60.07	712
M60.08	712
M60.09	712
M02	713
M02.0	713
M02.00	713
M02.01	713
M02.02	713
M02.03	713
M02.04	713
M02.05	713
M02.06	713
M02.07	713
M02.08	713
M02.09	713
M02.1	713
M02.10	713
M02.11	713
M02.12	713
M02.13	713
M02.14	713
M02.15	713
M02.16	713
M02.17	713
M02.18	713
M02.19	713
M02.2	713
M02.20	713
M02.21	713
M02.22	713
M02.23	713
M02.24	713
M02.25	713
M02.26	713
M02.27	713
M02.28	713
M02.29	713
M02.3	713
M02.30	713
M02.31	713
M02.32	713
M02.33	713
M02.34	713
M02.35	713
M02.36	713
M02.37	713
M02.38	713
M02.39	713
M02.8	713
M02.80	713
M02.81	713
M02.82	713
M02.83	713
M02.84	713
M02.85	713
M02.86	713
M02.87	713
M02.88	713
M02.89	713
M02.9	713
M02.90	713
M02.91	713
M02.92	713
M02.93	713
M02.94	713
M02.95	713
M02.96	713
M02.97	713
M02.98	713
M02.99	713
M14.4	713
M14.6	713
M14.8	713
M16.2	713
M36.1	713
M36.2	713
M36.3	713
M36.4	713
M14.6	713.5
J99.0	714
M05.0	714
M05.00	714
M05.01	714
M05.02	714
M05.03	714
M05.04	714
M05.05	714
M05.06	714
M05.07	714
M05.08	714
M05.09	714
M05.1	714
M05.10	714
M05.11	714
M05.12	714
M05.13	714
M05.14	714
M05.15	714
M05.16	714
M05.17	714
M05.18	714
M05.19	714
M05.2	714
M05.20	714
M05.21	714
M05.22	714
M05.23	714
M05.24	714
M05.25	714
M05.26	714
M05.27	714
M05.28	714
M05.29	714
M05.3	714
M05.30	714
M05.31	714
M05.32	714
M05.33	714
M05.34	714
M05.35	714
M05.36	714
M05.37	714
M05.38	714
M05.39	714
M05.9	714
M05.90	714
M05.91	714
M05.92	714
M05.93	714
M05.94	714
M05.95	714
M05.96	714
M05.97	714
M05.98	714
M05.99	714
M06.0	714
M06.00	714
M06.01	714
M06.02	714
M06.03	714
M06.04	714
M06.05	714
M06.06	714
M06.07	714
M06.08	714
M06.09	714
M06.1	714
M06.10	714
M06.11	714
M06.12	714
M06.13	714
M06.14	714
M06.15	714
M06.16	714
M06.17	714
M06.18	714
M06.19	714
M06.2	714
M06.20	714
M06.21	714
M06.22	714
M06.23	714
M06.24	714
M06.25	714
M06.26	714
M06.27	714
M06.28	714
M06.29	714
M06.3	714
M06.30	714
M06.31	714
M06.32	714
M06.33	714
M06.34	714
M06.35	714
M06.36	714
M06.37	714
M06.38	714
M06.39	714
M06.4	714
M06.40	714
M06.41	714
M06.42	714
M06.43	714
M06.44	714
M06.45	714
M06.46	714
M06.47	714
M06.48	714
M06.49	714
M06.8	714
M06.80	714
M06.81	714
M06.82	714
M06.83	714
M06.84	714
M06.85	714
M06.86	714
M06.87	714
M06.88	714
M06.89	714
M06.9	714
M06.90	714
M06.91	714
M06.92	714
M06.93	714
M06.94	714
M06.95	714
M06.96	714
M06.97	714
M06.98	714
M06.99	714
M08	714
M08.0	714
M08.00	714
M08.01	714
M08.02	714
M08.03	714
M08.04	714
M08.05	714
M08.06	714
M08.07	714
M08.08	714
M08.09	714
M08.1	714
M08.10	714
M08.11	714
M08.12	714
M08.13	714
M08.14	714
M08.15	714
M08.16	714
M08.17	714
M08.18	714
M08.19	714
M08.2	714
M08.20	714
M08.21	714
M08.22	714
M08.23	714
M08.24	714
M08.25	714
M08.26	714
M08.27	714
M08.28	714
M08.29	714
M08.3	714
M08.30	714
M08.31	714
M08.32	714
M08.33	714
M08.34	714
M08.35	714
M08.36	714
M08.37	714
M08.38	714
M08.39	714
M08.4	714
M08.40	714
M08.41	714
M08.42	714
M08.43	714
M08.44	714
M08.45	714
M08.46	714
M08.47	714
M08.48	714
M08.49	714
M08.8	714
M08.80	714
M08.81	714
M08.82	714
M08.83	714
M08.84	714
M08.85	714
M08.86	714
M08.87	714
M08.88	714
M08.89	714
M08.9	714
M08.90	714
M08.91	714
M08.92	714
M08.93	714
M08.94	714
M08.95	714
M08.96	714
M08.97	714
M08.98	714
M08.99	714
M12.0	714
M12.00	714
M12.01	714
M12.02	714
M12.03	714
M12.04	714
M12.05	714
M12.06	714
M12.07	714
M12.08	714
M12.09	714
M13.0	714
M13.00	714
M13.01	714
M13.02	714
M13.03	714
M13.04	714
M13.05	714
M13.06	714
M13.07	714
M13.08	714
M13.09	714
J99.0	714.1
M05.0	714.1
M05.00	714.1
M05.01	714.1
M05.02	714.1
M05.03	714.1
M05.04	714.1
M05.05	714.1
M05.06	714.1
M05.07	714.1
M05.08	714.1
M05.09	714.1
M05.1	714.1
M05.10	714.1
M05.11	714.1
M05.12	714.1
M05.13	714.1
M05.14	714.1
M05.15	714.1
M05.16	714.1
M05.17	714.1
M05.18	714.1
M05.19	714.1
M05.2	714.1
M05.20	714.1
M05.21	714.1
M05.22	714.1
M05.23	714.1
M05.24	714.1
M05.25	714.1
M05.26	714.1
M05.27	714.1
M05.28	714.1
M05.29	714.1
M05.3	714.1
M05.30	714.1
M05.31	714.1
M05.32	714.1
M05.33	714.1
M05.34	714.1
M05.35	714.1
M05.36	714.1
M05.37	714.1
M05.38	714.1
M05.39	714.1
M05.9	714.1
M05.90	714.1
M05.91	714.1
M05.92	714.1
M05.93	714.1
M05.94	714.1
M05.95	714.1
M05.96	714.1
M05.97	714.1
M05.98	714.1
M05.99	714.1
M06.0	714.1
M06.00	714.1
M06.01	714.1
M06.02	714.1
M06.03	714.1
M06.04	714.1
M06.05	714.1
M06.06	714.1
M06.07	714.1
M06.08	714.1
M06.09	714.1
M06.1	714.1
M06.10	714.1
M06.11	714.1
M06.12	714.1
M06.13	714.1
M06.14	714.1
M06.15	714.1
M06.16	714.1
M06.17	714.1
M06.18	714.1
M06.19	714.1
M06.2	714.1
M06.20	714.1
M06.21	714.1
M06.22	714.1
M06.23	714.1
M06.24	714.1
M06.25	714.1
M06.26	714.1
M06.27	714.1
M06.28	714.1
M06.29	714.1
M06.3	714.1
M06.30	714.1
M06.31	714.1
M06.32	714.1
M06.33	714.1
M06.34	714.1
M06.35	714.1
M06.36	714.1
M06.37	714.1
M06.38	714.1
M06.39	714.1
M06.8	714.1
M06.80	714.1
M06.81	714.1
M06.82	714.1
M06.83	714.1
M06.84	714.1
M06.85	714.1
M06.86	714.1
M06.87	714.1
M06.88	714.1
M06.89	714.1
M06.9	714.1
M06.90	714.1
M06.91	714.1
M06.92	714.1
M06.93	714.1
M06.94	714.1
M06.95	714.1
M06.96	714.1
M06.97	714.1
M06.98	714.1
M06.99	714.1
M08	714.2
M08.0	714.2
M08.00	714.2
M08.01	714.2
M08.02	714.2
M08.03	714.2
M08.04	714.2
M08.05	714.2
M08.06	714.2
M08.07	714.2
M08.08	714.2
M08.09	714.2
M08.1	714.2
M08.10	714.2
M08.11	714.2
M08.12	714.2
M08.13	714.2
M08.14	714.2
M08.15	714.2
M08.16	714.2
M08.17	714.2
M08.18	714.2
M08.19	714.2
M08.2	714.2
M08.20	714.2
M08.21	714.2
M08.22	714.2
M08.23	714.2
M08.24	714.2
M08.25	714.2
M08.26	714.2
M08.27	714.2
M08.28	714.2
M08.29	714.2
M08.3	714.2
M08.30	714.2
M08.31	714.2
M08.32	714.2
M08.33	714.2
M08.34	714.2
M08.35	714.2
M08.36	714.2
M08.37	714.2
M08.38	714.2
M08.39	714.2
M08.4	714.2
M08.40	714.2
M08.41	714.2
M08.42	714.2
M08.43	714.2
M08.44	714.2
M08.45	714.2
M08.46	714.2
M08.47	714.2
M08.48	714.2
M08.49	714.2
M08.8	714.2
M08.80	714.2
M08.81	714.2
M08.82	714.2
M08.83	714.2
M08.84	714.2
M08.85	714.2
M08.86	714.2
M08.87	714.2
M08.88	714.2
M08.89	714.2
M08.9	714.2
M08.90	714.2
M08.91	714.2
M08.92	714.2
M08.93	714.2
M08.94	714.2
M08.95	714.2
M08.96	714.2
M08.97	714.2
M08.98	714.2
M08.99	714.2
M08.1	715
M08.10	715
M08.11	715
M08.12	715
M08.13	715
M08.14	715
M08.15	715
M08.16	715
M08.17	715
M08.18	715
M08.19	715
M45	715
M46	715
M46.0	715
M46.00	715
M46.01	715
M46.02	715
M46.03	715
M46.04	715
M46.05	715
M46.06	715
M46.07	715
M46.08	715
M46.09	715
M46.1	715
M46.10	715
M46.11	715
M46.12	715
M46.13	715
M46.14	715
M46.15	715
M46.16	715
M46.17	715
M46.18	715
M46.19	715
M46.2	715
M46.20	715
M46.21	715
M46.22	715
M46.23	715
M46.24	715
M46.25	715
M46.26	715
M46.27	715
M46.28	715
M46.29	715
M46.3	715
M46.30	715
M46.31	715
M46.32	715
M46.33	715
M46.34	715
M46.35	715
M46.36	715
M46.37	715
M46.38	715
M46.39	715
M46.4	715
M46.40	715
M46.41	715
M46.42	715
M46.43	715
M46.44	715
M46.45	715
M46.46	715
M46.47	715
M46.48	715
M46.49	715
M46.5	715
M46.50	715
M46.51	715
M46.52	715
M46.53	715
M46.54	715
M46.55	715
M46.56	715
M46.57	715
M46.58	715
M46.59	715
M46.8	715
M46.80	715
M46.81	715
M46.82	715
M46.83	715
M46.84	715
M46.85	715
M46.86	715
M46.87	715
M46.88	715
M46.89	715
M46.9	715
M46.90	715
M46.91	715
M46.92	715
M46.93	715
M46.94	715
M46.95	715
M46.96	715
M46.97	715
M46.98	715
M46.99	715
M49	715
M49.0	715
M49.00	715
M49.01	715
M49.02	715
M49.03	715
M49.04	715
M49.05	715
M49.06	715
M49.07	715
M49.08	715
M49.09	715
M49.1	715
M49.10	715
M49.11	715
M49.12	715
M49.13	715
M49.14	715
M49.15	715
M49.16	715
M49.17	715
M49.18	715
M49.19	715
M49.2	715
M49.20	715
M49.21	715
M49.22	715
M49.23	715
M49.24	715
M49.25	715
M49.26	715
M49.27	715
M49.28	715
M49.29	715
M49.3	715
M49.30	715
M49.31	715
M49.32	715
M49.33	715
M49.34	715
M49.35	715
M49.36	715
M49.37	715
M49.38	715
M49.39	715
M49.4	715
M49.40	715
M49.41	715
M49.42	715
M49.43	715
M49.44	715
M49.45	715
M49.46	715
M49.47	715
M49.48	715
M49.49	715
M49.5	715
M49.50	715
M49.51	715
M49.52	715
M49.53	715
M49.54	715
M49.55	715
M49.56	715
M49.57	715
M49.58	715
M49.59	715
M49.8	715
M49.80	715
M49.81	715
M49.82	715
M49.83	715
M49.84	715
M49.85	715
M49.86	715
M49.87	715
M49.88	715
M49.89	715
M46.1	715.1
M46.10	715.1
M46.11	715.1
M46.12	715.1
M46.13	715.1
M46.14	715.1
M46.15	715.1
M46.16	715.1
M46.17	715.1
M46.18	715.1
M46.19	715.1
M08.1	715.2
M08.10	715.2
M08.11	715.2
M08.12	715.2
M08.13	715.2
M08.14	715.2
M08.15	715.2
M08.16	715.2
M08.17	715.2
M08.18	715.2
M08.19	715.2
M45	715.2
M46.0	715.3
M46.00	715.3
M46.01	715.3
M46.02	715.3
M46.03	715.3
M46.04	715.3
M46.05	715.3
M46.06	715.3
M46.07	715.3
M46.08	715.3
M46.09	715.3
M02.0	716
M02.00	716
M02.01	716
M02.02	716
M02.03	716
M02.04	716
M02.05	716
M02.06	716
M02.07	716
M02.08	716
M02.09	716
M02.2	716
M02.20	716
M02.21	716
M02.22	716
M02.23	716
M02.24	716
M02.25	716
M02.26	716
M02.27	716
M02.28	716
M02.29	716
M12.1	716
M12.10	716
M12.11	716
M12.12	716
M12.13	716
M12.14	716
M12.15	716
M12.16	716
M12.17	716
M12.18	716
M12.19	716
M12.3	716
M12.30	716
M12.31	716
M12.32	716
M12.33	716
M12.34	716
M12.35	716
M12.36	716
M12.37	716
M12.38	716
M12.39	716
M12.4	716
M12.40	716
M12.41	716
M12.42	716
M12.43	716
M12.44	716
M12.45	716
M12.46	716
M12.47	716
M12.48	716
M12.49	716
M12.8	716
M12.80	716
M12.81	716
M12.82	716
M12.83	716
M12.84	716
M12.85	716
M12.86	716
M12.87	716
M12.88	716
M12.89	716
M13.1	716
M13.10	716
M13.11	716
M13.12	716
M13.13	716
M13.14	716
M13.15	716
M13.16	716
M13.17	716
M13.18	716
M13.19	716
M13.8	716
M13.80	716
M13.81	716
M13.82	716
M13.83	716
M13.84	716
M13.85	716
M13.86	716
M13.87	716
M13.88	716
M13.89	716
M17	716
M17.0	716
M17.1	716
M17.2	716
M17.3	716
M17.4	716
M17.5	716
M17.9	716
M19.8	716
M19.80	716
M19.81	716
M19.82	716
M19.83	716
M19.84	716
M19.85	716
M19.86	716
M19.87	716
M19.88	716
M19.89	716
M19.9	716
M19.90	716
M19.91	716
M19.92	716
M19.93	716
M19.94	716
M19.95	716
M19.96	716
M19.97	716
M19.98	716
M19.99	716
M25.8	716
M25.80	716
M25.81	716
M25.82	716
M25.83	716
M25.84	716
M25.85	716
M25.86	716
M25.87	716
M25.88	716
M25.89	716
M25.9	716
M25.90	716
M25.91	716
M25.92	716
M25.93	716
M25.94	716
M25.95	716
M25.96	716
M25.97	716
M25.98	716
M25.99	716
M13.1	716.2
M13.10	716.2
M13.11	716.2
M13.12	716.2
M13.13	716.2
M13.14	716.2
M13.15	716.2
M13.16	716.2
M13.17	716.2
M13.18	716.2
M13.19	716.2
M17.9	716.2
M12.1	716.3
M12.10	716.3
M12.11	716.3
M12.12	716.3
M12.13	716.3
M12.14	716.3
M12.15	716.3
M12.16	716.3
M12.17	716.3
M12.18	716.3
M12.19	716.3
M12.3	716.8
M12.30	716.8
M12.31	716.8
M12.32	716.8
M12.33	716.8
M12.34	716.8
M12.35	716.8
M12.36	716.8
M12.37	716.8
M12.38	716.8
M12.39	716.8
M12.4	716.8
M12.40	716.8
M12.41	716.8
M12.42	716.8
M12.43	716.8
M12.44	716.8
M12.45	716.8
M12.46	716.8
M12.47	716.8
M12.48	716.8
M12.49	716.8
M02.0	716.9
M02.00	716.9
M02.01	716.9
M02.02	716.9
M02.03	716.9
M02.04	716.9
M02.05	716.9
M02.06	716.9
M02.07	716.9
M02.08	716.9
M02.09	716.9
M02.2	716.9
M02.20	716.9
M02.21	716.9
M02.22	716.9
M02.23	716.9
M02.24	716.9
M02.25	716.9
M02.26	716.9
M02.27	716.9
M02.28	716.9
M02.29	716.9
M17	716.9
M17.0	716.9
M17.1	716.9
M17.2	716.9
M17.3	716.9
M17.4	716.9
M17.5	716.9
M17.9	716.9
M19.8	716.9
M19.80	716.9
M19.81	716.9
M19.82	716.9
M19.83	716.9
M19.84	716.9
M19.85	716.9
M19.86	716.9
M19.87	716.9
M19.88	716.9
M19.89	716.9
M19.9	716.9
M19.90	716.9
M19.91	716.9
M19.92	716.9
M19.93	716.9
M19.94	716.9
M19.95	716.9
M19.96	716.9
M19.97	716.9
M19.98	716.9
M19.99	716.9
M25.8	716.9
M25.80	716.9
M25.81	716.9
M25.82	716.9
M25.83	716.9
M25.84	716.9
M25.85	716.9
M25.86	716.9
M25.87	716.9
M25.88	716.9
M25.89	716.9
M25.9	716.9
M25.90	716.9
M25.91	716.9
M25.92	716.9
M25.93	716.9
M25.94	716.9
M25.95	716.9
M25.96	716.9
M25.97	716.9
M25.98	716.9
M25.99	716.9
M35.3	717
M48.0	720
M48.00	720
M48.01	720
M48.02	720
M48.03	720
M48.04	720
M48.05	720
M48.06	720
M48.07	720
M48.08	720
M48.09	720
M99.4	720
M99.40	720
M99.41	720
M99.42	720
M99.43	720
M99.44	720
M99.45	720
M99.46	720
M99.47	720
M99.48	720
M99.49	720
M99.5	720
M99.50	720
M99.51	720
M99.52	720
M99.53	720
M99.54	720
M99.55	720
M99.56	720
M99.57	720
M99.58	720
M99.59	720
M99.7	720
M99.70	720
M99.71	720
M99.72	720
M99.73	720
M99.74	720
M99.75	720
M99.76	720
M99.77	720
M99.78	720
M99.79	720
M43.2	721
M43.20	721
M43.21	721
M43.22	721
M43.23	721
M43.24	721
M43.25	721
M43.26	721
M43.27	721
M43.28	721
M43.29	721
M47	721
M47.0	721
M47.00	721
M47.01	721
M47.02	721
M47.03	721
M47.04	721
M47.05	721
M47.06	721
M47.07	721
M47.08	721
M47.09	721
M47.1	721
M47.10	721
M47.11	721
M47.12	721
M47.13	721
M47.14	721
M47.15	721
M47.16	721
M47.17	721
M47.18	721
M47.19	721
M47.2	721
M47.20	721
M47.21	721
M47.22	721
M47.23	721
M47.24	721
M47.25	721
M47.26	721
M47.27	721
M47.28	721
M47.29	721
M47.8	721
M47.80	721
M47.81	721
M47.82	721
M47.83	721
M47.84	721
M47.85	721
M47.86	721
M47.87	721
M47.88	721
M47.89	721
M47.9	721
M47.90	721
M47.91	721
M47.92	721
M47.93	721
M47.94	721
M47.95	721
M47.96	721
M47.97	721
M47.98	721
M47.99	721
M48.1	721
M48.10	721
M48.11	721
M48.12	721
M48.13	721
M48.14	721
M48.15	721
M48.16	721
M48.17	721
M48.18	721
M48.19	721
M48.2	721
M48.20	721
M48.21	721
M48.22	721
M48.23	721
M48.24	721
M48.25	721
M48.26	721
M48.27	721
M48.28	721
M48.29	721
M48.3	721
M48.30	721
M48.31	721
M48.32	721
M48.33	721
M48.34	721
M48.35	721
M48.36	721
M48.37	721
M48.38	721
M48.39	721
M48.9	721
M48.90	721
M48.91	721
M48.92	721
M48.93	721
M48.94	721
M48.95	721
M48.96	721
M48.97	721
M48.98	721
M48.99	721
M47.2	721.1
M47.20	721.1
M47.21	721.1
M47.22	721.1
M47.23	721.1
M47.24	721.1
M47.25	721.1
M47.26	721.1
M47.27	721.1
M47.28	721.1
M47.29	721.1
M47.8	721.1
M47.80	721.1
M47.81	721.1
M47.82	721.1
M47.83	721.1
M47.84	721.1
M47.85	721.1
M47.86	721.1
M47.87	721.1
M47.88	721.1
M47.89	721.1
M47.1	721.2
M47.10	721.2
M47.11	721.2
M47.12	721.2
M47.13	721.2
M47.14	721.2
M47.15	721.2
M47.16	721.2
M47.17	721.2
M47.18	721.2
M47.19	721.2
M43.2	721.8
M43.20	721.8
M43.21	721.8
M43.22	721.8
M43.23	721.8
M43.24	721.8
M43.25	721.8
M43.26	721.8
M43.27	721.8
M43.28	721.8
M43.29	721.8
M48.1	721.8
M48.10	721.8
M48.11	721.8
M48.12	721.8
M48.13	721.8
M48.14	721.8
M48.15	721.8
M48.16	721.8
M48.17	721.8
M48.18	721.8
M48.19	721.8
M48.2	721.8
M48.20	721.8
M48.21	721.8
M48.22	721.8
M48.23	721.8
M48.24	721.8
M48.25	721.8
M48.26	721.8
M48.27	721.8
M48.28	721.8
M48.29	721.8
M48.9	721.8
M48.90	721.8
M48.91	721.8
M48.92	721.8
M48.93	721.8
M48.94	721.8
M48.95	721.8
M48.96	721.8
M48.97	721.8
M48.98	721.8
M48.99	721.8
G55.1	722
M46.4	722
M46.40	722
M46.41	722
M46.42	722
M46.43	722
M46.44	722
M46.45	722
M46.46	722
M46.47	722
M46.48	722
M46.49	722
M50	722
M50.0	722
M50.1	722
M50.2	722
M50.3	722
M50.8	722
M50.9	722
M51.3	722
M51.37	722
M51.4	722
M96.1	722
M50.2	722.1
M51.4	722.3
M50.3	722.6
M51.3	722.6
M51.37	722.6
M50.0	722.7
M96.1	722.8
G55.1	722.9
M46.4	722.9
M46.40	722.9
M46.41	722.9
M46.42	722.9
M46.43	722.9
M46.44	722.9
M46.45	722.9
M46.46	722.9
M46.47	722.9
M46.48	722.9
M46.49	722.9
M50	722.9
M50.0	722.9
M50.1	722.9
M50.2	722.9
M50.3	722.9
M50.8	722.9
M50.9	722.9
M43.6	723
M43.60	723
M43.61	723
M43.62	723
M43.63	723
M43.64	723
M43.65	723
M43.66	723
M43.67	723
M43.68	723
M43.69	723
M54.0	723
M54.00	723
M54.01	723
M54.02	723
M54.03	723
M54.04	723
M54.05	723
M54.06	723
M54.07	723
M54.08	723
M54.09	723
S16	723
M43.6	723.1
M43.60	723.1
M43.61	723.1
M43.62	723.1
M43.63	723.1
M43.64	723.1
M43.65	723.1
M43.66	723.1
M43.67	723.1
M43.68	723.1
M43.69	723.1
M43.8	724
M43.80	724
M43.81	724
M43.82	724
M43.83	724
M43.84	724
M43.85	724
M43.86	724
M43.87	724
M43.88	724
M43.89	724
M48.8	724
M48.80	724
M48.81	724
M48.82	724
M48.83	724
M48.84	724
M48.85	724
M48.86	724
M48.87	724
M48.88	724
M48.89	724
M49.8	724
M49.80	724
M49.81	724
M49.82	724
M49.83	724
M49.84	724
M49.85	724
M49.86	724
M49.87	724
M49.88	724
M49.89	724
M99.6	724
M99.60	724
M99.61	724
M99.62	724
M99.63	724
M99.64	724
M99.65	724
M99.66	724
M99.67	724
M99.68	724
M99.69	724
M48.8	724.8
M48.80	724.8
M48.81	724.8
M48.82	724.8
M48.83	724.8
M48.84	724.8
M48.85	724.8
M48.86	724.8
M48.87	724.8
M48.88	724.8
M48.89	724.8
M43.8	724.9
M43.80	724.9
M43.81	724.9
M43.82	724.9
M43.83	724.9
M43.84	724.9
M43.85	724.9
M43.86	724.9
M43.87	724.9
M43.88	724.9
M43.89	724.9
M49.8	724.9
M49.80	724.9
M49.81	724.9
M49.82	724.9
M49.83	724.9
M49.84	724.9
M49.85	724.9
M49.86	724.9
M49.87	724.9
M49.88	724.9
M49.89	724.9
M99.6	724.9
M99.60	724.9
M99.61	724.9
M99.62	724.9
M99.63	724.9
M99.64	724.9
M99.65	724.9
M99.66	724.9
M99.67	724.9
M99.68	724.9
M99.69	724.9
M25.7	726
M25.70	726
M25.71	726
M25.72	726
M25.73	726
M25.74	726
M25.75	726
M25.76	726
M25.77	726
M25.78	726
M25.79	726
M70.1	726
M70.10	726
M70.11	726
M70.12	726
M70.13	726
M70.14	726
M70.15	726
M70.16	726
M70.17	726
M70.18	726
M70.19	726
M70.2	726
M70.20	726
M70.21	726
M70.22	726
M70.23	726
M70.24	726
M70.25	726
M70.26	726
M70.27	726
M70.28	726
M70.29	726
M70.3	726
M70.30	726
M70.31	726
M70.32	726
M70.33	726
M70.34	726
M70.35	726
M70.36	726
M70.37	726
M70.38	726
M70.39	726
M70.4	726
M70.40	726
M70.41	726
M70.42	726
M70.43	726
M70.44	726
M70.45	726
M70.46	726
M70.47	726
M70.48	726
M70.49	726
M70.5	726
M70.50	726
M70.51	726
M70.52	726
M70.53	726
M70.54	726
M70.55	726
M70.56	726
M70.57	726
M70.58	726
M70.59	726
M70.6	726
M70.60	726
M70.61	726
M70.62	726
M70.63	726
M70.64	726
M70.65	726
M70.66	726
M70.67	726
M70.68	726
M70.69	726
M70.7	726
M70.70	726
M70.71	726
M70.72	726
M70.73	726
M70.74	726
M70.75	726
M70.76	726
M70.77	726
M70.78	726
M70.79	726
M75	726
M75.0	726
M75.1	726
M75.2	726
M75.3	726
M75.4	726
M75.5	726
M75.8	726
M75.81	726
M75.9	726
M76.0	726
M76.00	726
M76.01	726
M76.02	726
M76.03	726
M76.04	726
M76.05	726
M76.06	726
M76.07	726
M76.08	726
M76.09	726
M76.1	726
M76.10	726
M76.11	726
M76.12	726
M76.13	726
M76.14	726
M76.15	726
M76.16	726
M76.17	726
M76.18	726
M76.19	726
M76.2	726
M76.20	726
M76.21	726
M76.22	726
M76.23	726
M76.24	726
M76.25	726
M76.26	726
M76.27	726
M76.28	726
M76.29	726
M76.4	726
M76.40	726
M76.41	726
M76.42	726
M76.43	726
M76.44	726
M76.45	726
M76.46	726
M76.47	726
M76.48	726
M76.49	726
M76.5	726
M76.50	726
M76.51	726
M76.52	726
M76.53	726
M76.54	726
M76.55	726
M76.56	726
M76.57	726
M76.58	726
M76.59	726
M76.6	726
M76.60	726
M76.61	726
M76.62	726
M76.63	726
M76.64	726
M76.65	726
M76.66	726
M76.67	726
M76.68	726
M76.69	726
M76.7	726
M76.70	726
M76.71	726
M76.72	726
M76.73	726
M76.74	726
M76.75	726
M76.76	726
M76.77	726
M76.78	726
M76.79	726
M76.8	726
M76.80	726
M76.81	726
M76.82	726
M76.83	726
M76.84	726
M76.85	726
M76.86	726
M76.87	726
M76.88	726
M76.89	726
M76.9	726
M76.90	726
M76.91	726
M76.92	726
M76.93	726
M76.94	726
M76.95	726
M76.96	726
M76.97	726
M76.98	726
M76.99	726
M77.0	726
M77.00	726
M77.01	726
M77.02	726
M77.03	726
M77.04	726
M77.05	726
M77.06	726
M77.07	726
M77.08	726
M77.09	726
M77.1	726
M77.10	726
M77.11	726
M77.12	726
M77.13	726
M77.14	726
M77.15	726
M77.16	726
M77.17	726
M77.18	726
M77.19	726
M77.2	726
M77.20	726
M77.21	726
M77.22	726
M77.23	726
M77.24	726
M77.25	726
M77.26	726
M77.27	726
M77.28	726
M77.29	726
M77.3	726
M77.30	726
M77.31	726
M77.32	726
M77.33	726
M77.34	726
M77.35	726
M77.36	726
M77.37	726
M77.38	726
M77.39	726
M77.4	726
M77.40	726
M77.41	726
M77.42	726
M77.43	726
M77.44	726
M77.45	726
M77.46	726
M77.47	726
M77.48	726
M77.49	726
M77.5	726
M77.50	726
M77.51	726
M77.52	726
M77.53	726
M77.54	726
M77.55	726
M77.56	726
M77.57	726
M77.58	726
M77.59	726
M77.8	726
M77.80	726
M77.81	726
M77.82	726
M77.83	726
M77.84	726
M77.85	726
M77.86	726
M77.87	726
M77.88	726
M77.89	726
M77.9	726
M77.90	726
M77.91	726
M77.92	726
M77.93	726
M77.94	726
M77.95	726
M77.96	726
M77.97	726
M77.98	726
M77.99	726
S46.0	726
M25.7	726.1
M25.70	726.1
M25.71	726.1
M25.72	726.1
M25.73	726.1
M25.74	726.1
M25.75	726.1
M25.76	726.1
M25.77	726.1
M25.78	726.1
M25.79	726.1
M70.1	726.1
M70.10	726.1
M70.11	726.1
M70.12	726.1
M70.13	726.1
M70.14	726.1
M70.15	726.1
M70.16	726.1
M70.17	726.1
M70.18	726.1
M70.19	726.1
M70.3	726.1
M70.30	726.1
M70.31	726.1
M70.32	726.1
M70.33	726.1
M70.34	726.1
M70.35	726.1
M70.36	726.1
M70.37	726.1
M70.38	726.1
M70.39	726.1
M70.5	726.1
M70.50	726.1
M70.51	726.1
M70.52	726.1
M70.53	726.1
M70.54	726.1
M70.55	726.1
M70.56	726.1
M70.57	726.1
M70.58	726.1
M70.59	726.1
M70.6	726.1
M70.60	726.1
M70.61	726.1
M70.62	726.1
M70.63	726.1
M70.64	726.1
M70.65	726.1
M70.66	726.1
M70.67	726.1
M70.68	726.1
M70.69	726.1
M70.7	726.1
M70.70	726.1
M70.71	726.1
M70.72	726.1
M70.73	726.1
M70.74	726.1
M70.75	726.1
M70.76	726.1
M70.77	726.1
M70.78	726.1
M70.79	726.1
M75.0	726.1
M75.2	726.1
M76.0	726.1
M76.00	726.1
M76.01	726.1
M76.02	726.1
M76.03	726.1
M76.04	726.1
M76.05	726.1
M76.06	726.1
M76.07	726.1
M76.08	726.1
M76.09	726.1
M76.1	726.1
M76.10	726.1
M76.11	726.1
M76.12	726.1
M76.13	726.1
M76.14	726.1
M76.15	726.1
M76.16	726.1
M76.17	726.1
M76.18	726.1
M76.19	726.1
M76.2	726.1
M76.20	726.1
M76.21	726.1
M76.22	726.1
M76.23	726.1
M76.24	726.1
M76.25	726.1
M76.26	726.1
M76.27	726.1
M76.28	726.1
M76.29	726.1
M76.5	726.1
M76.50	726.1
M76.51	726.1
M76.52	726.1
M76.53	726.1
M76.54	726.1
M76.55	726.1
M76.56	726.1
M76.57	726.1
M76.58	726.1
M76.59	726.1
M76.7	726.1
M76.70	726.1
M76.71	726.1
M76.72	726.1
M76.73	726.1
M76.74	726.1
M76.75	726.1
M76.76	726.1
M76.77	726.1
M76.78	726.1
M76.79	726.1
M76.8	726.1
M76.80	726.1
M76.81	726.1
M76.82	726.1
M76.83	726.1
M76.84	726.1
M76.85	726.1
M76.86	726.1
M76.87	726.1
M76.88	726.1
M76.89	726.1
M76.9	726.1
M76.90	726.1
M76.91	726.1
M76.92	726.1
M76.93	726.1
M76.94	726.1
M76.95	726.1
M76.96	726.1
M76.97	726.1
M76.98	726.1
M76.99	726.1
M77.2	726.1
M77.20	726.1
M77.21	726.1
M77.22	726.1
M77.23	726.1
M77.24	726.1
M77.25	726.1
M77.26	726.1
M77.27	726.1
M77.28	726.1
M77.29	726.1
M77.4	726.1
M77.40	726.1
M77.41	726.1
M77.42	726.1
M77.43	726.1
M77.44	726.1
M77.45	726.1
M77.46	726.1
M77.47	726.1
M77.48	726.1
M77.49	726.1
M77.5	726.1
M77.50	726.1
M77.51	726.1
M77.52	726.1
M77.53	726.1
M77.54	726.1
M77.55	726.1
M77.56	726.1
M77.57	726.1
M77.58	726.1
M77.59	726.1
M77.8	726.1
M77.80	726.1
M77.81	726.1
M77.82	726.1
M77.83	726.1
M77.84	726.1
M77.85	726.1
M77.86	726.1
M77.87	726.1
M77.88	726.1
M77.89	726.1
M77.9	726.1
M77.90	726.1
M77.91	726.1
M77.92	726.1
M77.93	726.1
M77.94	726.1
M77.95	726.1
M77.96	726.1
M77.97	726.1
M77.98	726.1
M77.99	726.1
M75.3	726.2
M70.2	726.3
M70.20	726.3
M70.21	726.3
M70.22	726.3
M70.23	726.3
M70.24	726.3
M70.25	726.3
M70.26	726.3
M70.27	726.3
M70.28	726.3
M70.29	726.3
M70.4	726.3
M70.40	726.3
M70.41	726.3
M70.42	726.3
M70.43	726.3
M70.44	726.3
M70.45	726.3
M70.46	726.3
M70.47	726.3
M70.48	726.3
M70.49	726.3
M76.4	726.3
M76.40	726.3
M76.41	726.3
M76.42	726.3
M76.43	726.3
M76.44	726.3
M76.45	726.3
M76.46	726.3
M76.47	726.3
M76.48	726.3
M76.49	726.3
M76.6	726.3
M76.60	726.3
M76.61	726.3
M76.62	726.3
M76.63	726.3
M76.64	726.3
M76.65	726.3
M76.66	726.3
M76.67	726.3
M76.68	726.3
M76.69	726.3
M77.3	726.4
M77.30	726.4
M77.31	726.4
M77.32	726.4
M77.33	726.4
M77.34	726.4
M77.35	726.4
M77.36	726.4
M77.37	726.4
M77.38	726.4
M77.39	726.4
M62.4	727
M62.40	727
M62.41	727
M62.42	727
M62.43	727
M62.44	727
M62.45	727
M62.46	727
M62.47	727
M62.48	727
M62.49	727
M65	727
M65.0	727
M65.00	727
M65.01	727
M65.02	727
M65.03	727
M65.04	727
M65.05	727
M65.06	727
M65.07	727
M65.08	727
M65.09	727
M65.1	727
M65.10	727
M65.11	727
M65.12	727
M65.13	727
M65.14	727
M65.15	727
M65.16	727
M65.17	727
M65.18	727
M65.19	727
M65.2	727
M65.20	727
M65.21	727
M65.22	727
M65.23	727
M65.24	727
M65.25	727
M65.26	727
M65.27	727
M65.28	727
M65.29	727
M65.3	727
M65.30	727
M65.31	727
M65.32	727
M65.33	727
M65.34	727
M65.35	727
M65.36	727
M65.37	727
M65.38	727
M65.39	727
M65.4	727
M65.40	727
M65.41	727
M65.42	727
M65.43	727
M65.44	727
M65.45	727
M65.46	727
M65.47	727
M65.48	727
M65.49	727
M65.8	727
M65.80	727
M65.81	727
M65.82	727
M65.83	727
M65.84	727
M65.85	727
M65.86	727
M65.87	727
M65.88	727
M65.89	727
M65.9	727
M65.90	727
M65.91	727
M65.92	727
M65.93	727
M65.94	727
M65.95	727
M65.96	727
M65.97	727
M65.98	727
M65.99	727
M66.0	727
M66.00	727
M66.01	727
M66.02	727
M66.03	727
M66.04	727
M66.05	727
M66.06	727
M66.07	727
M66.08	727
M66.09	727
M66.1	727
M66.10	727
M66.11	727
M66.12	727
M66.13	727
M66.14	727
M66.15	727
M66.16	727
M66.17	727
M66.18	727
M66.19	727
M66.2	727
M66.20	727
M66.21	727
M66.22	727
M66.23	727
M66.24	727
M66.25	727
M66.26	727
M66.27	727
M66.28	727
M66.29	727
M66.3	727
M66.30	727
M66.31	727
M66.32	727
M66.33	727
M66.34	727
M66.35	727
M66.36	727
M66.37	727
M66.38	727
M66.39	727
M66.4	727
M66.40	727
M66.41	727
M66.42	727
M66.43	727
M66.44	727
M66.45	727
M66.46	727
M66.47	727
M66.48	727
M66.49	727
M66.5	727
M66.50	727
M66.51	727
M66.52	727
M66.53	727
M66.54	727
M66.55	727
M66.56	727
M66.57	727
M66.58	727
M66.59	727
M67.0	727
M67.1	727
M67.2	727
M67.3	727
M67.4	727
M67.43	727
M67.45	727
M67.47	727
M67.49	727
M67.8	727
M70.0	727
M70.00	727
M70.01	727
M70.02	727
M70.03	727
M70.04	727
M70.05	727
M70.06	727
M70.07	727
M70.08	727
M70.09	727
M71.0	727
M71.00	727
M71.01	727
M71.02	727
M71.03	727
M71.04	727
M71.05	727
M71.06	727
M71.07	727
M71.08	727
M71.09	727
M71.1	727
M71.10	727
M71.11	727
M71.12	727
M71.13	727
M71.14	727
M71.15	727
M71.16	727
M71.17	727
M71.18	727
M71.19	727
M71.2	727
M71.20	727
M71.21	727
M71.22	727
M71.23	727
M71.24	727
M71.25	727
M71.26	727
M71.27	727
M71.28	727
M71.29	727
M71.3	727
M71.30	727
M71.31	727
M71.32	727
M71.33	727
M71.34	727
M71.35	727
M71.36	727
M71.37	727
M71.38	727
M71.39	727
M71.4	727
M71.40	727
M71.41	727
M71.42	727
M71.43	727
M71.44	727
M71.45	727
M71.46	727
M71.47	727
M71.48	727
M71.49	727
M71.5	727
M71.50	727
M71.51	727
M71.52	727
M71.53	727
M71.54	727
M71.55	727
M71.56	727
M71.57	727
M71.58	727
M71.59	727
M71.8	727
M71.80	727
M71.81	727
M71.82	727
M71.83	727
M71.84	727
M71.85	727
M71.86	727
M71.87	727
M71.88	727
M71.89	727
M71.9	727
M71.90	727
M71.91	727
M71.92	727
M71.93	727
M71.94	727
M71.95	727
M71.96	727
M71.97	727
M71.98	727
M71.99	727
M65	727.1
M65.0	727.1
M65.00	727.1
M65.01	727.1
M65.02	727.1
M65.03	727.1
M65.04	727.1
M65.05	727.1
M65.06	727.1
M65.07	727.1
M65.08	727.1
M65.09	727.1
M65.1	727.1
M65.10	727.1
M65.11	727.1
M65.12	727.1
M65.13	727.1
M65.14	727.1
M65.15	727.1
M65.16	727.1
M65.17	727.1
M65.18	727.1
M65.19	727.1
M65.2	727.1
M65.20	727.1
M65.21	727.1
M65.22	727.1
M65.23	727.1
M65.24	727.1
M65.25	727.1
M65.26	727.1
M65.27	727.1
M65.28	727.1
M65.29	727.1
M65.3	727.1
M65.30	727.1
M65.31	727.1
M65.32	727.1
M65.33	727.1
M65.34	727.1
M65.35	727.1
M65.36	727.1
M65.37	727.1
M65.38	727.1
M65.39	727.1
M65.4	727.1
M65.40	727.1
M65.41	727.1
M65.42	727.1
M65.43	727.1
M65.44	727.1
M65.45	727.1
M65.46	727.1
M65.47	727.1
M65.48	727.1
M65.49	727.1
M65.8	727.1
M65.80	727.1
M65.81	727.1
M65.82	727.1
M65.83	727.1
M65.84	727.1
M65.85	727.1
M65.86	727.1
M65.87	727.1
M65.88	727.1
M65.89	727.1
M65.9	727.1
M65.90	727.1
M65.91	727.1
M65.92	727.1
M65.93	727.1
M65.94	727.1
M65.95	727.1
M65.96	727.1
M65.97	727.1
M65.98	727.1
M65.99	727.1
M67.3	727.1
M70.0	727.1
M70.00	727.1
M70.01	727.1
M70.02	727.1
M70.03	727.1
M70.04	727.1
M70.05	727.1
M70.06	727.1
M70.07	727.1
M70.08	727.1
M70.09	727.1
M71.1	727.2
M71.10	727.2
M71.11	727.2
M71.12	727.2
M71.13	727.2
M71.14	727.2
M71.15	727.2
M71.16	727.2
M71.17	727.2
M71.18	727.2
M71.19	727.2
M71.5	727.2
M71.50	727.2
M71.51	727.2
M71.52	727.2
M71.53	727.2
M71.54	727.2
M71.55	727.2
M71.56	727.2
M71.57	727.2
M71.58	727.2
M71.59	727.2
M67.4	727.4
M67.43	727.4
M67.45	727.4
M67.47	727.4
M67.49	727.4
M71.3	727.4
M71.30	727.4
M71.31	727.4
M71.32	727.4
M71.33	727.4
M71.34	727.4
M71.35	727.4
M71.36	727.4
M71.37	727.4
M71.38	727.4
M71.39	727.4
M66.0	727.5
M66.00	727.5
M66.01	727.5
M66.02	727.5
M66.03	727.5
M66.04	727.5
M66.05	727.5
M66.06	727.5
M66.07	727.5
M66.08	727.5
M66.09	727.5
M66.1	727.5
M66.10	727.5
M66.11	727.5
M66.12	727.5
M66.13	727.5
M66.14	727.5
M66.15	727.5
M66.16	727.5
M66.17	727.5
M66.18	727.5
M66.19	727.5
M71.2	727.5
M71.20	727.5
M71.21	727.5
M71.22	727.5
M71.23	727.5
M71.24	727.5
M71.25	727.5
M71.26	727.5
M71.27	727.5
M71.28	727.5
M71.29	727.5
M66.2	727.6
M66.20	727.6
M66.21	727.6
M66.22	727.6
M66.23	727.6
M66.24	727.6
M66.25	727.6
M66.26	727.6
M66.27	727.6
M66.28	727.6
M66.29	727.6
M66.3	727.6
M66.30	727.6
M66.31	727.6
M66.32	727.6
M66.33	727.6
M66.34	727.6
M66.35	727.6
M66.36	727.6
M66.37	727.6
M66.38	727.6
M66.39	727.6
M66.4	727.6
M66.40	727.6
M66.41	727.6
M66.42	727.6
M66.43	727.6
M66.44	727.6
M66.45	727.6
M66.46	727.6
M66.47	727.6
M66.48	727.6
M66.49	727.6
M66.5	727.6
M66.50	727.6
M66.51	727.6
M66.52	727.6
M66.53	727.6
M66.54	727.6
M66.55	727.6
M66.56	727.6
M66.57	727.6
M66.58	727.6
M66.59	727.6
M62.4	727.7
M62.40	727.7
M62.41	727.7
M62.42	727.7
M62.43	727.7
M62.44	727.7
M62.45	727.7
M62.46	727.7
M62.47	727.7
M62.48	727.7
M62.49	727.7
M67.0	727.7
M67.1	727.7
M60.1	728
M60.10	728
M60.11	728
M60.12	728
M60.13	728
M60.14	728
M60.15	728
M60.16	728
M60.17	728
M60.18	728
M60.19	728
M62.0	728
M62.00	728
M62.01	728
M62.02	728
M62.03	728
M62.04	728
M62.05	728
M62.06	728
M62.07	728
M62.08	728
M62.09	728
M62.1	728
M62.10	728
M62.11	728
M62.12	728
M62.13	728
M62.14	728
M62.15	728
M62.16	728
M62.17	728
M62.18	728
M62.19	728
M62.3	728
M62.30	728
M62.31	728
M62.32	728
M62.33	728
M62.34	728
M62.35	728
M62.36	728
M62.37	728
M62.38	728
M62.39	728
M72.0	728
M72.00	728
M72.01	728
M72.02	728
M72.03	728
M72.04	728
M72.05	728
M72.06	728
M72.07	728
M72.08	728
M72.09	728
M72.1	728
M72.10	728
M72.11	728
M72.12	728
M72.13	728
M72.14	728
M72.15	728
M72.16	728
M72.17	728
M72.18	728
M72.19	728
M72.3	728
M72.30	728
M72.31	728
M72.32	728
M72.33	728
M72.34	728
M72.35	728
M72.36	728
M72.37	728
M72.38	728
M72.39	728
M72.4	728
M72.40	728
M72.41	728
M72.42	728
M72.43	728
M72.44	728
M72.45	728
M72.46	728
M72.47	728
M72.48	728
M72.49	728
M61	728.1
M61.0	728.1
M61.00	728.1
M61.01	728.1
M61.02	728.1
M61.03	728.1
M61.04	728.1
M61.05	728.1
M61.06	728.1
M61.07	728.1
M61.08	728.1
M61.09	728.1
M61.1	728.1
M61.10	728.1
M61.11	728.1
M61.12	728.1
M61.13	728.1
M61.14	728.1
M61.15	728.1
M61.16	728.1
M61.17	728.1
M61.18	728.1
M61.19	728.1
M61.2	728.1
M61.20	728.1
M61.21	728.1
M61.22	728.1
M61.23	728.1
M61.24	728.1
M61.25	728.1
M61.26	728.1
M61.27	728.1
M61.28	728.1
M61.29	728.1
M61.3	728.1
M61.30	728.1
M61.31	728.1
M61.32	728.1
M61.33	728.1
M61.34	728.1
M61.35	728.1
M61.36	728.1
M61.37	728.1
M61.38	728.1
M61.39	728.1
M61.4	728.1
M61.40	728.1
M61.41	728.1
M61.42	728.1
M61.43	728.1
M61.44	728.1
M61.45	728.1
M61.46	728.1
M61.47	728.1
M61.48	728.1
M61.49	728.1
M61.5	728.1
M61.50	728.1
M61.51	728.1
M61.52	728.1
M61.53	728.1
M61.54	728.1
M61.55	728.1
M61.56	728.1
M61.57	728.1
M61.58	728.1
M61.59	728.1
M61.9	728.1
M61.90	728.1
M61.91	728.1
M61.92	728.1
M61.93	728.1
M61.94	728.1
M61.95	728.1
M61.96	728.1
M61.97	728.1
M61.98	728.1
M61.99	728.1
M24.2	728.2
M24.20	728.2
M24.21	728.2
M24.22	728.2
M24.23	728.2
M24.24	728.2
M24.25	728.2
M24.26	728.2
M24.27	728.2
M24.28	728.2
M24.29	728.2
M35.7	728.2
M72	728.7
M72.0	728.7
M72.00	728.7
M72.01	728.7
M72.02	728.7
M72.03	728.7
M72.04	728.7
M72.05	728.7
M72.06	728.7
M72.07	728.7
M72.08	728.7
M72.09	728.7
M72.1	728.7
M72.10	728.7
M72.11	728.7
M72.12	728.7
M72.13	728.7
M72.14	728.7
M72.15	728.7
M72.16	728.7
M72.17	728.7
M72.18	728.7
M72.19	728.7
M72.2	728.7
M72.20	728.7
M72.21	728.7
M72.22	728.7
M72.23	728.7
M72.24	728.7
M72.25	728.7
M72.26	728.7
M72.27	728.7
M72.28	728.7
M72.29	728.7
M72.3	728.7
M72.30	728.7
M72.31	728.7
M72.32	728.7
M72.33	728.7
M72.34	728.7
M72.35	728.7
M72.36	728.7
M72.37	728.7
M72.38	728.7
M72.39	728.7
M72.4	728.7
M72.40	728.7
M72.41	728.7
M72.42	728.7
M72.43	728.7
M72.44	728.7
M72.45	728.7
M72.46	728.7
M72.47	728.7
M72.48	728.7
M72.49	728.7
M72.5	728.7
M72.50	728.7
M72.51	728.7
M72.52	728.7
M72.53	728.7
M72.54	728.7
M72.55	728.7
M72.56	728.7
M72.57	728.7
M72.58	728.7
M72.59	728.7
M72.6	728.7
M72.60	728.7
M72.61	728.7
M72.62	728.7
M72.63	728.7
M72.64	728.7
M72.65	728.7
M72.66	728.7
M72.67	728.7
M72.68	728.7
M72.69	728.7
M72.8	728.7
M72.80	728.7
M72.81	728.7
M72.82	728.7
M72.83	728.7
M72.84	728.7
M72.85	728.7
M72.86	728.7
M72.87	728.7
M72.88	728.7
M72.89	728.7
M72.9	728.7
M72.90	728.7
M72.91	728.7
M72.92	728.7
M72.93	728.7
M72.94	728.7
M72.95	728.7
M72.96	728.7
M72.97	728.7
M72.98	728.7
M72.99	728.7
M72.0	728.71
M72.00	728.71
M72.01	728.71
M72.02	728.71
M72.03	728.71
M72.04	728.71
M72.05	728.71
M72.06	728.71
M72.07	728.71
M72.08	728.71
M72.09	728.71
M62.6	729
M62.60	729
M62.61	729
M62.62	729
M62.63	729
M62.64	729
M62.65	729
M62.66	729
M62.67	729
M62.68	729
M62.69	729
M67.9	729
M67.96	729
M70	729
M70.0	729
M70.00	729
M70.01	729
M70.02	729
M70.03	729
M70.04	729
M70.05	729
M70.06	729
M70.07	729
M70.08	729
M70.09	729
M70.1	729
M70.10	729
M70.11	729
M70.12	729
M70.13	729
M70.14	729
M70.15	729
M70.16	729
M70.17	729
M70.18	729
M70.19	729
M70.2	729
M70.20	729
M70.21	729
M70.22	729
M70.23	729
M70.24	729
M70.25	729
M70.26	729
M70.27	729
M70.28	729
M70.29	729
M70.3	729
M70.30	729
M70.31	729
M70.32	729
M70.33	729
M70.34	729
M70.35	729
M70.36	729
M70.37	729
M70.38	729
M70.39	729
M70.4	729
M70.40	729
M70.41	729
M70.42	729
M70.43	729
M70.44	729
M70.45	729
M70.46	729
M70.47	729
M70.48	729
M70.49	729
M70.5	729
M70.50	729
M70.51	729
M70.52	729
M70.53	729
M70.54	729
M70.55	729
M70.56	729
M70.57	729
M70.58	729
M70.59	729
M70.6	729
M70.60	729
M70.61	729
M70.62	729
M70.63	729
M70.64	729
M70.65	729
M70.66	729
M70.67	729
M70.68	729
M70.69	729
M70.7	729
M70.70	729
M70.71	729
M70.72	729
M70.73	729
M70.74	729
M70.75	729
M70.76	729
M70.77	729
M70.78	729
M70.79	729
M70.8	729
M70.80	729
M70.81	729
M70.82	729
M70.83	729
M70.84	729
M70.85	729
M70.86	729
M70.87	729
M70.88	729
M70.89	729
M70.9	729
M70.90	729
M70.91	729
M70.92	729
M70.93	729
M70.94	729
M70.95	729
M70.96	729
M70.97	729
M70.98	729
M70.99	729
M79.0	729
M79.00	729
M79.01	729
M79.02	729
M79.03	729
M79.04	729
M79.05	729
M79.06	729
M79.07	729
M79.08	729
M79.09	729
M79.9	729
M79.90	729
M79.91	729
M79.92	729
M79.93	729
M79.94	729
M79.95	729
M79.96	729
M79.97	729
M79.98	729
M79.99	729
R22.7	729
M79.0	729.1
M79.00	729.1
M79.01	729.1
M79.02	729.1
M79.03	729.1
M79.04	729.1
M79.05	729.1
M79.06	729.1
M79.07	729.1
M79.08	729.1
M79.09	729.1
M35.6	729.3
M79.3	729.3
M79.30	729.3
M79.31	729.3
M79.32	729.3
M79.33	729.3
M79.34	729.3
M79.35	729.3
M79.36	729.3
M79.37	729.3
M79.38	729.3
M79.39	729.3
M79.4	729.3
M79.40	729.3
M79.41	729.3
M79.42	729.3
M79.43	729.3
M79.44	729.3
M79.45	729.3
M79.46	729.3
M79.47	729.3
M79.48	729.3
M79.49	729.3
L62.0	731
M88	731
M88.0	731
M88.00	731
M88.01	731
M88.02	731
M88.03	731
M88.04	731
M88.05	731
M88.06	731
M88.07	731
M88.08	731
M88.09	731
M88.8	731
M88.80	731
M88.81	731
M88.82	731
M88.83	731
M88.84	731
M88.85	731
M88.86	731
M88.87	731
M88.88	731
M88.89	731
M88.9	731
M88.90	731
M88.91	731
M88.92	731
M88.93	731
M88.94	731
M88.95	731
M88.96	731
M88.97	731
M88.98	731
M88.99	731
M89.4	731
M89.40	731
M89.41	731
M89.42	731
M89.43	731
M89.44	731
M89.45	731
M89.46	731
M89.47	731
M89.48	731
M89.49	731
M90	731
M90.0	731
M90.00	731
M90.01	731
M90.02	731
M90.03	731
M90.04	731
M90.05	731
M90.06	731
M90.07	731
M90.08	731
M90.09	731
M90.1	731
M90.10	731
M90.11	731
M90.12	731
M90.13	731
M90.14	731
M90.15	731
M90.16	731
M90.17	731
M90.18	731
M90.19	731
M90.2	731
M90.20	731
M90.21	731
M90.22	731
M90.23	731
M90.24	731
M90.25	731
M90.26	731
M90.27	731
M90.28	731
M90.29	731
M90.3	731
M90.30	731
M90.31	731
M90.32	731
M90.33	731
M90.34	731
M90.35	731
M90.36	731
M90.37	731
M90.38	731
M90.39	731
M90.4	731
M90.40	731
M90.41	731
M90.42	731
M90.43	731
M90.44	731
M90.45	731
M90.46	731
M90.47	731
M90.48	731
M90.49	731
M90.5	731
M90.50	731
M90.51	731
M90.52	731
M90.53	731
M90.54	731
M90.55	731
M90.56	731
M90.57	731
M90.58	731
M90.59	731
M90.6	731
M90.60	731
M90.61	731
M90.62	731
M90.63	731
M90.64	731
M90.65	731
M90.66	731
M90.67	731
M90.68	731
M90.69	731
M90.7	731
M90.70	731
M90.71	731
M90.72	731
M90.73	731
M90.74	731
M90.75	731
M90.76	731
M90.77	731
M90.78	731
M90.79	731
M90.8	731
M90.80	731
M90.81	731
M90.82	731
M90.83	731
M90.84	731
M90.85	731
M90.86	731
M90.87	731
M90.88	731
M90.89	731
M88	731.1
M88.0	731.1
M88.00	731.1
M88.01	731.1
M88.02	731.1
M88.03	731.1
M88.04	731.1
M88.05	731.1
M88.06	731.1
M88.07	731.1
M88.08	731.1
M88.09	731.1
M88.8	731.1
M88.80	731.1
M88.81	731.1
M88.82	731.1
M88.83	731.1
M88.84	731.1
M88.85	731.1
M88.86	731.1
M88.87	731.1
M88.88	731.1
M88.89	731.1
M88.9	731.1
M88.90	731.1
M88.91	731.1
M88.92	731.1
M88.93	731.1
M88.94	731.1
M88.95	731.1
M88.96	731.1
M88.97	731.1
M88.98	731.1
M88.99	731.1
M90.6	731.1
M90.60	731.1
M90.61	731.1
M90.62	731.1
M90.63	731.1
M90.64	731.1
M90.65	731.1
M90.66	731.1
M90.67	731.1
M90.68	731.1
M90.69	731.1
M42	732
M42.0	732
M42.00	732
M42.01	732
M42.02	732
M42.03	732
M42.04	732
M42.05	732
M42.06	732
M42.07	732
M42.08	732
M42.09	732
M42.1	732
M42.10	732
M42.11	732
M42.12	732
M42.13	732
M42.14	732
M42.15	732
M42.16	732
M42.17	732
M42.18	732
M42.19	732
M42.9	732
M42.90	732
M42.91	732
M42.92	732
M42.93	732
M42.94	732
M42.95	732
M42.96	732
M42.97	732
M42.98	732
M42.99	732
M91	732
M91.0	732
M91.00	732
M91.01	732
M91.02	732
M91.03	732
M91.04	732
M91.05	732
M91.06	732
M91.07	732
M91.08	732
M91.09	732
M91.1	732
M91.10	732
M91.11	732
M91.12	732
M91.13	732
M91.14	732
M91.15	732
M91.16	732
M91.17	732
M91.18	732
M91.19	732
M91.2	732
M91.20	732
M91.21	732
M91.22	732
M91.23	732
M91.24	732
M91.25	732
M91.26	732
M91.27	732
M91.28	732
M91.29	732
M91.3	732
M91.30	732
M91.31	732
M91.32	732
M91.33	732
M91.34	732
M91.35	732
M91.36	732
M91.37	732
M91.38	732
M91.39	732
M91.8	732
M91.80	732
M91.81	732
M91.82	732
M91.83	732
M91.84	732
M91.85	732
M91.86	732
M91.87	732
M91.88	732
M91.89	732
M91.9	732
M91.90	732
M91.91	732
M91.92	732
M91.93	732
M91.94	732
M91.95	732
M91.96	732
M91.97	732
M91.98	732
M91.99	732
M92	732
M92.0	732
M92.1	732
M92.10	732
M92.2	732
M92.3	732
M92.4	732
M92.5	732
M92.50	732
M92.51	732
M92.6	732
M92.7	732
M92.8	732
M92.9	732
M93.0	732
M93.1	732
M93.2	732
M93.26	732
M93.8	732
M93.86	732
M93.9	732
M42.0	732.1
M42.00	732.1
M42.01	732.1
M42.02	732.1
M42.03	732.1
M42.04	732.1
M42.05	732.1
M42.06	732.1
M42.07	732.1
M42.08	732.1
M42.09	732.1
M91	732.1
M91.0	732.1
M91.00	732.1
M91.01	732.1
M91.02	732.1
M91.03	732.1
M91.04	732.1
M91.05	732.1
M91.06	732.1
M91.07	732.1
M91.08	732.1
M91.09	732.1
M91.1	732.1
M91.10	732.1
M91.11	732.1
M91.12	732.1
M91.13	732.1
M91.14	732.1
M91.15	732.1
M91.16	732.1
M91.17	732.1
M91.18	732.1
M91.19	732.1
M91.2	732.1
M91.20	732.1
M91.21	732.1
M91.22	732.1
M91.23	732.1
M91.24	732.1
M91.25	732.1
M91.26	732.1
M91.27	732.1
M91.28	732.1
M91.29	732.1
M91.3	732.1
M91.30	732.1
M91.31	732.1
M91.32	732.1
M91.33	732.1
M91.34	732.1
M91.35	732.1
M91.36	732.1
M91.37	732.1
M91.38	732.1
M91.39	732.1
M91.8	732.1
M91.80	732.1
M91.81	732.1
M91.82	732.1
M91.83	732.1
M91.84	732.1
M91.85	732.1
M91.86	732.1
M91.87	732.1
M91.88	732.1
M91.89	732.1
M91.9	732.1
M91.90	732.1
M91.91	732.1
M91.92	732.1
M91.93	732.1
M91.94	732.1
M91.95	732.1
M91.96	732.1
M91.97	732.1
M91.98	732.1
M91.99	732.1
M92	732.1
M92.0	732.1
M92.1	732.1
M92.10	732.1
M92.2	732.1
M92.3	732.1
M92.4	732.1
M92.5	732.1
M92.50	732.1
M92.51	732.1
M92.6	732.1
M92.7	732.1
M92.8	732.1
M92.9	732.1
M93.2	732.7
M93.26	732.7
M84	733
M84.0	733
M84.00	733
M84.01	733
M84.02	733
M84.03	733
M84.04	733
M84.05	733
M84.06	733
M84.07	733
M84.08	733
M84.09	733
M84.1	733
M84.10	733
M84.11	733
M84.12	733
M84.13	733
M84.14	733
M84.15	733
M84.16	733
M84.17	733
M84.18	733
M84.19	733
M84.2	733
M84.20	733
M84.21	733
M84.22	733
M84.23	733
M84.24	733
M84.25	733
M84.26	733
M84.27	733
M84.28	733
M84.29	733
M84.3	733
M84.30	733
M84.31	733
M84.32	733
M84.33	733
M84.34	733
M84.35	733
M84.36	733
M84.37	733
M84.38	733
M84.39	733
M84.4	733
M84.40	733
M84.41	733
M84.42	733
M84.43	733
M84.44	733
M84.45	733
M84.46	733
M84.47	733
M84.48	733
M84.49	733
M84.8	733
M84.80	733
M84.81	733
M84.82	733
M84.83	733
M84.84	733
M84.85	733
M84.86	733
M84.87	733
M84.88	733
M84.89	733
M84.9	733
M84.90	733
M84.91	733
M84.92	733
M84.93	733
M84.94	733
M84.95	733
M84.96	733
M84.97	733
M84.98	733
M84.99	733
M85.0	733
M85.00	733
M85.01	733
M85.02	733
M85.03	733
M85.04	733
M85.05	733
M85.06	733
M85.07	733
M85.08	733
M85.09	733
M85.1	733
M85.10	733
M85.11	733
M85.12	733
M85.13	733
M85.14	733
M85.15	733
M85.16	733
M85.17	733
M85.18	733
M85.19	733
M85.2	733
M85.20	733
M85.21	733
M85.22	733
M85.23	733
M85.24	733
M85.25	733
M85.26	733
M85.27	733
M85.28	733
M85.29	733
M85.3	733
M85.30	733
M85.31	733
M85.32	733
M85.33	733
M85.34	733
M85.35	733
M85.36	733
M85.37	733
M85.38	733
M85.39	733
M85.4	733
M85.40	733
M85.41	733
M85.42	733
M85.43	733
M85.44	733
M85.45	733
M85.46	733
M85.47	733
M85.48	733
M85.49	733
M85.5	733
M85.50	733
M85.51	733
M85.52	733
M85.53	733
M85.54	733
M85.55	733
M85.56	733
M85.57	733
M85.58	733
M85.59	733
M85.6	733
M85.60	733
M85.61	733
M85.62	733
M85.63	733
M85.64	733
M85.65	733
M85.66	733
M85.67	733
M85.68	733
M85.69	733
M85.8	733
M85.80	733
M85.81	733
M85.82	733
M85.83	733
M85.84	733
M85.85	733
M85.86	733
M85.87	733
M85.88	733
M85.89	733
M89.0	733
M89.00	733
M89.01	733
M89.02	733
M89.03	733
M89.04	733
M89.05	733
M89.06	733
M89.07	733
M89.08	733
M89.09	733
M89.1	733
M89.10	733
M89.11	733
M89.12	733
M89.13	733
M89.14	733
M89.15	733
M89.16	733
M89.17	733
M89.18	733
M89.19	733
M89.2	733
M89.20	733
M89.21	733
M89.22	733
M89.23	733
M89.24	733
M89.25	733
M89.26	733
M89.27	733
M89.28	733
M89.29	733
M89.3	733
M89.30	733
M89.31	733
M89.32	733
M89.33	733
M89.34	733
M89.35	733
M89.36	733
M89.37	733
M89.38	733
M89.39	733
M89.5	733
M89.50	733
M89.51	733
M89.52	733
M89.53	733
M89.54	733
M89.55	733
M89.56	733
M89.57	733
M89.58	733
M89.59	733
M94	733
M94.0	733
M94.00	733
M94.01	733
M94.02	733
M94.03	733
M94.04	733
M94.05	733
M94.06	733
M94.07	733
M94.08	733
M94.09	733
M94.1	733
M94.10	733
M94.11	733
M94.12	733
M94.13	733
M94.14	733
M94.15	733
M94.16	733
M94.17	733
M94.18	733
M94.19	733
M94.2	733
M94.20	733
M94.21	733
M94.22	733
M94.23	733
M94.24	733
M94.25	733
M94.26	733
M94.27	733
M94.28	733
M94.29	733
M94.3	733
M94.30	733
M94.31	733
M94.32	733
M94.33	733
M94.34	733
M94.35	733
M94.36	733
M94.37	733
M94.38	733
M94.39	733
M94.8	733
M94.80	733
M94.81	733
M94.82	733
M94.83	733
M94.84	733
M94.85	733
M94.86	733
M94.87	733
M94.88	733
M94.89	733
M94.9	733
M94.90	733
M94.91	733
M94.92	733
M94.93	733
M94.94	733
M94.95	733
M94.96	733
M94.97	733
M94.98	733
M94.99	733
M85.0	733.2
M85.00	733.2
M85.01	733.2
M85.02	733.2
M85.03	733.2
M85.04	733.2
M85.05	733.2
M85.06	733.2
M85.07	733.2
M85.08	733.2
M85.09	733.2
M85.4	733.2
M85.40	733.2
M85.41	733.2
M85.42	733.2
M85.43	733.2
M85.44	733.2
M85.45	733.2
M85.46	733.2
M85.47	733.2
M85.48	733.2
M85.49	733.2
M85.5	733.2
M85.50	733.2
M85.51	733.2
M85.52	733.2
M85.53	733.2
M85.54	733.2
M85.55	733.2
M85.56	733.2
M85.57	733.2
M85.58	733.2
M85.59	733.2
M85.6	733.2
M85.60	733.2
M85.61	733.2
M85.62	733.2
M85.63	733.2
M85.64	733.2
M85.65	733.2
M85.66	733.2
M85.67	733.2
M85.68	733.2
M85.69	733.2
M87	733.4
M87.0	733.4
M87.00	733.4
M87.01	733.4
M87.02	733.4
M87.03	733.4
M87.04	733.4
M87.05	733.4
M87.06	733.4
M87.07	733.4
M87.08	733.4
M87.09	733.4
M87.1	733.4
M87.10	733.4
M87.11	733.4
M87.12	733.4
M87.13	733.4
M87.14	733.4
M87.15	733.4
M87.16	733.4
M87.17	733.4
M87.18	733.4
M87.19	733.4
M87.2	733.4
M87.20	733.4
M87.21	733.4
M87.22	733.4
M87.23	733.4
M87.24	733.4
M87.25	733.4
M87.26	733.4
M87.27	733.4
M87.28	733.4
M87.29	733.4
M87.3	733.4
M87.30	733.4
M87.31	733.4
M87.32	733.4
M87.33	733.4
M87.34	733.4
M87.35	733.4
M87.36	733.4
M87.37	733.4
M87.38	733.4
M87.39	733.4
M87.8	733.4
M87.80	733.4
M87.81	733.4
M87.82	733.4
M87.83	733.4
M87.84	733.4
M87.85	733.4
M87.86	733.4
M87.87	733.4
M87.88	733.4
M87.89	733.4
M87.9	733.4
M87.90	733.4
M87.91	733.4
M87.92	733.4
M87.93	733.4
M87.94	733.4
M87.95	733.4
M87.96	733.4
M87.97	733.4
M87.98	733.4
M87.99	733.4
M84.0	733.8
M84.00	733.8
M84.01	733.8
M84.02	733.8
M84.03	733.8
M84.04	733.8
M84.05	733.8
M84.06	733.8
M84.07	733.8
M84.08	733.8
M84.09	733.8
M84.1	733.8
M84.10	733.8
M84.11	733.8
M84.12	733.8
M84.13	733.8
M84.14	733.8
M84.15	733.8
M84.16	733.8
M84.17	733.8
M84.18	733.8
M84.19	733.8
M20.1	735
M20.2	735
M20.3	735
M20.4	735
M20.5	735
M20.6	735
M21.4	735
M21.40	735
M21.41	735
M21.42	735
M21.43	735
M21.44	735
M21.45	735
M21.46	735
M21.47	735
M21.48	735
M21.49	735
M21.6	735
M21.60	735
M21.61	735
M21.62	735
M21.63	735
M21.64	735
M21.65	735
M21.66	735
M21.67	735
M21.68	735
M21.69	735
M21.4	735.1
M21.40	735.1
M21.41	735.1
M21.42	735.1
M21.43	735.1
M21.44	735.1
M21.45	735.1
M21.46	735.1
M21.47	735.1
M21.48	735.1
M21.49	735.1
M20.2	735.2
M20.3	735.2
M20.4	735.2
M20.5	735.2
M20.6	735.2
M20.4	735.21
M20.2	735.23
M20.1	735.3
M20.0	736
M21	736
M21.0	736
M21.00	736
M21.01	736
M21.02	736
M21.03	736
M21.04	736
M21.05	736
M21.06	736
M21.07	736
M21.08	736
M21.09	736
M21.1	736
M21.10	736
M21.11	736
M21.12	736
M21.13	736
M21.14	736
M21.15	736
M21.16	736
M21.17	736
M21.18	736
M21.19	736
M21.2	736
M21.20	736
M21.21	736
M21.22	736
M21.23	736
M21.24	736
M21.25	736
M21.26	736
M21.27	736
M21.28	736
M21.29	736
M21.3	736
M21.30	736
M21.31	736
M21.32	736
M21.33	736
M21.34	736
M21.35	736
M21.36	736
M21.37	736
M21.38	736
M21.39	736
M21.4	736
M21.40	736
M21.41	736
M21.42	736
M21.43	736
M21.44	736
M21.45	736
M21.46	736
M21.47	736
M21.48	736
M21.49	736
M21.5	736
M21.50	736
M21.51	736
M21.52	736
M21.53	736
M21.54	736
M21.55	736
M21.56	736
M21.57	736
M21.58	736
M21.59	736
M21.6	736
M21.60	736
M21.61	736
M21.62	736
M21.63	736
M21.64	736
M21.65	736
M21.66	736
M21.67	736
M21.68	736
M21.69	736
M21.7	736
M21.70	736
M21.71	736
M21.72	736
M21.73	736
M21.74	736
M21.75	736
M21.76	736
M21.77	736
M21.78	736
M21.79	736
M21.8	736
M21.80	736
M21.81	736
M21.82	736
M21.83	736
M21.84	736
M21.85	736
M21.86	736
M21.87	736
M21.88	736
M21.89	736
M21.9	736
M21.90	736
M21.91	736
M21.92	736
M21.93	736
M21.94	736
M21.95	736
M21.96	736
M21.97	736
M21.98	736
M21.99	736
M92.5	736
M92.50	736
M92.51	736
M20.0	736.2
M40.0	737
M40.00	737
M40.01	737
M40.02	737
M40.03	737
M40.04	737
M40.05	737
M40.06	737
M40.07	737
M40.08	737
M40.09	737
M40.1	737
M40.10	737
M40.11	737
M40.12	737
M40.13	737
M40.14	737
M40.15	737
M40.16	737
M40.17	737
M40.18	737
M40.19	737
M40.2	737
M40.20	737
M40.21	737
M40.22	737
M40.23	737
M40.24	737
M40.25	737
M40.26	737
M40.27	737
M40.28	737
M40.29	737
M40.3	737
M40.30	737
M40.31	737
M40.32	737
M40.33	737
M40.34	737
M40.35	737
M40.36	737
M40.37	737
M40.38	737
M40.39	737
M40.5	737
M40.50	737
M40.51	737
M40.52	737
M40.53	737
M40.54	737
M40.55	737
M40.56	737
M40.57	737
M40.58	737
M40.59	737
M41	737
M41.0	737
M41.00	737
M41.01	737
M41.02	737
M41.03	737
M41.04	737
M41.05	737
M41.06	737
M41.07	737
M41.08	737
M41.09	737
M41.1	737
M41.10	737
M41.11	737
M41.12	737
M41.13	737
M41.14	737
M41.15	737
M41.16	737
M41.17	737
M41.18	737
M41.19	737
M41.2	737
M41.20	737
M41.21	737
M41.22	737
M41.23	737
M41.24	737
M41.25	737
M41.26	737
M41.27	737
M41.28	737
M41.29	737
M41.3	737
M41.30	737
M41.31	737
M41.32	737
M41.33	737
M41.34	737
M41.35	737
M41.36	737
M41.37	737
M41.38	737
M41.39	737
M41.4	737
M41.40	737
M41.41	737
M41.42	737
M41.43	737
M41.44	737
M41.45	737
M41.46	737
M41.47	737
M41.48	737
M41.49	737
M41.5	737
M41.50	737
M41.51	737
M41.52	737
M41.53	737
M41.54	737
M41.55	737
M41.56	737
M41.57	737
M41.58	737
M41.59	737
M41.8	737
M41.80	737
M41.81	737
M41.82	737
M41.83	737
M41.84	737
M41.85	737
M41.86	737
M41.87	737
M41.88	737
M41.89	737
M41.9	737
M41.90	737
M41.91	737
M41.92	737
M41.93	737
M41.94	737
M41.95	737
M41.96	737
M41.97	737
M41.98	737
M41.99	737
M43.9	737
M43.90	737
M43.91	737
M43.92	737
M43.93	737
M43.94	737
M43.95	737
M43.96	737
M43.97	737
M43.98	737
M43.99	737
M96.2	737
M96.3	737
M96.4	737
M96.5	737
Q76.3	737
M40.0	737.1
M40.00	737.1
M40.01	737.1
M40.02	737.1
M40.03	737.1
M40.04	737.1
M40.05	737.1
M40.06	737.1
M40.07	737.1
M40.08	737.1
M40.09	737.1
M40.1	737.1
M40.10	737.1
M40.11	737.1
M40.12	737.1
M40.13	737.1
M40.14	737.1
M40.15	737.1
M40.16	737.1
M40.17	737.1
M40.18	737.1
M40.19	737.1
M40.2	737.1
M40.20	737.1
M40.21	737.1
M40.22	737.1
M40.23	737.1
M40.24	737.1
M40.25	737.1
M40.26	737.1
M40.27	737.1
M40.28	737.1
M40.29	737.1
M40.3	737.1
M40.30	737.1
M40.31	737.1
M40.32	737.1
M40.33	737.1
M40.34	737.1
M40.35	737.1
M40.36	737.1
M40.37	737.1
M40.38	737.1
M40.39	737.1
M96.2	737.1
M96.3	737.1
M40.5	737.2
M40.50	737.2
M40.51	737.2
M40.52	737.2
M40.53	737.2
M40.54	737.2
M40.55	737.2
M40.56	737.2
M40.57	737.2
M40.58	737.2
M40.59	737.2
M96.4	737.2
M41	737.3
M41.0	737.3
M41.00	737.3
M41.01	737.3
M41.02	737.3
M41.03	737.3
M41.04	737.3
M41.05	737.3
M41.06	737.3
M41.07	737.3
M41.08	737.3
M41.09	737.3
M41.1	737.3
M41.10	737.3
M41.11	737.3
M41.12	737.3
M41.13	737.3
M41.14	737.3
M41.15	737.3
M41.16	737.3
M41.17	737.3
M41.18	737.3
M41.19	737.3
M41.2	737.3
M41.20	737.3
M41.21	737.3
M41.22	737.3
M41.23	737.3
M41.24	737.3
M41.25	737.3
M41.26	737.3
M41.27	737.3
M41.28	737.3
M41.29	737.3
M41.3	737.3
M41.30	737.3
M41.31	737.3
M41.32	737.3
M41.33	737.3
M41.34	737.3
M41.35	737.3
M41.36	737.3
M41.37	737.3
M41.38	737.3
M41.39	737.3
M41.4	737.3
M41.40	737.3
M41.41	737.3
M41.42	737.3
M41.43	737.3
M41.44	737.3
M41.45	737.3
M41.46	737.3
M41.47	737.3
M41.48	737.3
M41.49	737.3
M41.5	737.3
M41.50	737.3
M41.51	737.3
M41.52	737.3
M41.53	737.3
M41.54	737.3
M41.55	737.3
M41.56	737.3
M41.57	737.3
M41.58	737.3
M41.59	737.3
M41.8	737.3
M41.80	737.3
M41.81	737.3
M41.82	737.3
M41.83	737.3
M41.84	737.3
M41.85	737.3
M41.86	737.3
M41.87	737.3
M41.88	737.3
M41.89	737.3
M41.9	737.3
M41.90	737.3
M41.91	737.3
M41.92	737.3
M41.93	737.3
M41.94	737.3
M41.95	737.3
M41.96	737.3
M41.97	737.3
M41.98	737.3
M41.99	737.3
M96.5	737.3
M43.0	738
M43.00	738
M43.01	738
M43.02	738
M43.03	738
M43.04	738
M43.05	738
M43.06	738
M43.07	738
M43.08	738
M43.09	738
M43.1	738
M43.10	738
M43.11	738
M43.12	738
M43.13	738
M43.14	738
M43.15	738
M43.16	738
M43.17	738
M43.18	738
M43.19	738
M95	738
M95.0	738
M95.1	738
M95.2	738
M95.3	738
M95.4	738
M95.5	738
M95.8	738
M95.9	738
M95.96	738
M99.8	738
M99.80	738
M99.81	738
M99.82	738
M99.83	738
M99.84	738
M99.85	738
M99.86	738
M99.87	738
M99.88	738
M99.89	738
M99.9	738
M99.90	738
M99.91	738
M99.92	738
M99.93	738
M99.94	738
M99.95	738
M99.96	738
M99.97	738
M99.98	738
M99.99	738
M43.0	738.4
M43.00	738.4
M43.01	738.4
M43.02	738.4
M43.03	738.4
M43.04	738.4
M43.05	738.4
M43.06	738.4
M43.07	738.4
M43.08	738.4
M43.09	738.4
M43.1	738.4
M43.10	738.4
M43.11	738.4
M43.12	738.4
M43.13	738.4
M43.14	738.4
M43.15	738.4
M43.16	738.4
M43.17	738.4
M43.18	738.4
M43.19	738.4
M21.2	739
M21.20	739
M21.21	739
M21.22	739
M21.23	739
M21.24	739
M21.25	739
M21.26	739
M21.27	739
M21.28	739
M21.29	739
M24.5	739
M24.50	739
M24.51	739
M24.52	739
M24.53	739
M24.54	739
M24.55	739
M24.56	739
M24.57	739
M24.58	739
M24.59	739
M13.9	740
M13.90	740
M13.91	740
M13.92	740
M13.93	740
M13.94	740
M13.95	740
M13.96	740
M13.97	740
M13.98	740
M13.99	740
M15.0	740
M15.00	740
M15.1	740
M15.2	740
M15.3	740
M15.4	740
M16	740
M16.0	740
M16.1	740
M16.2	740
M16.3	740
M16.4	740
M16.5	740
M16.6	740
M16.7	740
M16.9	740
M17.1	740
M17.4	740
M17.5	740
M18.0	740
M18.1	740
M18.5	740
M18.9	740
M19.0	740
M19.00	740
M19.01	740
M19.02	740
M19.03	740
M19.04	740
M19.05	740
M19.06	740
M19.07	740
M19.08	740
M19.09	740
M19.2	740
M19.20	740
M19.21	740
M19.22	740
M19.23	740
M19.24	740
M19.25	740
M19.26	740
M19.27	740
M19.28	740
M19.29	740
M16	740.1
M16.0	740.1
M16.1	740.1
M16.2	740.1
M16.3	740.1
M16.4	740.1
M16.5	740.1
M16.6	740.1
M16.7	740.1
M16.9	740.1
M17.1	740.1
M17.4	740.1
M17.5	740.1
M18.0	740.1
M18.1	740.1
M18.5	740.1
M18.9	740.1
M19.2	740.1
M19.20	740.1
M19.21	740.1
M19.22	740.1
M19.23	740.1
M19.24	740.1
M19.25	740.1
M19.26	740.1
M19.27	740.1
M19.28	740.1
M19.29	740.1
M16.0	740.11
M16.1	740.11
M17.1	740.11
M18.0	740.11
M18.1	740.11
M16.6	740.12
M16.7	740.12
M17.4	740.12
M17.5	740.12
M18.5	740.12
M19.2	740.12
M19.20	740.12
M19.21	740.12
M19.22	740.12
M19.23	740.12
M19.24	740.12
M19.25	740.12
M19.26	740.12
M19.27	740.12
M19.28	740.12
M19.29	740.12
M15.0	740.2
M15.00	740.2
M15.1	740.2
M15.2	740.2
M13.9	740.9
M13.90	740.9
M13.91	740.9
M13.92	740.9
M13.93	740.9
M13.94	740.9
M13.95	740.9
M13.96	740.9
M13.97	740.9
M13.98	740.9
M13.99	740.9
M15.3	740.9
M15.4	740.9
M19.0	740.9
M19.00	740.9
M19.01	740.9
M19.02	740.9
M19.03	740.9
M19.04	740.9
M19.05	740.9
M19.06	740.9
M19.07	740.9
M19.08	740.9
M19.09	740.9
M12	741
M12.0	741
M12.00	741
M12.01	741
M12.02	741
M12.03	741
M12.04	741
M12.05	741
M12.06	741
M12.07	741
M12.08	741
M12.09	741
M12.1	741
M12.10	741
M12.11	741
M12.12	741
M12.13	741
M12.14	741
M12.15	741
M12.16	741
M12.17	741
M12.18	741
M12.19	741
M12.2	741
M12.20	741
M12.21	741
M12.22	741
M12.23	741
M12.24	741
M12.25	741
M12.26	741
M12.27	741
M12.28	741
M12.29	741
M12.3	741
M12.30	741
M12.31	741
M12.32	741
M12.33	741
M12.34	741
M12.35	741
M12.36	741
M12.37	741
M12.38	741
M12.39	741
M12.4	741
M12.40	741
M12.41	741
M12.42	741
M12.43	741
M12.44	741
M12.45	741
M12.46	741
M12.47	741
M12.48	741
M12.49	741
M12.5	741
M12.50	741
M12.51	741
M12.52	741
M12.53	741
M12.54	741
M12.55	741
M12.56	741
M12.57	741
M12.58	741
M12.59	741
M12.8	741
M12.80	741
M12.81	741
M12.82	741
M12.83	741
M12.84	741
M12.85	741
M12.86	741
M12.87	741
M12.88	741
M12.89	741
M22.2	741
M22.8	741
M24.6	741
M24.60	741
M24.61	741
M24.62	741
M24.63	741
M24.64	741
M24.65	741
M24.66	741
M24.67	741
M24.68	741
M24.69	741
M25.0	741
M25.00	741
M25.01	741
M25.02	741
M25.03	741
M25.04	741
M25.05	741
M25.06	741
M25.07	741
M25.08	741
M25.09	741
M25.1	741
M25.10	741
M25.11	741
M25.12	741
M25.13	741
M25.14	741
M25.15	741
M25.16	741
M25.17	741
M25.18	741
M25.19	741
M25.4	741
M25.40	741
M25.41	741
M25.42	741
M25.43	741
M25.44	741
M25.45	741
M25.46	741
M25.47	741
M25.48	741
M25.49	741
M25.6	741
M25.60	741
M25.61	741
M25.62	741
M25.63	741
M25.64	741
M25.65	741
M25.66	741
M25.67	741
M25.68	741
M25.69	741
M53.2	741
M53.20	741
M53.21	741
M53.22	741
M53.23	741
M53.24	741
M53.25	741
M53.26	741
M53.27	741
M53.28	741
M53.29	741
R26.2	741
R29.4	741
M24.6	741.1
M24.60	741.1
M24.61	741.1
M24.62	741.1
M24.63	741.1
M24.64	741.1
M24.65	741.1
M24.66	741.1
M24.67	741.1
M24.68	741.1
M24.69	741.1
M25.6	741.2
M25.60	741.2
M25.61	741.2
M25.62	741.2
M25.63	741.2
M25.64	741.2
M25.65	741.2
M25.66	741.2
M25.67	741.2
M25.68	741.2
M25.69	741.2
R26.2	741.3
M25.4	741.4
M25.40	741.4
M25.41	741.4
M25.42	741.4
M25.43	741.4
M25.44	741.4
M25.45	741.4
M25.46	741.4
M25.47	741.4
M25.48	741.4
M25.49	741.4
M25.0	741.5
M25.00	741.5
M25.01	741.5
M25.02	741.5
M25.03	741.5
M25.04	741.5
M25.05	741.5
M25.06	741.5
M25.07	741.5
M25.08	741.5
M25.09	741.5
M12.2	741.6
M12.20	741.6
M12.21	741.6
M12.22	741.6
M12.23	741.6
M12.24	741.6
M12.25	741.6
M12.26	741.6
M12.27	741.6
M12.28	741.6
M12.29	741.6
M22.0	742
M22.1	742
M22.10	742
M23.5	742
M23.50	742
M23.51	742
M23.52	742
M23.53	742
M23.54	742
M23.55	742
M23.56	742
M23.57	742
M23.59	742
M24.0	742
M24.00	742
M24.01	742
M24.02	742
M24.03	742
M24.04	742
M24.05	742
M24.06	742
M24.07	742
M24.08	742
M24.09	742
M24.1	742
M24.10	742
M24.11	742
M24.12	742
M24.13	742
M24.14	742
M24.15	742
M24.16	742
M24.17	742
M24.18	742
M24.19	742
M24.3	742
M24.30	742
M24.31	742
M24.32	742
M24.33	742
M24.34	742
M24.35	742
M24.36	742
M24.37	742
M24.38	742
M24.39	742
M24.4	742
M24.40	742
M24.41	742
M24.42	742
M24.43	742
M24.44	742
M24.45	742
M24.46	742
M24.47	742
M24.48	742
M24.49	742
M24.7	742
M24.70	742
M24.71	742
M24.72	742
M24.73	742
M24.74	742
M24.75	742
M24.76	742
M24.77	742
M24.78	742
M24.79	742
M24.9	742
M24.90	742
M24.91	742
M24.92	742
M24.93	742
M24.94	742
M24.95	742
M24.96	742
M24.97	742
M24.98	742
M24.99	742
M25.2	742
M25.20	742
M25.21	742
M25.22	742
M25.23	742
M25.24	742
M25.25	742
M25.26	742
M25.27	742
M25.28	742
M25.29	742
M25.3	742
M25.30	742
M25.31	742
M25.32	742
M25.33	742
M25.34	742
M25.35	742
M25.36	742
M25.37	742
M25.38	742
M25.39	742
M53.3	742
M53.30	742
M53.31	742
M53.32	742
M53.33	742
M53.34	742
M53.35	742
M53.36	742
M53.37	742
M53.38	742
M53.39	742
M53.8	742
M53.80	742
M53.81	742
M53.82	742
M53.83	742
M53.84	742
M53.85	742
M53.86	742
M53.87	742
M53.88	742
M53.89	742
M53.9	742
M53.90	742
M53.91	742
M53.92	742
M53.93	742
M53.94	742
M53.95	742
M53.96	742
M53.97	742
M53.98	742
M53.99	742
M94.9	742
M94.90	742
M94.91	742
M94.92	742
M94.93	742
M94.94	742
M94.95	742
M94.96	742
M94.97	742
M94.98	742
M94.99	742
M24.0	742.1
M24.00	742.1
M24.01	742.1
M24.02	742.1
M24.03	742.1
M24.04	742.1
M24.05	742.1
M24.06	742.1
M24.07	742.1
M24.08	742.1
M24.09	742.1
M22.0	742.2
M22.1	742.2
M22.10	742.2
M94.9	742.8
M94.90	742.8
M94.91	742.8
M94.92	742.8
M94.93	742.8
M94.94	742.8
M94.95	742.8
M94.96	742.8
M94.97	742.8
M94.98	742.8
M94.99	742.8
M23.5	742.9
M23.50	742.9
M23.51	742.9
M23.52	742.9
M23.53	742.9
M23.54	742.9
M23.55	742.9
M23.56	742.9
M23.57	742.9
M23.59	742.9
M24.1	742.9
M24.10	742.9
M24.11	742.9
M24.12	742.9
M24.13	742.9
M24.14	742.9
M24.15	742.9
M24.16	742.9
M24.17	742.9
M24.18	742.9
M24.19	742.9
M24.3	742.9
M24.30	742.9
M24.31	742.9
M24.32	742.9
M24.33	742.9
M24.34	742.9
M24.35	742.9
M24.36	742.9
M24.37	742.9
M24.38	742.9
M24.39	742.9
M24.4	742.9
M24.40	742.9
M24.41	742.9
M24.42	742.9
M24.43	742.9
M24.44	742.9
M24.45	742.9
M24.46	742.9
M24.47	742.9
M24.48	742.9
M24.49	742.9
M24.9	742.9
M24.90	742.9
M24.91	742.9
M24.92	742.9
M24.93	742.9
M24.94	742.9
M24.95	742.9
M24.96	742.9
M24.97	742.9
M24.98	742.9
M24.99	742.9
M25.2	742.9
M25.20	742.9
M25.21	742.9
M25.22	742.9
M25.23	742.9
M25.24	742.9
M25.25	742.9
M25.26	742.9
M25.27	742.9
M25.28	742.9
M25.29	742.9
M25.3	742.9
M25.30	742.9
M25.31	742.9
M25.32	742.9
M25.33	742.9
M25.34	742.9
M25.35	742.9
M25.36	742.9
M25.37	742.9
M25.38	742.9
M25.39	742.9
M53.3	742.9
M53.30	742.9
M53.31	742.9
M53.32	742.9
M53.33	742.9
M53.34	742.9
M53.35	742.9
M53.36	742.9
M53.37	742.9
M53.38	742.9
M53.39	742.9
M53.8	742.9
M53.80	742.9
M53.81	742.9
M53.82	742.9
M53.83	742.9
M53.84	742.9
M53.85	742.9
M53.86	742.9
M53.87	742.9
M53.88	742.9
M53.89	742.9
M53.9	742.9
M53.90	742.9
M53.91	742.9
M53.92	742.9
M53.93	742.9
M53.94	742.9
M53.95	742.9
M53.96	742.9
M53.97	742.9
M53.98	742.9
M53.99	742.9
M48.4	743
M48.40	743
M48.41	743
M48.42	743
M48.43	743
M48.44	743
M48.45	743
M48.46	743
M48.47	743
M48.48	743
M48.49	743
M48.5	743
M48.50	743
M48.51	743
M48.52	743
M48.53	743
M48.54	743
M48.55	743
M48.56	743
M48.57	743
M48.58	743
M48.59	743
M80.5	743
M80.50	743
M80.51	743
M80.52	743
M80.53	743
M80.54	743
M80.55	743
M80.56	743
M80.57	743
M80.58	743
M80.59	743
M80.8	743
M80.80	743
M80.81	743
M80.82	743
M80.83	743
M80.84	743
M80.85	743
M80.86	743
M80.87	743
M80.88	743
M80.89	743
M81.6	743
M81.60	743
M81.61	743
M81.62	743
M81.63	743
M81.64	743
M81.65	743
M81.66	743
M81.67	743
M81.68	743
M81.69	743
M81.9	743
M81.90	743
M81.91	743
M81.92	743
M81.93	743
M81.94	743
M81.95	743
M81.96	743
M81.97	743
M81.98	743
M81.99	743
M84.4	743
M84.40	743
M84.41	743
M84.42	743
M84.43	743
M84.44	743
M84.45	743
M84.46	743
M84.47	743
M84.48	743
M84.49	743
M85.9	743
M85.90	743
M85.91	743
M85.92	743
M85.93	743
M85.94	743
M85.95	743
M85.96	743
M85.97	743
M85.98	743
M85.99	743
M89.9	743
M89.90	743
M89.91	743
M89.92	743
M89.93	743
M89.94	743
M89.95	743
M89.96	743
M89.97	743
M89.98	743
M89.99	743
M81.6	743.1
M81.60	743.1
M81.61	743.1
M81.62	743.1
M81.63	743.1
M81.64	743.1
M81.65	743.1
M81.66	743.1
M81.67	743.1
M81.68	743.1
M81.69	743.1
M81.9	743.1
M81.90	743.1
M81.91	743.1
M81.92	743.1
M81.93	743.1
M81.94	743.1
M81.95	743.1
M81.96	743.1
M81.97	743.1
M81.98	743.1
M81.99	743.1
M81.6	743.11
M81.60	743.11
M81.61	743.11
M81.62	743.11
M81.63	743.11
M81.64	743.11
M81.65	743.11
M81.66	743.11
M81.67	743.11
M81.68	743.11
M81.69	743.11
M81.9	743.11
M81.90	743.11
M81.91	743.11
M81.92	743.11
M81.93	743.11
M81.94	743.11
M81.95	743.11
M81.96	743.11
M81.97	743.11
M81.98	743.11
M81.99	743.11
M48.5	743.2
M48.50	743.2
M48.51	743.2
M48.52	743.2
M48.53	743.2
M48.54	743.2
M48.55	743.2
M48.56	743.2
M48.57	743.2
M48.58	743.2
M48.59	743.2
M80.5	743.2
M80.50	743.2
M80.51	743.2
M80.52	743.2
M80.53	743.2
M80.54	743.2
M80.55	743.2
M80.56	743.2
M80.57	743.2
M80.58	743.2
M80.59	743.2
M80.8	743.2
M80.80	743.2
M80.81	743.2
M80.82	743.2
M80.83	743.2
M80.84	743.2
M80.85	743.2
M80.86	743.2
M80.87	743.2
M80.88	743.2
M80.89	743.2
M84.4	743.2
M84.40	743.2
M84.41	743.2
M84.42	743.2
M84.43	743.2
M84.44	743.2
M84.45	743.2
M84.46	743.2
M84.47	743.2
M84.48	743.2
M84.49	743.2
M48.5	743.21
M48.50	743.21
M48.51	743.21
M48.52	743.21
M48.53	743.21
M48.54	743.21
M48.55	743.21
M48.56	743.21
M48.57	743.21
M48.58	743.21
M48.59	743.21
M48.4	743.4
M48.40	743.4
M48.41	743.4
M48.42	743.4
M48.43	743.4
M48.44	743.4
M48.45	743.4
M48.46	743.4
M48.47	743.4
M48.48	743.4
M48.49	743.4
M85.9	743.9
M85.90	743.9
M85.91	743.9
M85.92	743.9
M85.93	743.9
M85.94	743.9
M85.95	743.9
M85.96	743.9
M85.97	743.9
M85.98	743.9
M85.99	743.9
M89.9	743.9
M89.90	743.9
M89.91	743.9
M89.92	743.9
M89.93	743.9
M89.94	743.9
M89.95	743.9
M89.96	743.9
M89.97	743.9
M89.98	743.9
M89.99	743.9
M25.5	745
M25.50	745
M25.51	745
M25.52	745
M25.53	745
M25.54	745
M25.55	745
M25.56	745
M25.57	745
M25.58	745
M25.59	745
I35.0	747
P29.3	747
Q20	747
Q20.0	747
Q20.1	747
Q20.2	747
Q20.3	747
Q20.4	747
Q20.5	747
Q20.6	747
Q20.8	747
Q20.9	747
Q21	747
Q21.0	747
Q21.1	747
Q21.2	747
Q21.3	747
Q21.4	747
Q21.8	747
Q21.9	747
Q22	747
Q22.0	747
Q22.1	747
Q22.2	747
Q22.3	747
Q22.4	747
Q22.5	747
Q22.6	747
Q22.8	747
Q22.9	747
Q23	747
Q23.0	747
Q23.1	747
Q23.2	747
Q23.3	747
Q23.4	747
Q23.8	747
Q23.9	747
Q24	747
Q24.0	747
Q24.1	747
Q24.2	747
Q24.3	747
Q24.4	747
Q24.5	747
Q24.6	747
Q24.8	747
Q24.9	747
Q25	747
Q25.0	747
Q25.1	747
Q25.2	747
Q25.3	747
Q25.4	747
Q25.5	747
Q25.6	747
Q25.7	747
Q25.8	747
Q25.9	747
Q26	747
Q26.0	747
Q26.1	747
Q26.2	747
Q26.3	747
Q26.4	747
Q26.5	747
Q26.6	747
Q26.8	747
Q26.9	747
Q27	747
Q27.0	747
Q27.1	747
Q27.2	747
Q27.3	747
Q27.4	747
Q27.8	747
Q27.9	747
Q28	747
Q28.0	747
Q28.1	747
Q28.2	747
Q28.3	747
Q28.8	747
Q28.9	747
I35.0	747.1
Q20	747.1
Q20.0	747.1
Q20.1	747.1
Q20.2	747.1
Q20.3	747.1
Q20.4	747.1
Q20.5	747.1
Q20.6	747.1
Q20.8	747.1
Q20.9	747.1
Q21	747.1
Q21.0	747.1
Q21.1	747.1
Q21.2	747.1
Q21.3	747.1
Q21.4	747.1
Q21.8	747.1
Q21.9	747.1
Q22	747.1
Q22.0	747.1
Q22.1	747.1
Q22.2	747.1
Q22.3	747.1
Q22.4	747.1
Q22.5	747.1
Q22.6	747.1
Q22.8	747.1
Q22.9	747.1
Q23	747.1
Q23.0	747.1
Q23.1	747.1
Q23.2	747.1
Q23.3	747.1
Q23.4	747.1
Q23.8	747.1
Q23.9	747.1
Q24	747.1
Q24.0	747.1
Q24.1	747.1
Q24.2	747.1
Q24.3	747.1
Q24.4	747.1
Q24.5	747.1
Q24.6	747.1
Q24.8	747.1
Q24.9	747.1
Q25	747.1
Q25.0	747.1
Q25.1	747.1
Q25.2	747.1
Q25.3	747.1
Q25.4	747.1
Q25.5	747.1
Q25.6	747.1
Q25.7	747.1
Q25.8	747.1
Q25.9	747.1
Q26	747.1
Q26.0	747.1
Q26.1	747.1
Q26.2	747.1
Q26.3	747.1
Q26.4	747.1
Q26.5	747.1
Q26.6	747.1
Q26.8	747.1
Q26.9	747.1
Q20.0	747.11
Q20.1	747.11
Q20.2	747.11
Q20.3	747.11
Q20.4	747.11
Q20.5	747.11
Q20.6	747.11
Q20.8	747.11
Q21	747.11
Q21.0	747.11
Q21.1	747.11
Q21.2	747.11
Q21.3	747.11
Q21.4	747.11
Q21.8	747.11
Q21.9	747.11
Q24.4	747.11
Q22	747.12
Q22.0	747.12
Q22.1	747.12
Q22.2	747.12
Q22.3	747.12
Q22.4	747.12
Q22.5	747.12
Q22.6	747.12
Q22.8	747.12
Q22.9	747.12
Q23.0	747.12
Q23.1	747.12
Q23.2	747.12
Q23.3	747.12
Q23.4	747.12
Q24.3	747.12
Q25.2	747.12
I35.0	747.13
Q25	747.13
Q25.0	747.13
Q25.1	747.13
Q25.2	747.13
Q25.3	747.13
Q25.4	747.13
Q25.5	747.13
Q25.6	747.13
Q25.7	747.13
Q25.8	747.13
Q25.9	747.13
Q26	747.13
Q26.0	747.13
Q26.1	747.13
Q26.2	747.13
Q26.3	747.13
Q26.4	747.13
Q26.5	747.13
Q26.6	747.13
Q26.8	747.13
Q26.9	747.13
Q26.5	747.2
Q26.6	747.2
Q27	747.2
Q27.0	747.2
Q27.1	747.2
Q27.2	747.2
Q27.3	747.2
Q27.4	747.2
Q27.8	747.2
Q27.9	747.2
Q28.2	747.2
Q28.3	747.2
Q31	748
Q31.0	748
Q31.1	748
Q31.2	748
Q31.3	748
Q31.4	748
Q31.5	748
Q31.8	748
Q31.9	748
Q32	748
Q32.0	748
Q32.1	748
Q32.2	748
Q32.3	748
Q32.4	748
Q33	748
Q33.0	748
Q33.1	748
Q33.2	748
Q33.3	748
Q33.4	748
Q33.5	748
Q33.6	748
Q33.8	748
Q33.9	748
Q34	748
Q34.0	748
Q34.1	748
Q34.8	748
Q34.9	748
Q10	749
Q10.0	749
Q10.1	749
Q10.2	749
Q10.3	749
Q10.4	749
Q10.5	749
Q10.6	749
Q10.7	749
Q16	749
Q16.0	749
Q16.1	749
Q16.2	749
Q16.3	749
Q16.4	749
Q16.5	749
Q16.9	749
Q17	749
Q17.0	749
Q17.1	749
Q17.2	749
Q17.3	749
Q17.4	749
Q17.5	749
Q17.8	749
Q17.9	749
Q18	749
Q18.0	749
Q18.1	749
Q18.2	749
Q18.3	749
Q18.4	749
Q18.5	749
Q18.6	749
Q18.7	749
Q18.8	749
Q18.9	749
Q30	749
Q30.0	749
Q30.1	749
Q30.2	749
Q30.3	749
Q30.8	749
Q30.9	749
Q35	749
Q35.0	749
Q35.1	749
Q35.2	749
Q35.3	749
Q35.4	749
Q35.5	749
Q35.6	749
Q35.7	749
Q35.8	749
Q35.9	749
Q36	749
Q36.0	749
Q36.1	749
Q36.9	749
Q37	749
Q37.0	749
Q37.1	749
Q37.2	749
Q37.3	749
Q37.4	749
Q37.5	749
Q37.8	749
Q37.9	749
Q67.0	749
Q67.1	749
Q67.2	749
Q67.3	749
Q67.4	749
Q68.0	749
Q75	749
Q75.0	749
Q75.1	749
Q75.2	749
Q75.3	749
Q75.4	749
Q75.5	749
Q75.8	749
Q75.9	749
Q87.0	749
Q35	749.1
Q35.0	749.1
Q35.1	749.1
Q35.2	749.1
Q35.3	749.1
Q35.4	749.1
Q35.5	749.1
Q35.6	749.1
Q35.7	749.1
Q35.8	749.1
Q35.9	749.1
Q36	749.1
Q36.0	749.1
Q36.1	749.1
Q36.9	749.1
Q37	749.1
Q37.0	749.1
Q37.1	749.1
Q37.2	749.1
Q37.3	749.1
Q37.4	749.1
Q37.5	749.1
Q37.8	749.1
Q37.9	749.1
Q75	749.2
Q75.0	749.2
Q75.1	749.2
Q75.2	749.2
Q75.3	749.2
Q75.4	749.2
Q75.5	749.2
Q75.8	749.2
Q75.9	749.2
Q87.0	749.2
Q38.0	750
Q38.1	750
Q38.2	750
Q38.3	750
Q38.4	750
Q38.5	750
Q38.6	750
Q38.7	750
Q38.8	750
Q39	750
Q39.0	750
Q39.1	750
Q39.2	750
Q39.3	750
Q39.4	750
Q39.5	750
Q39.6	750
Q39.8	750
Q39.9	750
Q40	750
Q40.0	750
Q40.1	750
Q40.2	750
Q40.3	750
Q40.8	750
Q40.9	750
Q41	750
Q41.0	750
Q41.1	750
Q41.2	750
Q41.8	750
Q41.9	750
Q42	750
Q42.0	750
Q42.1	750
Q42.2	750
Q42.3	750
Q42.8	750
Q42.9	750
Q43	750
Q43.0	750
Q43.1	750
Q43.2	750
Q43.3	750
Q43.4	750
Q43.5	750
Q43.6	750
Q43.7	750
Q43.8	750
Q43.9	750
Q44	750
Q44.0	750
Q44.1	750
Q44.2	750
Q44.3	750
Q44.4	750
Q44.5	750
Q44.6	750
Q44.7	750
Q45	750
Q45.0	750
Q45.1	750
Q45.2	750
Q45.3	750
Q45.8	750
Q45.9	750
Q38.0	750.1
Q38.1	750.1
Q38.2	750.1
Q38.3	750.1
Q38.4	750.1
Q38.5	750.1
Q38.6	750.1
Q38.7	750.1
Q38.8	750.1
Q39	750.1
Q39.0	750.1
Q39.1	750.1
Q39.2	750.1
Q39.3	750.1
Q39.4	750.1
Q39.5	750.1
Q39.6	750.1
Q39.8	750.1
Q39.9	750.1
Q40	750.1
Q40.0	750.1
Q40.1	750.1
Q40.2	750.1
Q40.3	750.1
Q40.8	750.1
Q40.9	750.1
Q39.0	750.11
Q39.1	750.11
Q39.2	750.11
Q39.3	750.11
Q39.4	750.11
Q38.0	750.13
Q38.1	750.13
Q38.2	750.13
Q38.3	750.13
Q38.6	750.13
Q38.7	750.13
Q38.8	750.13
Q39	750.14
Q39.0	750.14
Q39.1	750.14
Q39.2	750.14
Q39.3	750.14
Q39.4	750.14
Q39.5	750.14
Q39.6	750.14
Q39.8	750.14
Q39.9	750.14
Q40.1	750.15
Q40.2	750.15
Q40.3	750.15
Q41	750.2
Q41.0	750.2
Q41.1	750.2
Q41.2	750.2
Q41.8	750.2
Q41.9	750.2
Q42	750.2
Q42.0	750.2
Q42.1	750.2
Q42.2	750.2
Q42.3	750.2
Q42.8	750.2
Q42.9	750.2
Q43	750.2
Q43.0	750.2
Q43.1	750.2
Q43.2	750.2
Q43.3	750.2
Q43.4	750.2
Q43.5	750.2
Q43.6	750.2
Q43.7	750.2
Q43.8	750.2
Q43.9	750.2
Q44	750.2
Q44.0	750.2
Q44.1	750.2
Q44.2	750.2
Q44.3	750.2
Q44.4	750.2
Q44.5	750.2
Q44.6	750.2
Q44.7	750.2
Q45.0	750.2
Q45.1	750.2
Q45.2	750.2
Q45.3	750.2
Q45.8	750.2
Q41	750.21
Q41.0	750.21
Q41.1	750.21
Q41.2	750.21
Q41.8	750.21
Q41.9	750.21
Q42	750.21
Q42.0	750.21
Q42.1	750.21
Q42.2	750.21
Q42.3	750.21
Q42.8	750.21
Q42.9	750.21
Q43	750.21
Q43.0	750.21
Q43.1	750.21
Q43.2	750.21
Q43.3	750.21
Q43.4	750.21
Q43.5	750.21
Q43.6	750.21
Q43.7	750.21
Q43.8	750.21
Q43.9	750.21
Q44	750.22
Q44.0	750.22
Q44.1	750.22
Q44.2	750.22
Q44.3	750.22
Q44.4	750.22
Q44.5	750.22
Q44.6	750.22
Q44.7	750.22
Q45.0	750.22
Q45.1	750.22
Q45.2	750.22
Q45.3	750.22
Q40.0	750.5
Q50.0	751
Q50.1	751
Q50.2	751
Q50.3	751
Q50.4	751
Q50.5	751
Q50.6	751
Q51	751
Q51.0	751
Q51.1	751
Q51.2	751
Q51.3	751
Q51.4	751
Q51.5	751
Q51.6	751
Q51.7	751
Q51.8	751
Q51.9	751
Q52.0	751
Q52.1	751
Q52.2	751
Q52.3	751
Q52.4	751
Q52.5	751
Q52.6	751
Q52.7	751
Q52.8	751
Q52.9	751
Q53	751
Q53.0	751
Q53.1	751
Q53.2	751
Q53.9	751
Q54	751
Q54.0	751
Q54.1	751
Q54.2	751
Q54.3	751
Q54.4	751
Q54.8	751
Q54.9	751
Q55	751
Q55.0	751
Q55.1	751
Q55.2	751
Q55.3	751
Q55.4	751
Q55.5	751
Q55.6	751
Q55.8	751
Q55.9	751
Q56	751
Q56.0	751
Q56.1	751
Q56.2	751
Q56.3	751
Q56.4	751
Q60	751
Q60.0	751
Q60.1	751
Q60.2	751
Q60.3	751
Q60.4	751
Q60.5	751
Q60.6	751
Q61	751
Q61.0	751
Q61.1	751
Q61.2	751
Q61.3	751
Q61.4	751
Q61.5	751
Q61.8	751
Q61.9	751
Q62	751
Q62.0	751
Q62.1	751
Q62.2	751
Q62.3	751
Q62.4	751
Q62.5	751
Q62.6	751
Q62.7	751
Q62.8	751
Q63	751
Q63.0	751
Q63.1	751
Q63.2	751
Q63.3	751
Q63.8	751
Q63.9	751
Q64.0	751
Q64.1	751
Q64.2	751
Q64.3	751
Q64.4	751
Q64.5	751
Q64.6	751
Q64.7	751
Q64.8	751
Q64.9	751
Q50.0	751.1
Q50.1	751.1
Q50.2	751.1
Q50.3	751.1
Q50.4	751.1
Q50.5	751.1
Q50.6	751.1
Q51	751.1
Q51.0	751.1
Q51.1	751.1
Q51.2	751.1
Q51.3	751.1
Q51.4	751.1
Q51.5	751.1
Q51.6	751.1
Q51.7	751.1
Q51.8	751.1
Q51.9	751.1
Q52.0	751.1
Q52.1	751.1
Q52.2	751.1
Q52.3	751.1
Q52.4	751.1
Q52.5	751.1
Q52.6	751.1
Q52.7	751.1
Q52.8	751.1
Q52.9	751.1
Q53	751.1
Q53.0	751.1
Q53.1	751.1
Q53.2	751.1
Q53.9	751.1
Q54	751.1
Q54.0	751.1
Q54.1	751.1
Q54.2	751.1
Q54.3	751.1
Q54.4	751.1
Q54.8	751.1
Q54.9	751.1
Q55	751.1
Q55.0	751.1
Q55.1	751.1
Q55.2	751.1
Q55.3	751.1
Q55.4	751.1
Q55.5	751.1
Q55.6	751.1
Q55.8	751.1
Q55.9	751.1
Q56	751.1
Q56.0	751.1
Q56.1	751.1
Q56.2	751.1
Q56.3	751.1
Q56.4	751.1
Q64.0	751.1
Q50.0	751.11
Q50.1	751.11
Q50.2	751.11
Q50.3	751.11
Q50.4	751.11
Q50.5	751.11
Q50.6	751.11
Q51	751.11
Q51.0	751.11
Q51.1	751.11
Q51.2	751.11
Q51.3	751.11
Q51.4	751.11
Q51.5	751.11
Q51.6	751.11
Q51.7	751.11
Q51.8	751.11
Q51.9	751.11
Q52.0	751.11
Q52.1	751.11
Q52.2	751.11
Q52.3	751.11
Q52.4	751.11
Q52.5	751.11
Q52.6	751.11
Q52.7	751.11
Q52.8	751.11
Q53	751.12
Q53.0	751.12
Q53.1	751.12
Q53.2	751.12
Q53.9	751.12
Q54	751.12
Q54.0	751.12
Q54.1	751.12
Q54.2	751.12
Q54.3	751.12
Q54.4	751.12
Q54.8	751.12
Q54.9	751.12
Q55.5	751.12
Q55.6	751.12
Q64.0	751.12
Q60	751.2
Q60.0	751.2
Q60.1	751.2
Q60.2	751.2
Q60.3	751.2
Q60.4	751.2
Q60.5	751.2
Q60.6	751.2
Q61	751.2
Q61.0	751.2
Q61.1	751.2
Q61.2	751.2
Q61.3	751.2
Q61.4	751.2
Q61.5	751.2
Q61.8	751.2
Q61.9	751.2
Q62.4	751.2
Q62.5	751.2
Q62.6	751.2
Q62.7	751.2
Q62.8	751.2
Q63	751.2
Q63.0	751.2
Q63.1	751.2
Q63.2	751.2
Q63.3	751.2
Q63.8	751.2
Q63.9	751.2
Q64.1	751.2
Q64.2	751.2
Q64.3	751.2
Q64.4	751.2
Q64.5	751.2
Q64.6	751.2
Q64.7	751.2
Q64.8	751.2
Q64.9	751.2
Q61	751.21
Q61.0	751.21
Q61.1	751.21
Q61.2	751.21
Q61.3	751.21
Q61.4	751.21
Q61.5	751.21
Q61.8	751.21
Q61.9	751.21
Q60	751.22
Q60.0	751.22
Q60.1	751.22
Q60.2	751.22
Q60.3	751.22
Q60.4	751.22
Q60.5	751.22
Q60.6	751.22
Q63	751.22
Q63.0	751.22
Q63.1	751.22
Q63.2	751.22
Q63.3	751.22
Q63.8	751.22
Q63.9	751.22
Q62	751.3
Q62.0	751.3
Q62.1	751.3
Q62.2	751.3
Q62.3	751.3
Q62.4	751.3
Q62.5	751.3
Q62.6	751.3
Q62.7	751.3
Q62.8	751.3
G90.1	752
Q00	752
Q00.0	752
Q00.1	752
Q00.2	752
Q01	752
Q01.0	752
Q01.1	752
Q01.2	752
Q01.8	752
Q01.9	752
Q02	752
Q03	752
Q03.0	752
Q03.1	752
Q03.8	752
Q03.9	752
Q04.0	752
Q04.1	752
Q04.2	752
Q04.3	752
Q04.5	752
Q04.6	752
Q04.8	752
Q04.9	752
Q05	752
Q05.0	752
Q05.1	752
Q05.2	752
Q05.3	752
Q05.4	752
Q05.5	752
Q05.6	752
Q05.7	752
Q05.8	752
Q05.9	752
Q06	752
Q06.0	752
Q06.1	752
Q06.2	752
Q06.3	752
Q06.4	752
Q06.8	752
Q06.9	752
Q07	752
Q07.0	752
Q07.8	752
Q07.9	752
Q76.0	752
Q00	752.1
Q00.0	752.1
Q00.1	752.1
Q00.2	752.1
Q01	752.1
Q01.0	752.1
Q01.1	752.1
Q01.2	752.1
Q01.8	752.1
Q01.9	752.1
Q05	752.1
Q05.0	752.1
Q05.1	752.1
Q05.2	752.1
Q05.3	752.1
Q05.4	752.1
Q05.5	752.1
Q05.6	752.1
Q05.7	752.1
Q05.8	752.1
Q05.9	752.1
Q07.0	752.1
Q76.0	752.1
Q05	752.11
Q05.0	752.11
Q05.1	752.11
Q05.2	752.11
Q05.3	752.11
Q05.4	752.11
Q05.5	752.11
Q05.6	752.11
Q05.7	752.11
Q05.8	752.11
Q05.9	752.11
Q07.0	752.11
G90.1	752.2
Q02	752.2
Q03	752.2
Q03.0	752.2
Q03.1	752.2
Q03.8	752.2
Q03.9	752.2
Q04.0	752.2
Q04.1	752.2
Q04.2	752.2
Q04.3	752.2
Q04.5	752.2
Q04.6	752.2
Q04.8	752.2
Q06	752.2
Q06.0	752.2
Q06.1	752.2
Q06.2	752.2
Q06.3	752.2
Q06.4	752.2
Q06.8	752.2
Q06.9	752.2
Q07	752.2
Q07.0	752.2
Q07.8	752.2
Q07.9	752.2
Q11	753
Q11.0	753
Q11.1	753
Q11.2	753
Q11.3	753
Q12	753
Q12.0	753
Q12.1	753
Q12.2	753
Q12.3	753
Q12.4	753
Q12.8	753
Q12.9	753
Q13	753
Q13.0	753
Q13.1	753
Q13.2	753
Q13.3	753
Q13.4	753
Q13.5	753
Q13.8	753
Q13.9	753
Q14	753
Q14.0	753
Q14.1	753
Q14.2	753
Q14.3	753
Q14.8	753
Q14.9	753
Q15	753
Q15.0	753
Q15.8	753
Q15.9	753
Q12	753.1
Q12.0	753.1
Q12.1	753.1
Q12.2	753.1
Q12.3	753.1
Q12.4	753.1
Q12.8	753.1
Q12.9	753.1
Q14	753.2
Q14.0	753.2
Q14.1	753.2
Q14.2	753.2
Q14.3	753.2
Q14.8	753.2
Q14.9	753.2
Q67.5	754
Q76.1	754
Q76.2	754
Q76.4	754
Q76.5	754
Q76.2	754.2
Q65	755
Q65.0	755
Q65.1	755
Q65.2	755
Q65.3	755
Q65.4	755
Q65.5	755
Q65.6	755
Q65.8	755
Q65.9	755
Q66	755
Q66.0	755
Q66.1	755
Q66.2	755
Q66.3	755
Q66.4	755
Q66.5	755
Q66.6	755
Q66.7	755
Q66.8	755
Q66.9	755
Q68.1	755
Q68.2	755
Q68.3	755
Q68.4	755
Q68.5	755
Q69	755
Q69.0	755
Q69.1	755
Q69.2	755
Q69.9	755
Q70	755
Q70.0	755
Q70.1	755
Q70.2	755
Q70.3	755
Q70.4	755
Q70.9	755
Q71	755
Q71.0	755
Q71.1	755
Q71.2	755
Q71.3	755
Q71.4	755
Q71.5	755
Q71.6	755
Q71.8	755
Q71.9	755
Q72	755
Q72.0	755
Q72.1	755
Q72.2	755
Q72.3	755
Q72.4	755
Q72.5	755
Q72.6	755
Q72.7	755
Q72.8	755
Q72.9	755
Q73	755
Q73.0	755
Q73.1	755
Q73.8	755
Q74.0	755
Q74.1	755
Q74.2	755
Q74.8	755
Q74.9	755
Q66	755.1
Q66.0	755.1
Q66.1	755.1
Q66.2	755.1
Q66.3	755.1
Q66.4	755.1
Q66.5	755.1
Q66.6	755.1
Q66.7	755.1
Q66.8	755.1
Q66.9	755.1
Q72.7	755.1
Q69	755.3
Q69.0	755.3
Q69.1	755.3
Q69.2	755.3
Q69.9	755.3
Q70	755.3
Q70.0	755.3
Q70.1	755.3
Q70.2	755.3
Q70.3	755.3
Q70.4	755.3
Q70.9	755.3
Q71.6	755.3
Q68.1	755.4
Q71	755.4
Q71.0	755.4
Q71.1	755.4
Q71.2	755.4
Q71.3	755.4
Q71.4	755.4
Q71.5	755.4
Q71.6	755.4
Q71.8	755.4
Q71.9	755.4
Q73	755.4
Q73.0	755.4
Q73.1	755.4
Q73.8	755.4
Q74.0	755.4
Q65	755.6
Q65.0	755.6
Q65.1	755.6
Q65.2	755.6
Q65.3	755.6
Q65.4	755.6
Q65.5	755.6
Q65.6	755.6
Q65.8	755.6
Q65.9	755.6
Q68.2	755.6
Q68.3	755.6
Q68.4	755.6
Q68.5	755.6
Q72	755.6
Q72.0	755.6
Q72.1	755.6
Q72.2	755.6
Q72.3	755.6
Q72.4	755.6
Q72.5	755.6
Q72.6	755.6
Q72.7	755.6
Q72.8	755.6
Q72.9	755.6
Q74.1	755.6
Q74.2	755.6
Q65	755.61
Q65.0	755.61
Q65.1	755.61
Q65.2	755.61
Q65.3	755.61
Q65.4	755.61
Q65.5	755.61
Q65.6	755.61
Q65.8	755.61
Q65.9	755.61
M89.8	756
M89.80	756
M89.81	756
M89.82	756
M89.83	756
M89.84	756
M89.85	756
M89.86	756
M89.87	756
M89.88	756
M89.89	756
Q67.6	756
Q67.7	756
Q67.8	756
Q68	756
Q68.0	756
Q68.1	756
Q68.2	756
Q68.3	756
Q68.4	756
Q68.5	756
Q68.8	756
Q74.3	756
Q76.6	756
Q76.7	756
Q76.8	756
Q76.9	756
Q77	756
Q77.0	756
Q77.1	756
Q77.2	756
Q77.3	756
Q77.4	756
Q77.5	756
Q77.6	756
Q77.7	756
Q77.8	756
Q77.9	756
Q78.0	756
Q78.1	756
Q78.2	756
Q78.3	756
Q78.4	756
Q78.5	756
Q78.6	756
Q78.8	756
Q78.9	756
Q79.0	756
Q79.1	756
Q79.2	756
Q79.3	756
Q79.4	756
Q79.5	756
Q79.6	756
Q79.8	756
Q79.9	756
Q79.0	756.1
Q79.1	756.1
Q79.2	756.1
Q79.3	756.1
Q79.4	756.1
Q79.5	756.1
Q67.6	756.2
Q67.7	756.2
Q76.6	756.2
Q76.7	756.2
Q76.8	756.2
Q76.9	756.2
Q77.2	756.2
Q67.6	756.21
Q67.7	756.22
Q79.6	756.3
M89.8	756.5
M89.80	756.5
M89.81	756.5
M89.82	756.5
M89.83	756.5
M89.84	756.5
M89.85	756.5
M89.86	756.5
M89.87	756.5
M89.88	756.5
M89.89	756.5
Q77.3	756.5
Q77.6	756.5
Q78.0	756.5
Q78.1	756.5
Q78.2	756.5
Q78.3	756.5
Q78.5	756.5
Q78.6	756.5
Q78.8	756.5
Q78.9	756.5
Q82	757
Q82.0	757
Q82.1	757
Q82.2	757
Q82.3	757
Q82.4	757
Q82.5	757
Q82.8	757
Q82.9	757
Q84	757
Q84.0	757
Q84.1	757
Q84.2	757
Q84.3	757
Q84.4	757
Q84.5	757
Q84.6	757
Q84.8	757
Q84.9	757
Q87.1	758
Q87.4	758
Q90	758
Q90.0	758
Q90.1	758
Q90.2	758
Q90.9	758
Q91.1	758
Q91.2	758
Q91.3	758
Q91.5	758
Q91.6	758
Q91.7	758
Q92	758
Q92.0	758
Q92.1	758
Q92.2	758
Q92.3	758
Q92.4	758
Q92.5	758
Q92.6	758
Q92.7	758
Q92.8	758
Q92.9	758
Q93	758
Q93.0	758
Q93.1	758
Q93.2	758
Q93.3	758
Q93.4	758
Q93.5	758
Q93.6	758
Q93.7	758
Q93.8	758
Q93.9	758
Q95	758
Q95.0	758
Q95.1	758
Q95.2	758
Q95.3	758
Q95.4	758
Q95.5	758
Q95.8	758
Q95.9	758
Q96	758
Q96.0	758
Q96.1	758
Q96.2	758
Q96.3	758
Q96.4	758
Q96.8	758
Q96.9	758
Q97	758
Q97.0	758
Q97.1	758
Q97.2	758
Q97.3	758
Q97.8	758
Q97.9	758
Q98	758
Q98.0	758
Q98.1	758
Q98.2	758
Q98.3	758
Q98.4	758
Q98.5	758
Q98.6	758
Q98.7	758
Q98.8	758
Q98.9	758
Q99.0	758
Q99.1	758
Q99.2	758
Q99.8	758
Q99.9	758
Q90	758.1
Q90.0	758.1
Q90.1	758.1
Q90.2	758.1
Q90.9	758.1
Q91.1	758.1
Q91.2	758.1
Q91.3	758.1
Q91.5	758.1
Q91.6	758.1
Q91.7	758.1
Q92	758.1
Q92.0	758.1
Q92.1	758.1
Q92.2	758.1
Q92.3	758.1
Q92.4	758.1
Q92.5	758.1
Q92.6	758.1
Q92.7	758.1
Q92.8	758.1
Q92.9	758.1
Q93	758.1
Q93.0	758.1
Q93.1	758.1
Q93.2	758.1
Q93.3	758.1
Q93.4	758.1
Q93.5	758.1
Q93.6	758.1
Q93.7	758.1
Q93.8	758.1
Q93.9	758.1
Q95	758.1
Q95.0	758.1
Q95.1	758.1
Q95.2	758.1
Q95.3	758.1
Q95.4	758.1
Q95.5	758.1
Q95.8	758.1
Q95.9	758.1
Q96	758.1
Q96.0	758.1
Q96.1	758.1
Q96.2	758.1
Q96.3	758.1
Q96.4	758.1
Q96.8	758.1
Q96.9	758.1
Q97	758.1
Q97.0	758.1
Q97.1	758.1
Q97.2	758.1
Q97.3	758.1
Q97.8	758.1
Q97.9	758.1
Q98	758.1
Q98.0	758.1
Q98.1	758.1
Q98.2	758.1
Q98.3	758.1
Q98.4	758.1
Q98.5	758.1
Q98.6	758.1
Q98.7	758.1
Q98.8	758.1
Q98.9	758.1
Q99.0	758.1
Q99.1	758.1
Q99.8	758.1
Q99.9	758.1
Q85.1	759
Q85.8	759
Q85.9	759
Q87.2	759
Q87.3	759
Q87.5	759
Q87.8	759
Q89.0	759
Q89.1	759
Q89.2	759
Q89.3	759
Q89.4	759
Q89.7	759
Q89.8	759
Q89.9	759
Q89.1	759.1
Q89.2	759.1
M54	760
M54.0	760
M54.00	760
M54.01	760
M54.02	760
M54.03	760
M54.04	760
M54.05	760
M54.06	760
M54.07	760
M54.08	760
M54.09	760
M54.1	760
M54.10	760
M54.11	760
M54.12	760
M54.13	760
M54.14	760
M54.15	760
M54.16	760
M54.17	760
M54.18	760
M54.19	760
M54.2	760
M54.20	760
M54.21	760
M54.22	760
M54.23	760
M54.24	760
M54.25	760
M54.26	760
M54.27	760
M54.28	760
M54.29	760
M54.3	760
M54.30	760
M54.31	760
M54.32	760
M54.33	760
M54.34	760
M54.35	760
M54.36	760
M54.37	760
M54.38	760
M54.39	760
M54.4	760
M54.40	760
M54.41	760
M54.42	760
M54.43	760
M54.44	760
M54.45	760
M54.46	760
M54.47	760
M54.48	760
M54.49	760
M54.5	760
M54.50	760
M54.51	760
M54.52	760
M54.53	760
M54.54	760
M54.55	760
M54.56	760
M54.57	760
M54.58	760
M54.59	760
M54.6	760
M54.60	760
M54.61	760
M54.62	760
M54.63	760
M54.64	760
M54.65	760
M54.66	760
M54.67	760
M54.68	760
M54.69	760
M54.8	760
M54.80	760
M54.81	760
M54.82	760
M54.83	760
M54.84	760
M54.85	760
M54.86	760
M54.87	760
M54.88	760
M54.89	760
M54.9	760
M54.90	760
M54.91	760
M54.92	760
M54.93	760
M54.94	760
M54.95	760
M54.96	760
M54.97	760
M54.98	760
M54.99	760
M54.2	761
M54.20	761
M54.21	761
M54.22	761
M54.23	761
M54.24	761
M54.25	761
M54.26	761
M54.27	761
M54.28	761
M54.29	761
M54.3	764
M54.30	764
M54.31	764
M54.32	764
M54.33	764
M54.34	764
M54.35	764
M54.36	764
M54.37	764
M54.38	764
M54.39	764
M54.4	764
M54.40	764
M54.41	764
M54.42	764
M54.43	764
M54.44	764
M54.45	764
M54.46	764
M54.47	764
M54.48	764
M54.49	764
M50.1	765
M54.1	766
M54.10	766
M54.11	766
M54.12	766
M54.13	766
M54.14	766
M54.15	766
M54.16	766
M54.17	766
M54.18	766
M54.19	766
M79.2	766
M79.20	766
M79.21	766
M79.22	766
M79.23	766
M79.24	766
M79.25	766
M79.26	766
M79.27	766
M79.28	766
M79.29	766
M99.0	769
M99.00	769
M99.01	769
M99.02	769
M99.03	769
M99.04	769
M99.05	769
M99.06	769
M99.07	769
M99.08	769
M99.09	769
M60	770
M60.0	770
M60.00	770
M60.01	770
M60.02	770
M60.03	770
M60.04	770
M60.05	770
M60.06	770
M60.07	770
M60.08	770
M60.09	770
M60.1	770
M60.10	770
M60.11	770
M60.12	770
M60.13	770
M60.14	770
M60.15	770
M60.16	770
M60.17	770
M60.18	770
M60.19	770
M60.2	770
M60.20	770
M60.21	770
M60.22	770
M60.23	770
M60.24	770
M60.25	770
M60.26	770
M60.27	770
M60.28	770
M60.29	770
M60.8	770
M60.80	770
M60.81	770
M60.82	770
M60.83	770
M60.84	770
M60.85	770
M60.86	770
M60.87	770
M60.88	770
M60.89	770
M60.9	770
M60.90	770
M60.91	770
M60.92	770
M60.93	770
M60.94	770
M60.95	770
M60.96	770
M60.97	770
M60.98	770
M60.99	770
M63.3	770
M79.1	770
M79.10	770
M79.11	770
M79.12	770
M79.13	770
M79.14	770
M79.15	770
M79.16	770
M79.17	770
M79.18	770
M79.19	770
R22.3	771
R22.4	771
M79.8	771.1
M79.80	771.1
M79.81	771.1
M79.82	771.1
M79.83	771.1
M79.84	771.1
M79.85	771.1
M79.86	771.1
M79.87	771.1
M79.88	771.1
M79.89	771.1
M35.4	772
M62.2	772
M62.20	772
M62.21	772
M62.22	772
M62.23	772
M62.24	772
M62.25	772
M62.26	772
M62.27	772
M62.28	772
M62.29	772
M62.8	772
M62.80	772
M62.81	772
M62.82	772
M62.83	772
M62.84	772
M62.85	772
M62.86	772
M62.87	772
M62.88	772
M62.89	772
M63	772
M63.0	772
M63.1	772
M63.2	772
M63.3	772
M63.8	772
M72.5	772
M72.50	772
M72.51	772
M72.52	772
M72.53	772
M72.54	772
M72.55	772
M72.56	772
M72.57	772
M72.58	772
M72.59	772
M72.8	772
M72.80	772
M72.81	772
M72.82	772
M72.83	772
M72.84	772
M72.85	772
M72.86	772
M72.87	772
M72.88	772
M72.89	772
M76.3	772
M76.30	772
M76.31	772
M76.32	772
M76.33	772
M76.34	772
M76.35	772
M76.36	772
M76.37	772
M76.38	772
M76.39	772
M62.5	772.1
M62.50	772.1
M62.51	772.1
M62.52	772.1
M62.53	772.1
M62.54	772.1
M62.55	772.1
M62.56	772.1
M62.57	772.1
M62.58	772.1
M62.59	772.1
M79.6	773
M79.60	773
M79.61	773
M79.62	773
M79.63	773
M79.64	773
M79.65	773
M79.66	773
M79.67	773
M79.68	773
M79.69	773
R68.0	780
T68	780
R29.1	781
R29.8	781
R68.3	781
W19	781
W19.0	781
W19.08	781
W19.09	781
W19.1	781
W19.2	781
W19.3	781
W19.4	781
W19.5	781
W19.59	781
W19.6	781
W19.7	781
W19.8	781
W19.81	781
W19.9	781
R29.3	781.2
R60	782.3
R60.0	782.3
R60.1	782.3
R60.9	782.3
R23.1	782.6
R23.2	782.6
R50	783
R50.0	783
R50.1	783
R50.2	783
R50.8	783
R50.9	783
T78.9	783
T88.3	783
K30	785
R10.0	785
R10.1	785
R10.2	785
R10.3	785
R10.4	785
R55	788
R11	789
R70.1	790
R75	790
R77	790
R77.0	790
R77.1	790
R77.2	790
R77.8	790
R77.9	790
R78.1	790
R78.2	790
R78.3	790
R78.4	790
R78.6	790
R78.9	790
R70.0	790.1
E79.0	790.6
R78.7	790.6
R78.8	790.6
R79.0	790.6
R79.8	790.6
R79.9	790.6
R02	791
R93.6	793
R93.7	793
R93.1	793.2
R93.8	793.2
R94.8	794
R57.0	797
R57.1	797
R57.8	797
R57.9	797
R57.0	797.1
G93.3	798
R53	798
G93.3	798.1
S72	800
S72.0	800
S72.00	800
S72.01	800
S72.1	800
S72.10	800
S72.11	800
S72.2	800
S72.20	800
S72.21	800
S72.3	800
S72.30	800
S72.31	800
S72.4	800
S72.40	800
S72.41	800
S72.7	800
S72.70	800
S72.71	800
S72.8	800
S72.80	800
S72.81	800
S72.9	800
S72.90	800
S72.91	800
S82.0	800
S82.00	800
S82.01	800
S82.1	800
S82.10	800
S82.11	800
S82.2	800
S82.20	800
S82.21	800
S82.3	800
S82.30	800
S82.31	800
S82.4	800
S82.40	800
S82.41	800
S82.7	800
S82.70	800
S82.71	800
S82.8	800
S82.80	800
S82.81	800
S82.86	800
S82.9	800
S82.90	800
S82.91	800
T02.3	800
T02.30	800
T02.31	800
T02.5	800
T02.50	800
T02.51	800
T12	800
S72.0	800.1
S72.00	800.1
S72.01	800.1
S72	800.2
S72.0	800.2
S72.00	800.2
S72.01	800.2
S72.1	800.2
S72.10	800.2
S72.11	800.2
S72.2	800.2
S72.20	800.2
S72.21	800.2
S72.3	800.2
S72.30	800.2
S72.31	800.2
S72.4	800.2
S72.40	800.2
S72.41	800.2
S72.7	800.2
S72.70	800.2
S72.71	800.2
S72.8	800.2
S72.80	800.2
S72.81	800.2
S72.9	800.2
S72.90	800.2
S72.91	800.2
S82.1	800.3
S82.10	800.3
S82.11	800.3
S82.2	800.3
S82.20	800.3
S82.21	800.3
S82.3	800.3
S82.30	800.3
S82.31	800.3
S82.4	800.3
S82.40	800.3
S82.41	800.3
S82.0	800.4
S82.00	800.4
S82.01	800.4
S82.5	801
S82.50	801
S82.51	801
S82.6	801
S82.60	801
S82.61	801
S92.0	801
S92.00	801
S92.01	801
S92.1	801
S92.10	801
S92.11	801
S92.2	801
S92.20	801
S92.21	801
S92.3	801
S92.30	801
S92.31	801
S92.4	801
S92.40	801
S92.41	801
S92.7	801
S92.70	801
S92.71	801
S92.9	801
S92.90	801
S92.91	801
S32.3	802
S32.30	802
S32.31	802
S32.4	802
S32.40	802
S32.41	802
S32.5	802
S32.50	802
S32.51	802
S22.4	803
S22.40	803
S22.41	803
S42.0	803
S42.00	803
S42.01	803
S42.1	803
S42.10	803
S42.11	803
S42.2	803
S42.20	803
S42.21	803
S42.3	803
S42.30	803
S42.31	803
S42.4	803
S42.40	803
S42.41	803
S42.7	803
S42.70	803
S42.71	803
S42.9	803
S42.90	803
S42.91	803
S52	803
S52.0	803
S52.00	803
S52.01	803
S52.1	803
S52.10	803
S52.11	803
S52.2	803
S52.20	803
S52.21	803
S52.3	803
S52.30	803
S52.31	803
S52.4	803
S52.40	803
S52.41	803
S52.5	803
S52.50	803
S52.51	803
S52.6	803
S52.60	803
S52.61	803
S52.7	803
S52.70	803
S52.71	803
S52.8	803
S52.80	803
S52.81	803
S52.9	803
S52.90	803
S52.91	803
T02.2	803
T02.20	803
T02.21	803
T02.4	803
T02.40	803
T02.41	803
T10	803
T92.2	803
S42.2	803.1
S42.20	803.1
S42.21	803.1
S42.3	803.1
S42.30	803.1
S42.31	803.1
S42.4	803.1
S42.40	803.1
S42.41	803.1
S42.9	803.1
S42.90	803.1
S42.91	803.1
S52	803.2
S52.0	803.2
S52.00	803.2
S52.01	803.2
S52.1	803.2
S52.10	803.2
S52.11	803.2
S52.2	803.2
S52.20	803.2
S52.21	803.2
S52.3	803.2
S52.30	803.2
S52.31	803.2
S52.4	803.2
S52.40	803.2
S52.41	803.2
S52.5	803.2
S52.50	803.2
S52.51	803.2
S52.6	803.2
S52.60	803.2
S52.61	803.2
S52.7	803.2
S52.70	803.2
S52.71	803.2
S52.8	803.2
S52.80	803.2
S52.81	803.2
S52.9	803.2
S52.90	803.2
S52.91	803.2
S22.4	803.3
S22.40	803.3
S22.41	803.3
S42.0	803.3
S42.00	803.3
S42.01	803.3
S42.1	803.3
S42.10	803.3
S42.11	803.3
S52.6	804
S52.60	804
S52.61	804
S62.0	804
S62.00	804
S62.01	804
S62.1	804
S62.10	804
S62.11	804
S62.2	804
S62.20	804
S62.21	804
S62.3	804
S62.30	804
S62.31	804
S62.4	804
S62.40	804
S62.41	804
S62.5	804
S62.50	804
S62.51	804
S62.6	804
S62.60	804
S62.61	804
S62.7	804
S62.70	804
S62.71	804
S62.8	804
S62.80	804
S62.81	804
M49.5	805
M49.50	805
M49.51	805
M49.52	805
M49.53	805
M49.54	805
M49.55	805
M49.56	805
M49.57	805
M49.58	805
M49.59	805
S12	805
S12.0	805
S12.00	805
S12.01	805
S12.1	805
S12.10	805
S12.11	805
S12.2	805
S12.20	805
S12.21	805
S12.7	805
S12.70	805
S12.71	805
S12.8	805
S12.80	805
S12.81	805
S12.9	805
S12.90	805
S12.91	805
S22.0	805
S22.00	805
S22.01	805
S22.2	805
S22.20	805
S22.21	805
S22.9	805
S22.90	805
S22.91	805
S32.0	805
S32.00	805
S32.01	805
S32.1	805
S32.10	805
S32.11	805
S32.2	805
S32.20	805
S32.21	805
T02.0	805
T02.00	805
T02.01	805
T91.1	805
S22.3	807
S22.30	807
S22.31	807
S22.1	809
S22.10	809
S22.11	809
S22.5	809
S22.50	809
S22.51	809
Z09.4	809
Z54.4	809
S06.0	817
S06.00	817
S06.01	817
S06.5	818
S06.50	818
S06.51	818
S06.6	818
S06.60	818
S06.61	818
S02	819
S02.0	819
S02.00	819
S02.01	819
S02.1	819
S02.10	819
S02.11	819
S02.2	819
S02.20	819
S02.21	819
S02.3	819
S02.30	819
S02.31	819
S02.4	819
S02.40	819
S02.41	819
S02.5	819
S02.50	819
S02.51	819
S02.6	819
S02.60	819
S02.61	819
S02.7	819
S02.70	819
S02.71	819
S02.8	819
S02.80	819
S02.81	819
S02.9	819
S02.90	819
S02.91	819
S06	819
S06.0	819
S06.00	819
S06.01	819
S06.1	819
S06.10	819
S06.11	819
S06.2	819
S06.20	819
S06.21	819
S06.3	819
S06.30	819
S06.31	819
S06.4	819
S06.40	819
S06.41	819
S06.5	819
S06.50	819
S06.51	819
S06.6	819
S06.60	819
S06.61	819
S06.7	819
S06.70	819
S06.71	819
S06.8	819
S06.80	819
S06.81	819
S06.9	819
S06.90	819
S06.91	819
S07.1	819
T06.0	819
T90.2	819
T90.4	819
T90.5	819
T90.9	819
M99.1	830
M99.10	830
M99.11	830
M99.12	830
M99.13	830
M99.14	830
M99.15	830
M99.16	830
M99.17	830
M99.18	830
M99.19	830
S03.0	830
S03.1	830
S03.2	830
S13.0	830
S13.1	830
S13.2	830
S23.0	830
S23.1	830
S23.2	830
S33.0	830
S33.1	830
S33.2	830
S33.3	830
S33.4	830
S43.0	830
S43.1	830
S43.2	830
S43.3	830
S53.0	830
S53.1	830
S53.10	830
S53.11	830
S63.0	830
S63.1	830
S63.11	830
S63.2	830
S73.0	830
S83.0	830
S83.1	830
S83.2	830
S83.3	830
S93.0	830
S93.1	830
S93.3	830
T03.0	830
T03.1	830
T03.2	830
T03.3	830
T92.3	830
T93.3	830
M22	835
M22.0	835
M22.1	835
M22.10	835
M22.2	835
M22.3	835
M22.4	835
M22.8	835
M22.9	835
M23	835
M23.0	835
M23.00	835
M23.01	835
M23.02	835
M23.03	835
M23.04	835
M23.05	835
M23.06	835
M23.07	835
M23.09	835
M23.1	835
M23.10	835
M23.11	835
M23.12	835
M23.13	835
M23.14	835
M23.15	835
M23.16	835
M23.17	835
M23.19	835
M23.2	835
M23.20	835
M23.21	835
M23.22	835
M23.23	835
M23.24	835
M23.25	835
M23.26	835
M23.27	835
M23.29	835
M23.3	835
M23.30	835
M23.31	835
M23.32	835
M23.33	835
M23.34	835
M23.35	835
M23.36	835
M23.37	835
M23.39	835
M23.4	835
M23.40	835
M23.41	835
M23.42	835
M23.43	835
M23.44	835
M23.45	835
M23.46	835
M23.47	835
M23.49	835
M23.5	835
M23.50	835
M23.51	835
M23.52	835
M23.53	835
M23.54	835
M23.55	835
M23.56	835
M23.57	835
M23.59	835
M23.6	835
M23.60	835
M23.61	835
M23.62	835
M23.63	835
M23.64	835
M23.65	835
M23.66	835
M23.67	835
M23.69	835
M23.8	835
M23.80	835
M23.81	835
M23.82	835
M23.83	835
M23.84	835
M23.85	835
M23.86	835
M23.87	835
M23.89	835
M23.9	835
M23.90	835
M23.91	835
M23.92	835
M23.93	835
M23.94	835
M23.95	835
M23.96	835
M23.97	835
M23.99	835
M12.5	836
M12.50	836
M12.51	836
M12.52	836
M12.53	836
M12.54	836
M12.55	836
M12.56	836
M12.57	836
M12.58	836
M12.59	836
M16.4	836
M16.5	836
M17.2	836
M17.3	836
M18.2	836
M18.3	836
M19.1	836
M19.10	836
M19.11	836
M19.12	836
M19.13	836
M19.14	836
M19.15	836
M19.16	836
M19.17	836
M19.18	836
M19.19	836
S53.2	840
S53.3	840
S63.3	840
S63.4	840
S63.5	840
S63.6	840
S63.7	840
S53.2	840.3
S53.3	840.3
T81.0	850
T86.8	851
T87.0	851
T87.1	851
T87.2	851
Y83	851
Y83.0	851
Y83.1	851
Y83.2	851
Y83.3	851
Y83.4	851
Y83.5	851
Y83.6	851
Y83.8	851
Y83.9	851
K91.4	853
T82	854
T82.0	854
T82.1	854
T82.2	854
T82.3	854
T82.4	854
T82.5	854
T82.6	854
T82.7	854
T82.8	854
T82.9	854
O26.3	857
T83	857
T83.0	857
T83.1	857
T83.2	857
T83.3	857
T83.4	857
T83.5	857
T83.6	857
T83.8	857
T83.9	857
M96.0	858
M96.6	858
M96.63	858
M96.65	858
T84	858
T84.0	858
T84.1	858
T84.2	858
T84.3	858
T84.4	858
T84.5	858
T84.6	858
T84.7	858
T84.8	858
T84.9	858
T84.8	859
T85	859
T85.0	859
T85.1	859
T85.2	859
T85.3	859
T85.4	859
T85.5	859
T85.6	859
T85.7	859
T85.8	859
T85.9	859
T86.0	860
S01	870
S01.0	870
S01.1	870
S01.2	870
S01.3	870
S01.4	870
S01.5	870
S01.7	870
S01.8	870
S01.9	870
S05.2	870
S05.3	870
S05.6	870
S05.7	870
S08.0	870
S10.8	870
S11	870
S11.0	870
S11.1	870
S11.2	870
S11.7	870
S11.8	870
S11.9	870
S12.7	870
S12.70	870
S12.71	870
S13.6	870
S18	870
S21	870
S21.0	870
S21.1	870
S21.2	870
S21.7	870
S21.8	870
S21.9	870
S31.0	870
S31.1	870
S31.2	870
S31.3	870
S31.4	870
S31.5	870
S38.2	870
S71.7	870
S71.8	870
T01.0	870
T01.1	870
S05.2	870.1
S05.3	870.1
S05.6	870.1
S05.7	870.1
S01.3	870.2
S01	870.3
S01.0	870.3
S01.1	870.3
S01.2	870.3
S01.3	870.3
S01.4	870.3
S01.5	870.3
S01.7	870.3
S01.8	870.3
S01.9	870.3
S08.0	870.3
S01.2	870.4
S10.8	870.6
S11	870.6
S11.0	870.6
S11.1	870.6
S11.2	870.6
S11.7	870.6
S11.8	870.6
S11.9	870.6
S12.7	870.6
S12.70	870.6
S12.71	870.6
S13.6	870.6
S18	870.6
T01.0	870.6
S31.2	870.8
S31.3	870.8
S31.4	870.8
S31.5	870.8
S38.2	870.8
S41	871
S41.0	871
S41.1	871
S41.7	871
S41.8	871
S51	871
S51.0	871
S51.7	871
S51.8	871
S51.9	871
S61.0	871
S61.1	871
S61.7	871
S61.8	871
S61.9	871
S71	871
S71.0	871
S71.1	871
S71.7	871
S71.8	871
S81	871
S81.0	871
S81.7	871
S81.8	871
S81.9	871
S91.1	871
S91.2	871
S91.3	871
S98.2	871
S91.3	871.3
S91.1	871.4
S91.2	871.4
S98.2	871.4
S08.1	872
S08.8	872
S48	872
S48.0	872
S48.1	872
S48.9	872
S58	872
S58.0	872
S58.1	872
S58.9	872
S68	872
S68.0	872
S68.1	872
S68.2	872
S68.3	872
S68.4	872
S68.8	872
S68.9	872
S78	872
S78.0	872
S78.1	872
S78.9	872
S88	872
S88.0	872
S88.1	872
S88.9	872
S98	872
S98.0	872
S98.1	872
S98.2	872
S98.3	872
S98.4	872
T13.6	872
T87	874
T87.0	874
T87.1	874
T87.2	874
T87.3	874
T87.4	874
T87.5	874
T87.6	874
S04	907
S04.0	907
S04.1	907
S04.2	907
S04.3	907
S04.4	907
S04.5	907
S04.6	907
S04.7	907
S04.8	907
S04.9	907
S14.2	907
S14.3	907
S14.5	907
S14.6	907
S24.2	907
S24.4	907
S34.1	907
S34.4	907
S44	907
S44.0	907
S44.1	907
S44.2	907
S44.3	907
S44.4	907
S44.5	907
S44.7	907
S44.8	907
S44.9	907
S54	907
S54.0	907
S54.1	907
S54.2	907
S54.20	907
S54.3	907
S54.7	907
S54.8	907
S54.9	907
S64	907
S64.0	907
S64.1	907
S64.2	907
S64.3	907
S64.4	907
S64.7	907
S64.8	907
S64.9	907
S74	907
S74.0	907
S74.1	907
S74.2	907
S74.7	907
S74.8	907
S74.9	907
S84	907
S84.0	907
S84.1	907
S84.2	907
S84.7	907
S84.8	907
S84.9	907
S94	907
S94.0	907
S94.1	907
S94.2	907
S94.3	907
S94.7	907
S94.8	907
S94.9	907
T09.3	907
T90.3	907
T91.3	907
T92.4	907
T93.4	907
T63.0	913
T63.1	913
T63.3	913
T63.4	913
T63.6	913
T63.8	913
T63.9	913
S00	915
S00.0	915
S00.1	915
S00.2	915
S00.3	915
S00.4	915
S00.5	915
S00.7	915
S00.8	915
S00.9	915
S05.8	915
S05.9	915
S10	915
S10.0	915
S10.1	915
S10.7	915
S10.8	915
S10.9	915
S20.1	915
S20.3	915
S20.4	915
S20.7	915
S30.7	915
S30.8	915
S30.9	915
S32.8	915
S32.80	915
S32.81	915
S35.8	915
S35.9	915
S38.1	915
S39.7	915
S39.8	915
S40	915
S40.0	915
S40.7	915
S40.8	915
S40.9	915
S50	915
S50.0	915
S50.1	915
S50.7	915
S50.8	915
S50.9	915
S60.7	915
S60.8	915
S60.9	915
S70	915
S70.0	915
S70.1	915
S70.7	915
S70.8	915
S70.9	915
S80	915
S80.0	915
S80.1	915
S80.7	915
S80.8	915
S80.9	915
S90.7	915
S90.8	915
S90.9	915
T00	915
T00.0	915
T00.1	915
T00.2	915
T00.3	915
T00.6	915
T00.8	915
T00.9	915
T09.5	915
T14.0	915
S00.1	916
S05.0	916
S05.1	916
S10.0	916
S20.0	916
S20.2	916
S30.0	916
S30.1	916
S30.2	916
S40.0	916
S50.0	916
S60.0	916
S60.1	916
S60.2	916
S70.0	916
S70.1	916
S80.0	916
S80.1	916
S90.0	916
S90.1	916
S90.2	916
L23.6	930
L24.6	930
L25.4	930
L27.2	930
T78.0	930
T78.1	930
L23.7	931
L24.7	931
L25.5	931
L55	938
L55.0	938
L55.1	938
L55.2	938
L55.8	938
L55.9	938
L56.0	938
L56.1	938
L56.2	938
L56.3	938
L56.4	938
L56.8	938
L56.9	938
L57	938
L57.0	938
L57.1	938
L57.2	938
L57.3	938
L57.4	938
L57.5	938
L57.8	938
L57.9	938
L58	938
L58.0	938
L58.1	938
L58.9	938
L59	938
L59.0	938
L59.8	938
L59.9	938
L55	938.1
L55.0	938.1
L55.1	938.1
L55.2	938.1
L55.8	938.1
L55.9	938.1
L56.0	938.1
L56.1	938.1
L56.2	938.1
L56.3	938.1
L57	938.2
L57.0	938.2
L57.1	938.2
L57.2	938.2
L57.3	938.2
L57.4	938.2
L57.5	938.2
L57.8	938.2
L57.9	938.2
L20	939
L20.0	939
L20.8	939
L20.9	939
L23	939
L23.0	939
L23.1	939
L23.2	939
L23.3	939
L23.4	939
L23.5	939
L23.6	939
L23.7	939
L23.8	939
L23.9	939
L24	939
L24.0	939
L24.1	939
L24.2	939
L24.3	939
L24.4	939
L24.5	939
L24.6	939
L24.7	939
L24.8	939
L24.9	939
L25	939
L25.0	939
L25.1	939
L25.2	939
L25.3	939
L25.4	939
L25.5	939
L25.8	939
L25.9	939
L27	939
L27.0	939
L27.1	939
L27.2	939
L27.8	939
L27.9	939
L30.0	939
L30.2	939
L30.8	939
L30.9	939
T80.5	941
Y58	941
Y58.0	941
Y58.1	941
Y58.2	941
Y58.3	941
Y58.4	941
Y58.5	941
Y58.6	941
Y58.8	941
Y58.9	941
Y59	941
Y59.0	941
Y59.1	941
Y59.2	941
Y59.3	941
Y59.8	941
Y59.9	941
Z88.7	941
T80.3	942
T80.4	942
Y44.6	942
Y65.0	942
T78.2	946
T78.3	946
T88.6	946
L50	947
L50.0	947
L50.1	947
L50.2	947
L50.3	947
L50.4	947
L50.5	947
L50.6	947
L50.8	947
L50.9	947
T78.4	949
T78.8	949
L22	949.1
S14	952
S14.0	952
S14.1	952
S14.2	952
S14.3	952
S14.4	952
S14.5	952
S14.6	952
S24	952
S24.0	952
S24.1	952
S24.2	952
S24.3	952
S24.4	952
S24.5	952
S24.6	952
S34.0	952
S34.2	952
S34.3	952
S34.5	952
T79	958
T79.0	958
T79.1	958
T79.2	958
T79.3	958
T79.4	958
T79.5	958
T79.6	958
T79.7	958
T79.8	958
T79.9	958
T81.1	958
T81.1	958.1
T79.7	958.2
T36	960
T36.0	960
T36.1	960
T36.2	960
T36.3	960
T36.4	960
T36.5	960
T36.6	960
T36.7	960
T36.8	960
T36.9	960
T37.1	960
Y40.0	960
Y40.2	960
Z88.0	960
Z88.1	960
Y40.2	960.1
T36.0	960.2
Y40.0	960.2
Z88.0	960.2
T37.2	961
T37.3	961
T37.4	961
T37.5	961
T37.8	961
Y41.2	961
Y41.3	961
Y41.4	961
Y41.5	961
Z88.3	961
T37.0	961.1
Y41.0	961.1
Z88.2	961.1
T38.0	962
T38.1	962
T38.2	962
T38.3	962
T38.4	962
T38.5	962
T38.6	962
T38.7	962
T38.8	962
T38.9	962
T50.0	962
Y42.2	962
Y42.7	962
Y42.8	962
T38.8	962.3
T38.9	962.3
T50.0	962.3
Y42.7	962.3
Y42.8	962.3
T45.0	963
T45.1	963
T45.2	963
T45.3	963
T45.7	963
T45.8	963
T45.9	963
Y43	963
Y43.0	963
Y43.1	963
Y43.2	963
Y43.3	963
Y43.4	963
Y43.5	963
Y43.6	963
Y43.8	963
Y43.9	963
T45.1	963.1
T45.4	964
T45.5	964
T45.6	964
Y44	964
Y44.0	964
Y44.1	964
Y44.2	964
Y44.3	964
Y44.4	964
Y44.5	964
Y44.6	964
Y44.7	964
Y44.9	964
T45.5	964.1
Y44.2	964.1
T39	965
T39.0	965
T39.1	965
T39.2	965
T39.3	965
T39.4	965
T39.8	965
T39.9	965
Y45.1	965
Z88.6	965
Z88.5	965.1
T39.0	965.3
Y45.1	965.3
T42.0	966
T42.1	966
T42.2	966
T42.5	966
T42.6	966
T42.7	966
T42.8	966
Y46	966
Y46.0	966
Y46.1	966
Y46.2	966
Y46.3	966
Y46.4	966
Y46.5	966
Y46.6	966
Y46.7	966
Y46.8	966
G97.1	967
T41.0	967
T41.1	967
T41.2	967
T41.3	967
T41.4	967
T41.5	967
T42.3	967
T88.2	967
Y46.3	967
Y47.3	967
Y47.4	967
Y48.2	967
Y48.3	967
Z88.4	967
T40.0	969
T40.2	969
T40.4	969
T40.5	969
T40.6	969
T40.7	969
T40.8	969
T40.9	969
T42.4	969
T43.0	969
T43.1	969
T43.2	969
T43.3	969
T43.4	969
T43.5	969
T43.6	969
T43.8	969
T43.9	969
Y49.6	969
Y49.9	969
Y50.0	969
Y50.9	969
Y57.3	969
T44	971
T44.0	971
T44.1	971
T44.2	971
T44.3	971
T44.4	971
T44.5	971
T44.6	971
T44.7	971
T44.8	971
T44.9	971
Y51	971
Y51.0	971
Y51.1	971
Y51.2	971
Y51.3	971
Y51.4	971
Y51.5	971
Y51.6	971
Y51.7	971
Y51.8	971
Y51.9	971
T46	972
T46.0	972
T46.1	972
T46.2	972
T46.3	972
T46.4	972
T46.5	972
T46.6	972
T46.7	972
T46.8	972
T46.9	972
Y52	972
Y52.0	972
Y52.1	972
Y52.2	972
Y52.3	972
Y52.4	972
Y52.5	972
Y52.6	972
Y52.7	972
Y52.8	972
Y52.9	972
T47	973
T47.0	973
T47.1	973
T47.2	973
T47.3	973
T47.4	973
T47.5	973
T47.6	973
T47.7	973
T47.8	973
T47.9	973
Y53	973
Y53.0	973
Y53.1	973
Y53.2	973
Y53.3	973
Y53.4	973
Y53.5	973
Y53.6	973
Y53.7	973
Y53.8	973
Y53.9	973
T50.1	974
T50.2	974
T50.3	974
T50.4	974
Y54.2	974
Y54.5	974
Y54.6	974
T48.0	975
T48.1	975
T48.2	975
T48.3	975
T48.4	975
T48.5	975
T48.6	975
Y55	975
Y55.0	975
Y55.1	975
Y55.2	975
Y55.3	975
Y55.4	975
Y55.5	975
Y55.6	975
Y55.7	975
T49.0	976
T49.1	976
T49.2	976
T49.3	976
T49.4	976
T49.5	976
T49.6	976
T49.7	976
T49.8	976
T49.9	976
Y56.1	976
Y56.2	976
Y56.3	976
Y56.4	976
Y56.7	976
T50.5	979
T50.6	979
T50.7	979
T50.8	979
T50.9	979
T63.2	979
T96	979
Y40.3	979
Y46.4	979
Y53.5	979
Y57.1	979
Y57.4	979
T51	981
T51.0	981
T51.1	981
T51.2	981
T51.3	981
T51.8	981
T51.9	981
T52	981
T52.0	981
T52.1	981
T52.2	981
T52.3	981
T52.4	981
T52.8	981
T52.9	981
T53.0	981
T53.2	981
T53.3	981
T53.4	981
T65.4	981
T65.6	981
X45	981
X45.0	981
X45.1	981
X45.2	981
X45.3	981
X45.4	981
X45.5	981
X45.6	981
X45.7	981
X45.8	981
X45.9	981
X45.99	981
T54	983
T54.0	983
T54.1	983
T54.2	983
T54.3	983
T54.9	983
T57.1	983
T56.0	984
T56	985
T56.0	985
T56.1	985
T56.2	985
T56.3	985
T56.4	985
T56.5	985
T56.6	985
T56.7	985
T56.8	985
T56.9	985
T57.0	985
T57.2	985
T58	986
T53.1	987
T59	987
T59.0	987
T59.1	987
T59.2	987
T59.3	987
T59.4	987
T59.5	987
T59.6	987
T59.7	987
T59.8	987
T59.9	987
T61	988
T61.0	988
T61.1	988
T61.2	988
T61.8	988
T61.9	988
T62	988
T62.0	988
T62.1	988
T62.2	988
T62.8	988
T62.9	988
T55	989
T57.3	989
T57.8	989
T60	989
T60.0	989
T60.1	989
T60.2	989
T60.3	989
T60.4	989
T60.8	989
T60.9	989
T64	989
T65	989
T65.0	989
T65.1	989
T65.2	989
T65.3	989
T65.4	989
T65.5	989
T65.6	989
T65.8	989
T65.9	989
K52.0	990
N30.4	990
O35.6	990
T66	990
Y63.2	990
Z92.3	990
A26.7	994
A42.7	994
A26.7	994.2
A42.7	994.2
A15.9	010
A26.0	529.1
A40.1	041.2
A40.2	041.2
A41.9	994.2
A42.7	038
A88.1	079
B00.8	079
B20.2	079
B20.4	071.1
B20.6	480.3
B21.1	202.2
B22.0	071.1
B22.2	071.1
B22.2	798
B23.0	071.1
B23.0	079
B52.0	580.2
C06.8	149
C83.2	202.23
C96.0	202
D05.0	195
D17.3	229
D20.0	215
D20.0	199
D22.3	229
D48.6	174.3
D57.8	200
D57.8	289
D68	286.7
E10.3	250.23
E10.3	250.7
E10.4	250.14
E10.5	443.7
E12.1	260.2
E12.2	260.2
E12.5	249
E12.7	260.2
E14.9	250.2
E43	277
E43	263
E67	278
E88.8	277.5
F32.8	296.1
F48.8	300
F48.8	306
F52.7	605
F63.3	315
F68.0	303
G02.1	117
G04.8	323.8
G40.4	345.11
G55.3	907
H13.8	371
H19.2	360
H22.1	371.1
H81.2	386.2
H95.8	385.5
I01	041.21
I08.1	394.7
I08.1	395.1
I08.2	394.3
I08.2	395.2
I08.8	394
I08.9	420.3
I34.0	394.2
I34.1	411.41
I34.1	394.2
I49.0	427.41
I49.4	427.6
I60.0	433
I63.5	433.21
I73	443.8
J03.0	041.2
J10.0	481
J11.0	481
J11.8	481
J17.2	117
J20.1	041
J20.4	079
J84.8	502
J96.9	509.1
K12.2	681.2
K26	531.3
K56.5	560.4
K71.5	070.4
K74.6	571.51
K80.4	574.2
L03.1	681.5
L03.1	681.6
L26	695.8
L27.0	687.1
L40.1	695.21
L40.9	696.41
M02.0	569.2
M02.2	1011
M02.8	711.2
M05.2	446.3
M12	716.9
M13.9	716.9
M17	716.2
M22.3	742.9
M24.1	742.8
M25.8	741
M40.2	721.8
M40.2	724.9
M43.2	724.9
M49.8	721.8
M50.0	724.9
M50.0	723
M53.2	742.9
M53.9	721.8
M60	359.2
M62.4	772.4
M62.5	728
M65.3	709.7
M65.3	1010
M67.9	727
M67.9	781
M67.9	274.21
M70.1	727.2
M75.1	726.1
M79.8	729
M81.3	569.2
M90.7	195.1
N11.1	586.4
N16.4	580.32
N35.1	592.3
N39.3	599.4
N74.4	090.3
N81.0	597
O26.7	830
O26.7	1009
O43.1	794
O68.0	634
O68.0	655
O68.2	634
O68.2	655
O68.3	634
O68.3	655
O84.0	651
O84.8	634
O84.9	651
P24	656.2
Q07.0	747.1
Q38.4	750.13
Q68.8	755.4
Q79.8	756.3
Q87.0	755.3
R16	579.2
R16.2	579.2
R39.8	599
R52.9	1005
S01.1	870.1
S01.5	870.5
S02.5	873
S03.2	525
S05.0	870.1
S05.0	915
S05.9	916
S05.9	870.1
S06.4	818
S06.8	1009
S10.8	1009
S12.7	1009
S13.6	1009
S14.1	907
S14.4	907
S16	870.6
S16	1009
S20.1	1009
S20.3	1009
S20.4	1009
S21.2	1008
S22.2	807
S22.4	807
S24.1	907
S28.0	1008
S31.1	1008
S31.7	870
S32.1	802
S32.8	1009
S33.3	915
S33.3	1009
S33.7	915
S35.8	1009
S35.9	1009
S38.1	1009
S38.2	872
S39.7	1009
S39.8	1009
S39.9	915
S43.3	1009
S45.8	1009
S45.9	1009
S54.8	351
S56.0	728
S56.0	359.2
S63.4	840.3
S71.0	870
S72.1	800.1
S81.9	1009
S83.3	840
S85.9	1009
S91.0	871
S92.0	800.4
S92.1	801.1
S92.9	801.1
S97.8	1011
T01.9	870.6
T01.9	1008
T02.0	819
T02.9	809
T03	830
T03.4	830
T09.2	915
T09.5	1009
T13.1	871
T36.1	960.1
T36.2	960.1
T36.3	960.1
T36.4	960.1
T38.0	962.3
T38.4	963
T38.5	962.3
T45.8	964
T48.9	975
T59.2	989
T61.1	136
T63.2	913
T63.2	1015
T70.4	1015
T78.3	947
T81.7	854
T82.6	081
T83.5	081
T83.6	081
T86.3	429.1
T90	819
T95.1	1000
T95.3	1000
Y40.3	960.1
Y53.7	979
Y56.1	979
Y56.3	979
Z21	071
Z22.0	1010
Z33	656
Z37.3	634
Z37.5	651
Z37.7	634
Z43.2	1010
Z43.5	599
Z43.6	1010
Z51.1	197
Z72.0	318
Z85.3	174.11
Z86.2	277
Z94.3	510.2
E85	270.3
E85.0	270.3
E85.1	270.3
E85.2	270.3
E85.3	270.3
E85.4	270.3
E85.8	270.3
E85.9	270.3
L99.0	270.3
E10.3	250.2
G40.4	345.1
I01	041.2
I34.1	411.4
I49.0	427.4
K74.6	571.5
L40.1	695.2
M67.9	274.2
N16.4	580.3
Z85.3	174.1
K73	070
K73.0	070
K73.1	070
K73.2	070
K73.8	070
K73.9	070
K75.4	070
K71	070
K71.0	070
K71.1	070
K71.2	070
K71.3	070
K71.4	070
K71.5	070
K71.6	070
K71.7	070
K71.8	070
K71.9	070
K75.2	070
K75.3	070
K75.8	070
K75.9	070
K76.4	070
H06.2	242
R94.6	246
E15	251
E89.4	258
E30.0	259
E30.1	259
E30.8	259
B22.2	260
R64	260
R63.0	260
R63.2	260
E87.4	276
R63.1	276
E80.4	277
E80.5	277
E80.6	277
E80.7	277
R82.2	277
E71.3	277
E75.5	277
E78.8	277
M14.3	277
R76.0	279
R76.8	279
R76.9	279
D59.5	285
D59.6	285
D59.8	285
R82.3	285
O72.3	286
O99.1	286
R23.3	287
I88	289
I88.0	289
I88.1	289
I88.8	289
I88.9	289
L04	289
L04.0	289
L04.1	289
L04.2	289
L04.3	289
L04.8	289
L04.9	289
R59	289
R59.0	289
R59.1	289
R59.9	289
D73	289
D73.0	289
D73.1	289
D73.2	289
D73.3	289
D73.4	289
D73.5	289
D73.8	289
D73.9	289
F06.5	290
F06.6	290
F18.1	290
F18.2	290
F18.5	290
F18.9	290
F19.0	290
F19.1	290
F19.2	290
F19.3	290
F19.4	290
F19.5	290
F19.8	290
F19.9	290
F62.0	290
R22.0	293
R22.1	293
R90.0	293
F44	303
F44.0	303
F44.1	303
F44.3	303
F44.7	303
F44.8	303
F44.9	303
F48.1	303
F50	305
F50.0	305
F50.1	305
F50.2	305
F50.3	305
F50.4	305
F50.5	305
F50.8	305
F50.9	305
F98.3	305
F81.0	315
F81.1	315
F81.2	315
F81.8	315
F81.9	315
R93.0	346
R83	346
R83.0	346
R83.1	346
R83.2	346
R83.3	346
R83.4	346
R83.5	346
R83.6	346
R83.7	346
R83.8	346
R83.9	346
E03.5	348
R40.2	348
G93.8	348
G93.9	348
R43	350
R43.0	350
R43.1	350
R43.2	350
R43.8	350
H17	364
H17.0	364
H17.1	364
H17.8	364
H17.9	364
H57.1	379
H60	380
H60.0	380
H60.1	380
H60.2	380
H60.3	380
H60.4	380
H60.5	380
H60.8	380
H60.9	380
H62	380
H62.0	380
H62.1	380
H62.2	380
H62.3	380
H62.4	380
R42	386
R07.2	418
I97.0	429
Z94.1	429
Z94.3	429
T86.3	510
Z94.2	510
R94.2	514
R12	530
Z94.4	573
R16	573
R16.0	573
R16.1	573
R16.2	573
R17	573
R94.5	573
R74	573
R74.0	573
R74.8	573
R74.9	573
R19.5	579
N99.5	597
N13	599
N13.0	599
N13.1	599
N13.2	599
N13.3	599
N13.4	599
N13.5	599
N13.6	599
N13.7	599
N13.8	599
N13.9	599
R33	599
N60	610
N60.4	610
N60.8	610
N60.9	610
N39.3	624
O23	647
O23.0	647
O23.1	647
O23.2	647
O23.3	647
O23.4	647
O23.5	647
O23.9	647
O86.1	647
O86.2	647
O86.3	647
O85	647
O86.8	647
O88.3	647
O24	649
O24.0	649
O24.1	649
O24.2	649
O24.3	649
O24.4	649
O24.9	649
O34.2	654
O34.8	654
O34.9	654
O65.8	654
O36.0	654
O36.1	654
H60.0	686
L02.0	686
L02.1	686
L02.2	686
L02.3	686
L02.4	686
L02.8	686
L02.9	686
L01	686
L01.0	686
L01.1	686
L05	686
L05.0	686
L05.9	686
L92.8	686
L98.0	686
L88	686
R21	687
R20	687
R20.0	687
R20.1	687
R20.2	687
R20.3	687
R20.8	687
L68	704
L68.0	704
L68.1	704
L68.2	704
L68.3	704
L68.8	704
L68.9	704
R61	705
R61.0	705
R61.1	705
R61.9	705
M61	728
M61.0	728
M61.00	728
M61.01	728
M61.02	728
M61.03	728
M61.04	728
M61.05	728
M61.06	728
M61.07	728
M61.08	728
M61.09	728
M61.1	728
M61.10	728
M61.11	728
M61.12	728
M61.13	728
M61.14	728
M61.15	728
M61.16	728
M61.17	728
M61.18	728
M61.19	728
M61.2	728
M61.20	728
M61.21	728
M61.22	728
M61.23	728
M61.24	728
M61.25	728
M61.26	728
M61.27	728
M61.28	728
M61.29	728
M61.3	728
M61.30	728
M61.31	728
M61.32	728
M61.33	728
M61.34	728
M61.35	728
M61.36	728
M61.37	728
M61.38	728
M61.39	728
M61.4	728
M61.40	728
M61.41	728
M61.42	728
M61.43	728
M61.44	728
M61.45	728
M61.46	728
M61.47	728
M61.48	728
M61.49	728
M61.5	728
M61.50	728
M61.51	728
M61.52	728
M61.53	728
M61.54	728
M61.55	728
M61.56	728
M61.57	728
M61.58	728
M61.59	728
M61.9	728
M61.90	728
M61.91	728
M61.92	728
M61.93	728
M61.94	728
M61.95	728
M61.96	728
M61.97	728
M61.98	728
M61.99	728
M24.2	728
M24.20	728
M24.21	728
M24.22	728
M24.23	728
M24.24	728
M24.25	728
M24.26	728
M24.27	728
M24.28	728
M24.29	728
M35.7	728
M72	728
M72.2	728
M72.20	728
M72.21	728
M72.22	728
M72.23	728
M72.24	728
M72.25	728
M72.26	728
M72.27	728
M72.28	728
M72.29	728
M72.5	728
M72.50	728
M72.51	728
M72.52	728
M72.53	728
M72.54	728
M72.55	728
M72.56	728
M72.57	728
M72.58	728
M72.59	728
M72.6	728
M72.60	728
M72.61	728
M72.62	728
M72.63	728
M72.64	728
M72.65	728
M72.66	728
M72.67	728
M72.68	728
M72.69	728
M72.8	728
M72.80	728
M72.81	728
M72.82	728
M72.83	728
M72.84	728
M72.85	728
M72.86	728
M72.87	728
M72.88	728
M72.89	728
M72.9	728
M72.90	728
M72.91	728
M72.92	728
M72.93	728
M72.94	728
M72.95	728
M72.96	728
M72.97	728
M72.98	728
M72.99	728
M35.6	729
M79.3	729
M79.30	729
M79.31	729
M79.32	729
M79.33	729
M79.34	729
M79.35	729
M79.36	729
M79.37	729
M79.38	729
M79.39	729
M79.4	729
M79.40	729
M79.41	729
M79.42	729
M79.43	729
M79.44	729
M79.45	729
M79.46	729
M79.47	729
M79.48	729
M79.49	729
M87	733
M87.0	733
M87.00	733
M87.01	733
M87.02	733
M87.03	733
M87.04	733
M87.05	733
M87.06	733
M87.07	733
M87.08	733
M87.09	733
M87.1	733
M87.10	733
M87.11	733
M87.12	733
M87.13	733
M87.14	733
M87.15	733
M87.16	733
M87.17	733
M87.18	733
M87.19	733
M87.2	733
M87.20	733
M87.21	733
M87.22	733
M87.23	733
M87.24	733
M87.25	733
M87.26	733
M87.27	733
M87.28	733
M87.29	733
M87.3	733
M87.30	733
M87.31	733
M87.32	733
M87.33	733
M87.34	733
M87.35	733
M87.36	733
M87.37	733
M87.38	733
M87.39	733
M87.8	733
M87.80	733
M87.81	733
M87.82	733
M87.83	733
M87.84	733
M87.85	733
M87.86	733
M87.87	733
M87.88	733
M87.89	733
M87.9	733
M87.90	733
M87.91	733
M87.92	733
M87.93	733
M87.94	733
M87.95	733
M87.96	733
M87.97	733
M87.98	733
M87.99	733
M79.8	771
M79.80	771
M79.81	771
M79.82	771
M79.83	771
M79.84	771
M79.85	771
M79.86	771
M79.87	771
M79.88	771
M79.89	771
M62.5	772
M62.50	772
M62.51	772
M62.52	772
M62.53	772
M62.54	772
M62.55	772
M62.56	772
M62.57	772
M62.58	772
M62.59	772
R29.3	781
R60	782
R60.0	782
R60.1	782
R60.9	782
R23.1	782
R23.2	782
R70.0	790
E79.0	790
R78.7	790
R78.8	790
R79.0	790
R79.8	790
R79.9	790
R93.1	793
R93.8	793
L22	949
T37.0	961
Y41.0	961
Z88.2	961
Z88.5	965
A26.0	529
A40.1	041
A40.2	041
A41.9	994
B20.4	071
B20.6	480
B21.1	202
B22.0	071
B22.2	071
B23.0	071
B52.0	580
E10.5	443
E12.1	260
E12.2	260
E12.7	260
E14.9	250
H22.1	371
H95.8	385
I08.1	395
I08.2	395
I08.9	420
I34.0	394
I34.1	394
I73	443
J03.0	041
K12.2	681
L27.0	687
M02.0	569
M05.2	446
M12	716
M13.9	716
M22.3	742
M40.2	721
M40.2	724
M43.2	724
M49.8	721
M50.0	724
M53.2	742
M53.9	721
M60	359
M62.4	772
M65.3	709
M70.1	727
M81.3	569
M90.7	195
N11.1	586
N35.1	592
N39.3	599
N74.4	090
Q07.0	747
Q68.8	755
Q87.0	755
R16	579
R16.2	579
S05.0	870
S05.9	870
S16	870
S56.0	359
S92.0	800
T01.9	870
T86.3	429
Y40.3	960
Z94.3	510
